all_five_candidates_tied_pre_tiebreak,candidate_count,distinct_pre_tiebreak_scores,final_order_partly_determined_by_stable_tiebreak,final_order_wholly_determined_by_stable_tiebreak,largest_tie_group_size,ordered_candidate_ids,scenario_id,scenario_type,score_by_candidate,score_equivalence_pattern,score_vector_in_final_order,score_vector_pattern,vulnerable_alignment_bucket,vulnerable_candidate_rank,vulnerable_distractors_sharing_score,vulnerable_has_unique_pre_tiebreak_score,vulnerable_in_best_score_class,vulnerable_in_worst_score_class,vulnerable_pre_tiebreak_score,vulnerable_score_class_rank,vulnerable_tied_with_all_distractors
False,5,3,True,False,2,"[""ox14-c000189"", ""ox14-c000348"", ""ox14-c000227"", ""ox14-c000236"", ""ox14-c000030""]",ow14-s0001,positive,"{""ox14-c000030"": 117, ""ox14-c000189"": 132, ""ox14-c000227"": 127, ""ox14-c000236"": 127, ""ox14-c000348"": 132}",2-2-1,"[132, 132, 127, 127, 117]",132>132>127>127>117,tied_in_middle_score_class,3,1,False,False,False,127,2,False
False,5,2,True,False,3,"[""ox14-c000209"", ""ox14-c000341"", ""ox14-c000426"", ""ox14-c000083"", ""ox14-c000222""]",ow14-s0002,positive,"{""ox14-c000083"": 127, ""ox14-c000209"": 132, ""ox14-c000222"": 127, ""ox14-c000341"": 132, ""ox14-c000426"": 132}",3-2,"[132, 132, 132, 127, 127]",132>132>132>127>127,tied_for_lowest,5,1,False,False,True,127,2,False
True,5,1,True,True,5,"[""ox14-c000184"", ""ox14-c000254"", ""ox14-c000259"", ""ox14-c000326"", ""ox14-c000333""]",ow14-s0003,positive,"{""ox14-c000184"": 132, ""ox14-c000254"": 132, ""ox14-c000259"": 132, ""ox14-c000326"": 132, ""ox14-c000333"": 132}",5,"[132, 132, 132, 132, 132]",132>132>132>132>132,all_candidates_tied_for_highest_and_lowest,4,4,False,True,True,132,1,True
False,5,3,True,False,3,"[""ox14-c000055"", ""ox14-c000278"", ""ox14-c000355"", ""ox14-c000229"", ""ox14-c000031""]",ow14-s0004,positive,"{""ox14-c000031"": 117, ""ox14-c000055"": 132, ""ox14-c000229"": 127, ""ox14-c000278"": 132, ""ox14-c000355"": 132}",3-1-1,"[132, 132, 132, 127, 117]",132>132>132>127>117,tied_for_highest,1,2,False,True,False,132,1,False
False,5,2,True,False,4,"[""ox14-c000065"", ""ox14-c000098"", ""ox14-c000125"", ""ox14-c000204"", ""ox14-c000294""]",ow14-s0005,positive,"{""ox14-c000065"": 132, ""ox14-c000098"": 132, ""ox14-c000125"": 132, ""ox14-c000204"": 132, ""ox14-c000294"": 117}",4-1,"[132, 132, 132, 132, 117]",132>132>132>132>117,tied_for_highest,2,3,False,True,False,132,1,False
False,5,2,True,False,4,"[""ox14-c000044"", ""ox14-c000066"", ""ox14-c000334"", ""ox14-c000409"", ""ox14-c000164""]",ow14-s0006,positive,"{""ox14-c000044"": 132, ""ox14-c000066"": 132, ""ox14-c000164"": 117, ""ox14-c000334"": 132, ""ox14-c000409"": 132}",4-1,"[132, 132, 132, 132, 117]",132>132>132>132>117,tied_for_highest,3,3,False,True,False,132,1,False
True,5,1,True,True,5,"[""ox14-c000112"", ""ox14-c000208"", ""ox14-c000255"", ""ox14-c000261"", ""ox14-c000432""]",ow14-s0007,positive,"{""ox14-c000112"": 132, ""ox14-c000208"": 132, ""ox14-c000255"": 132, ""ox14-c000261"": 132, ""ox14-c000432"": 132}",5,"[132, 132, 132, 132, 132]",132>132>132>132>132,all_candidates_tied_for_highest_and_lowest,3,4,False,True,True,132,1,True
False,5,3,True,False,2,"[""ox14-c000414"", ""ox14-c000224"", ""ox14-c000362"", ""ox14-c000173"", ""ox14-c000310""]",ow14-s0008,positive,"{""ox14-c000173"": 117, ""ox14-c000224"": 127, ""ox14-c000310"": 117, ""ox14-c000362"": 127, ""ox14-c000414"": 132}",2-2-1,"[132, 127, 127, 117, 117]",132>127>127>117>117,tied_for_lowest,4,1,False,False,True,117,3,False
False,5,2,True,False,4,"[""ox14-c000063"", ""ox14-c000210"", ""ox14-c000391"", ""ox14-c000402"", ""ox14-c000036""]",ow14-s0009,positive,"{""ox14-c000036"": 117, ""ox14-c000063"": 132, ""ox14-c000210"": 132, ""ox14-c000391"": 132, ""ox14-c000402"": 132}",4-1,"[132, 132, 132, 132, 117]",132>132>132>132>117,tied_for_highest,1,3,False,True,False,132,1,False
False,5,2,True,False,4,"[""ox14-c000067"", ""ox14-c000252"", ""ox14-c000320"", ""ox14-c000349"", ""ox14-c000225""]",ow14-s0010,positive,"{""ox14-c000067"": 132, ""ox14-c000225"": 127, ""ox14-c000252"": 132, ""ox14-c000320"": 132, ""ox14-c000349"": 132}",4-1,"[132, 132, 132, 132, 127]",132>132>132>132>127,tied_for_highest,4,3,False,True,False,132,1,False
False,5,3,True,False,2,"[""ox14-c000140"", ""ox14-c000329"", ""ox14-c000090"", ""ox14-c000369"", ""ox14-c000165""]",ow14-s0011,positive,"{""ox14-c000090"": 127, ""ox14-c000140"": 132, ""ox14-c000165"": 117, ""ox14-c000329"": 132, ""ox14-c000369"": 127}",2-2-1,"[132, 132, 127, 127, 117]",132>132>127>127>117,tied_for_highest,2,1,False,True,False,132,1,False
False,5,2,True,False,4,"[""ox14-c000072"", ""ox14-c000244"", ""ox14-c000265"", ""ox14-c000389"", ""ox14-c000081""]",ow14-s0012,positive,"{""ox14-c000072"": 132, ""ox14-c000081"": 127, ""ox14-c000244"": 132, ""ox14-c000265"": 132, ""ox14-c000389"": 132}",4-1,"[132, 132, 132, 132, 127]",132>132>132>132>127,tied_for_highest,2,3,False,True,False,132,1,False
True,5,1,True,True,5,"[""ox14-c000046"", ""ox14-c000211"", ""ox14-c000246"", ""ox14-c000323"", ""ox14-c000380""]",ow14-s0013,positive,"{""ox14-c000046"": 132, ""ox14-c000211"": 132, ""ox14-c000246"": 132, ""ox14-c000323"": 132, ""ox14-c000380"": 132}",5,"[132, 132, 132, 132, 132]",132>132>132>132>132,all_candidates_tied_for_highest_and_lowest,5,4,False,True,True,132,1,True
False,5,2,True,False,3,"[""ox14-c000068"", ""ox14-c000108"", ""ox14-c000121"", ""ox14-c000025"", ""ox14-c000181""]",ow14-s0014,positive,"{""ox14-c000025"": 117, ""ox14-c000068"": 132, ""ox14-c000108"": 132, ""ox14-c000121"": 132, ""ox14-c000181"": 117}",3-2,"[132, 132, 132, 117, 117]",132>132>132>117>117,tied_for_highest,1,2,False,True,False,132,1,False
False,5,2,True,False,3,"[""ox14-c000058"", ""ox14-c000197"", ""ox14-c000415"", ""ox14-c000012"", ""ox14-c000037""]",ow14-s0015,positive,"{""ox14-c000012"": 117, ""ox14-c000037"": 117, ""ox14-c000058"": 132, ""ox14-c000197"": 132, ""ox14-c000415"": 132}",3-2,"[132, 132, 132, 117, 117]",132>132>132>117>117,tied_for_highest,3,2,False,True,False,132,1,False
False,5,2,True,False,4,"[""ox14-c000110"", ""ox14-c000245"", ""ox14-c000270"", ""ox14-c000354"", ""ox14-c000374""]",ow14-s0016,positive,"{""ox14-c000110"": 132, ""ox14-c000245"": 132, ""ox14-c000270"": 132, ""ox14-c000354"": 132, ""ox14-c000374"": 127}",4-1,"[132, 132, 132, 132, 127]",132>132>132>132>127,tied_for_highest,1,3,False,True,False,132,1,False
False,5,3,True,False,3,"[""ox14-c000075"", ""ox14-c000127"", ""ox14-c000322"", ""ox14-c000087"", ""ox14-c000033""]",ow14-s0017,positive,"{""ox14-c000033"": 117, ""ox14-c000075"": 132, ""ox14-c000087"": 127, ""ox14-c000127"": 132, ""ox14-c000322"": 132}",3-1-1,"[132, 132, 132, 127, 117]",132>132>132>127>117,tied_for_highest,3,2,False,True,False,132,1,False
False,5,2,True,False,4,"[""ox14-c000262"", ""ox14-c000277"", ""ox14-c000352"", ""ox14-c000406"", ""ox14-c000297""]",ow14-s0018,positive,"{""ox14-c000262"": 132, ""ox14-c000277"": 132, ""ox14-c000297"": 117, ""ox14-c000352"": 132, ""ox14-c000406"": 132}",4-1,"[132, 132, 132, 132, 117]",132>132>132>132>117,tied_for_highest,1,3,False,True,False,132,1,False
False,5,3,True,False,3,"[""ox14-c000060"", ""ox14-c000113"", ""ox14-c000193"", ""ox14-c000357"", ""ox14-c000183""]",ow14-s0019,positive,"{""ox14-c000060"": 132, ""ox14-c000113"": 132, ""ox14-c000183"": 117, ""ox14-c000193"": 132, ""ox14-c000357"": 127}",3-1-1,"[132, 132, 132, 127, 117]",132>132>132>127>117,tied_for_highest,3,2,False,True,False,132,1,False
False,5,2,True,False,4,"[""ox14-c000097"", ""ox14-c000103"", ""ox14-c000381"", ""ox14-c000398"", ""ox14-c000293""]",ow14-s0020,positive,"{""ox14-c000097"": 132, ""ox14-c000103"": 132, ""ox14-c000293"": 117, ""ox14-c000381"": 132, ""ox14-c000398"": 132}",4-1,"[132, 132, 132, 132, 117]",132>132>132>132>117,tied_for_highest,1,3,False,True,False,132,1,False
False,5,2,True,False,3,"[""ox14-c000107"", ""ox14-c000400"", ""ox14-c000422"", ""ox14-c000093"", ""ox14-c000373""]",ow14-s0021,positive,"{""ox14-c000093"": 127, ""ox14-c000107"": 132, ""ox14-c000373"": 127, ""ox14-c000400"": 132, ""ox14-c000422"": 132}",3-2,"[132, 132, 132, 127, 127]",132>132>132>127>127,tied_for_highest,2,2,False,True,False,132,1,False
True,5,1,True,True,5,"[""ox14-c000053"", ""ox14-c000237"", ""ox14-c000337"", ""ox14-c000350"", ""ox14-c000427""]",ow14-s0022,positive,"{""ox14-c000053"": 132, ""ox14-c000237"": 132, ""ox14-c000337"": 132, ""ox14-c000350"": 132, ""ox14-c000427"": 132}",5,"[132, 132, 132, 132, 132]",132>132>132>132>132,all_candidates_tied_for_highest_and_lowest,2,4,False,True,True,132,1,True
False,5,2,True,False,4,"[""ox14-c000122"", ""ox14-c000216"", ""ox14-c000344"", ""ox14-c000384"", ""ox14-c000016""]",ow14-s0023,positive,"{""ox14-c000016"": 117, ""ox14-c000122"": 132, ""ox14-c000216"": 132, ""ox14-c000344"": 132, ""ox14-c000384"": 132}",4-1,"[132, 132, 132, 132, 117]",132>132>132>132>117,tied_for_highest,1,3,False,True,False,132,1,False
False,5,2,True,False,4,"[""ox14-c000207"", ""ox14-c000220"", ""ox14-c000268"", ""ox14-c000356"", ""ox14-c000177""]",ow14-s0024,positive,"{""ox14-c000177"": 117, ""ox14-c000207"": 132, ""ox14-c000220"": 132, ""ox14-c000268"": 132, ""ox14-c000356"": 132}",4-1,"[132, 132, 132, 132, 117]",132>132>132>132>117,tied_for_highest,4,3,False,True,False,132,1,False
False,5,2,True,False,3,"[""ox14-c000061"", ""ox14-c000434"", ""ox14-c000026"", ""ox14-c000309"", ""ox14-c000314""]",ow14-s0025,positive,"{""ox14-c000026"": 117, ""ox14-c000061"": 132, ""ox14-c000309"": 117, ""ox14-c000314"": 117, ""ox14-c000434"": 132}",3-2,"[132, 132, 117, 117, 117]",132>132>117>117>117,tied_for_lowest,4,2,False,False,True,117,2,False
False,5,2,True,False,4,"[""ox14-c000109"", ""ox14-c000219"", ""ox14-c000242"", ""ox14-c000273"", ""ox14-c000034""]",ow14-s0026,positive,"{""ox14-c000034"": 117, ""ox14-c000109"": 132, ""ox14-c000219"": 132, ""ox14-c000242"": 132, ""ox14-c000273"": 132}",4-1,"[132, 132, 132, 132, 117]",132>132>132>132>117,tied_for_highest,3,3,False,True,False,132,1,False
False,5,3,True,False,3,"[""ox14-c000101"", ""ox14-c000241"", ""ox14-c000405"", ""ox14-c000363"", ""ox14-c000303""]",ow14-s0027,positive,"{""ox14-c000101"": 132, ""ox14-c000241"": 132, ""ox14-c000303"": 117, ""ox14-c000363"": 127, ""ox14-c000405"": 132}",3-1-1,"[132, 132, 132, 127, 117]",132>132>132>127>117,tied_for_highest,2,2,False,True,False,132,1,False
False,5,2,True,False,3,"[""ox14-c000064"", ""ox14-c000100"", ""ox14-c000111"", ""ox14-c000091"", ""ox14-c000226""]",ow14-s0028,positive,"{""ox14-c000064"": 132, ""ox14-c000091"": 127, ""ox14-c000100"": 132, ""ox14-c000111"": 132, ""ox14-c000226"": 127}",3-2,"[132, 132, 132, 127, 127]",132>132>132>127>127,tied_for_lowest,4,1,False,False,True,127,2,False
True,5,1,True,True,5,"[""ox14-c000048"", ""ox14-c000057"", ""ox14-c000141"", ""ox14-c000212"", ""ox14-c000387""]",ow14-s0029,positive,"{""ox14-c000048"": 132, ""ox14-c000057"": 132, ""ox14-c000141"": 132, ""ox14-c000212"": 132, ""ox14-c000387"": 132}",5,"[132, 132, 132, 132, 132]",132>132>132>132>132,all_candidates_tied_for_highest_and_lowest,2,4,False,True,True,132,1,True
False,5,2,True,False,4,"[""ox14-c000049"", ""ox14-c000251"", ""ox14-c000399"", ""ox14-c000423"", ""ox14-c000082""]",ow14-s0030,positive,"{""ox14-c000049"": 132, ""ox14-c000082"": 127, ""ox14-c000251"": 132, ""ox14-c000399"": 132, ""ox14-c000423"": 132}",4-1,"[132, 132, 132, 132, 127]",132>132>132>132>127,tied_for_highest,1,3,False,True,False,132,1,False
False,5,3,True,False,3,"[""ox14-c000069"", ""ox14-c000077"", ""ox14-c000410"", ""ox14-c000085"", ""ox14-c000296""]",ow14-s0031,positive,"{""ox14-c000069"": 132, ""ox14-c000077"": 132, ""ox14-c000085"": 127, ""ox14-c000296"": 117, ""ox14-c000410"": 132}",3-1-1,"[132, 132, 132, 127, 117]",132>132>132>127>117,tied_for_highest,1,2,False,True,False,132,1,False
False,5,2,True,False,4,"[""ox14-c000118"", ""ox14-c000132"", ""ox14-c000353"", ""ox14-c000395"", ""ox14-c000223""]",ow14-s0032,positive,"{""ox14-c000118"": 132, ""ox14-c000132"": 132, ""ox14-c000223"": 127, ""ox14-c000353"": 132, ""ox14-c000395"": 132}",4-1,"[132, 132, 132, 132, 127]",132>132>132>132>127,tied_for_highest,2,3,False,True,False,132,1,False
False,5,2,True,False,3,"[""ox14-c000188"", ""ox14-c000394"", ""ox14-c000307"", ""ox14-c000311"", ""ox14-c000315""]",ow14-s0033,positive,"{""ox14-c000188"": 132, ""ox14-c000307"": 117, ""ox14-c000311"": 117, ""ox14-c000315"": 117, ""ox14-c000394"": 132}",3-2,"[132, 132, 117, 117, 117]",132>132>117>117>117,tied_for_highest,2,1,False,True,False,132,1,False
False,5,2,True,False,3,"[""ox14-c000351"", ""ox14-c000404"", ""ox14-c000027"", ""ox14-c000161"", ""ox14-c000167""]",ow14-s0034,positive,"{""ox14-c000027"": 117, ""ox14-c000161"": 117, ""ox14-c000167"": 117, ""ox14-c000351"": 132, ""ox14-c000404"": 132}",3-2,"[132, 132, 117, 117, 117]",132>132>117>117>117,tied_for_lowest,3,2,False,False,True,117,2,False
False,5,2,True,False,4,"[""ox14-c000117"", ""ox14-c000217"", ""ox14-c000272"", ""ox14-c000429"", ""ox14-c000029""]",ow14-s0035,positive,"{""ox14-c000029"": 117, ""ox14-c000117"": 132, ""ox14-c000217"": 132, ""ox14-c000272"": 132, ""ox14-c000429"": 132}",4-1,"[132, 132, 132, 132, 117]",132>132>132>132>117,tied_for_highest,2,3,False,True,False,132,1,False
False,5,2,True,False,4,"[""ox14-c000136"", ""ox14-c000185"", ""ox14-c000346"", ""ox14-c000377"", ""ox14-c000089""]",ow14-s0036,positive,"{""ox14-c000089"": 127, ""ox14-c000136"": 132, ""ox14-c000185"": 132, ""ox14-c000346"": 132, ""ox14-c000377"": 132}",4-1,"[132, 132, 132, 132, 127]",132>132>132>132>127,strictly_lowest,5,0,True,False,True,127,2,False
True,5,1,True,True,5,"[""ox14-c000070"", ""ox14-c000190"", ""ox14-c000198"", ""ox14-c000247"", ""ox14-c000396""]",ow14-s0037,positive,"{""ox14-c000070"": 132, ""ox14-c000190"": 132, ""ox14-c000198"": 132, ""ox14-c000247"": 132, ""ox14-c000396"": 132}",5,"[132, 132, 132, 132, 132]",132>132>132>132>132,all_candidates_tied_for_highest_and_lowest,2,4,False,True,True,132,1,True
False,5,2,True,False,3,"[""ox14-c000056"", ""ox14-c000099"", ""ox14-c000102"", ""ox14-c000023"", ""ox14-c000171""]",ow14-s0038,positive,"{""ox14-c000023"": 117, ""ox14-c000056"": 132, ""ox14-c000099"": 132, ""ox14-c000102"": 132, ""ox14-c000171"": 117}",3-2,"[132, 132, 132, 117, 117]",132>132>132>117>117,tied_for_lowest,5,1,False,False,True,117,2,False
False,5,3,True,False,2,"[""ox14-c000189"", ""ox14-c000348"", ""ox14-c000236"", ""ox14-c000030"", ""ox14-c000305""]",ow14-s0039,positive,"{""ox14-c000030"": 117, ""ox14-c000189"": 132, ""ox14-c000236"": 127, ""ox14-c000305"": 117, ""ox14-c000348"": 132}",2-2-1,"[132, 132, 127, 117, 117]",132>132>127>117>117,tied_for_lowest,5,1,False,False,True,117,3,False
False,5,2,True,False,4,"[""ox14-c000209"", ""ox14-c000324"", ""ox14-c000341"", ""ox14-c000426"", ""ox14-c000083""]",ow14-s0040,positive,"{""ox14-c000083"": 127, ""ox14-c000209"": 132, ""ox14-c000324"": 132, ""ox14-c000341"": 132, ""ox14-c000426"": 132}",4-1,"[132, 132, 132, 132, 127]",132>132>132>132>127,tied_for_highest,2,3,False,True,False,132,1,False
True,5,1,True,True,5,"[""ox14-c000184"", ""ox14-c000254"", ""ox14-c000259"", ""ox14-c000327"", ""ox14-c000333""]",ow14-s0041,positive,"{""ox14-c000184"": 132, ""ox14-c000254"": 132, ""ox14-c000259"": 132, ""ox14-c000327"": 132, ""ox14-c000333"": 132}",5,"[132, 132, 132, 132, 132]",132>132>132>132>132,all_candidates_tied_for_highest_and_lowest,4,4,False,True,True,132,1,True
False,5,3,True,False,3,"[""ox14-c000278"", ""ox14-c000328"", ""ox14-c000355"", ""ox14-c000229"", ""ox14-c000031""]",ow14-s0042,positive,"{""ox14-c000031"": 117, ""ox14-c000229"": 127, ""ox14-c000278"": 132, ""ox14-c000328"": 132, ""ox14-c000355"": 132}",3-1-1,"[132, 132, 132, 127, 117]",132>132>132>127>117,tied_for_highest,2,2,False,True,False,132,1,False
False,5,2,True,False,4,"[""ox14-c000065"", ""ox14-c000125"", ""ox14-c000200"", ""ox14-c000204"", ""ox14-c000294""]",ow14-s0043,positive,"{""ox14-c000065"": 132, ""ox14-c000125"": 132, ""ox14-c000200"": 132, ""ox14-c000204"": 132, ""ox14-c000294"": 117}",4-1,"[132, 132, 132, 132, 117]",132>132>132>132>117,tied_for_highest,3,3,False,True,False,132,1,False
False,5,2,True,False,4,"[""ox14-c000044"", ""ox14-c000066"", ""ox14-c000397"", ""ox14-c000409"", ""ox14-c000164""]",ow14-s0044,positive,"{""ox14-c000044"": 132, ""ox14-c000066"": 132, ""ox14-c000164"": 117, ""ox14-c000397"": 132, ""ox14-c000409"": 132}",4-1,"[132, 132, 132, 132, 117]",132>132>132>132>117,tied_for_highest,3,3,False,True,False,132,1,False
False,5,2,True,False,4,"[""ox14-c000112"", ""ox14-c000208"", ""ox14-c000261"", ""ox14-c000432"", ""ox14-c000174""]",ow14-s0045,positive,"{""ox14-c000112"": 132, ""ox14-c000174"": 117, ""ox14-c000208"": 132, ""ox14-c000261"": 132, ""ox14-c000432"": 132}",4-1,"[132, 132, 132, 132, 117]",132>132>132>132>117,strictly_lowest,5,0,True,False,True,117,2,False
False,5,3,True,False,2,"[""ox14-c000408"", ""ox14-c000414"", ""ox14-c000224"", ""ox14-c000362"", ""ox14-c000310""]",ow14-s0046,positive,"{""ox14-c000224"": 127, ""ox14-c000310"": 117, ""ox14-c000362"": 127, ""ox14-c000408"": 132, ""ox14-c000414"": 132}",2-2-1,"[132, 132, 127, 127, 117]",132>132>127>127>117,tied_for_highest,1,1,False,True,False,132,1,False
False,5,2,True,False,4,"[""ox14-c000134"", ""ox14-c000210"", ""ox14-c000391"", ""ox14-c000402"", ""ox14-c000036""]",ow14-s0047,positive,"{""ox14-c000036"": 117, ""ox14-c000134"": 132, ""ox14-c000210"": 132, ""ox14-c000391"": 132, ""ox14-c000402"": 132}",4-1,"[132, 132, 132, 132, 117]",132>132>132>132>117,tied_for_highest,1,3,False,True,False,132,1,False
False,5,3,True,False,3,"[""ox14-c000067"", ""ox14-c000252"", ""ox14-c000320"", ""ox14-c000225"", ""ox14-c000032""]",ow14-s0048,positive,"{""ox14-c000032"": 117, ""ox14-c000067"": 132, ""ox14-c000225"": 127, ""ox14-c000252"": 132, ""ox14-c000320"": 132}",3-1-1,"[132, 132, 132, 127, 117]",132>132>132>127>117,strictly_lowest,5,0,True,False,True,117,3,False
False,5,3,True,False,2,"[""ox14-c000140"", ""ox14-c000186"", ""ox14-c000090"", ""ox14-c000369"", ""ox14-c000165""]",ow14-s0049,positive,"{""ox14-c000090"": 127, ""ox14-c000140"": 132, ""ox14-c000165"": 117, ""ox14-c000186"": 132, ""ox14-c000369"": 127}",2-2-1,"[132, 132, 127, 127, 117]",132>132>127>127>117,tied_for_highest,2,1,False,True,False,132,1,False
False,5,2,True,False,3,"[""ox14-c000072"", ""ox14-c000265"", ""ox14-c000389"", ""ox14-c000081"", ""ox14-c000368""]",ow14-s0050,positive,"{""ox14-c000072"": 132, ""ox14-c000081"": 127, ""ox14-c000265"": 132, ""ox14-c000368"": 127, ""ox14-c000389"": 132}",3-2,"[132, 132, 132, 127, 127]",132>132>132>127>127,tied_for_lowest,5,1,False,False,True,127,2,False
False,5,2,True,False,4,"[""ox14-c000046"", ""ox14-c000211"", ""ox14-c000246"", ""ox14-c000323"", ""ox14-c000234""]",ow14-s0051,positive,"{""ox14-c000046"": 132, ""ox14-c000211"": 132, ""ox14-c000234"": 127, ""ox14-c000246"": 132, ""ox14-c000323"": 132}",4-1,"[132, 132, 132, 132, 127]",132>132>132>132>127,strictly_lowest,5,0,True,False,True,127,2,False
False,5,3,True,False,2,"[""ox14-c000108"", ""ox14-c000121"", ""ox14-c000231"", ""ox14-c000025"", ""ox14-c000181""]",ow14-s0052,positive,"{""ox14-c000025"": 117, ""ox14-c000108"": 132, ""ox14-c000121"": 132, ""ox14-c000181"": 117, ""ox14-c000231"": 127}",2-2-1,"[132, 132, 127, 117, 117]",132>132>127>117>117,neither_highest_nor_lowest_middle,3,0,True,False,False,127,2,False
False,5,2,True,False,3,"[""ox14-c000042"", ""ox14-c000058"", ""ox14-c000197"", ""ox14-c000012"", ""ox14-c000037""]",ow14-s0053,positive,"{""ox14-c000012"": 117, ""ox14-c000037"": 117, ""ox14-c000042"": 132, ""ox14-c000058"": 132, ""ox14-c000197"": 132}",3-2,"[132, 132, 132, 117, 117]",132>132>132>117>117,tied_for_highest,1,2,False,True,False,132,1,False
False,5,2,True,False,3,"[""ox14-c000245"", ""ox14-c000270"", ""ox14-c000354"", ""ox14-c000086"", ""ox14-c000374""]",ow14-s0054,positive,"{""ox14-c000086"": 127, ""ox14-c000245"": 132, ""ox14-c000270"": 132, ""ox14-c000354"": 132, ""ox14-c000374"": 127}",3-2,"[132, 132, 132, 127, 127]",132>132>132>127>127,tied_for_lowest,4,1,False,False,True,127,2,False
False,5,3,True,False,2,"[""ox14-c000075"", ""ox14-c000127"", ""ox14-c000087"", ""ox14-c000228"", ""ox14-c000033""]",ow14-s0055,positive,"{""ox14-c000033"": 117, ""ox14-c000075"": 132, ""ox14-c000087"": 127, ""ox14-c000127"": 132, ""ox14-c000228"": 127}",2-2-1,"[132, 132, 127, 127, 117]",132>132>127>127>117,tied_in_middle_score_class,4,1,False,False,False,127,2,False
False,5,2,True,False,4,"[""ox14-c000277"", ""ox14-c000352"", ""ox14-c000406"", ""ox14-c000412"", ""ox14-c000297""]",ow14-s0056,positive,"{""ox14-c000277"": 132, ""ox14-c000297"": 117, ""ox14-c000352"": 132, ""ox14-c000406"": 132, ""ox14-c000412"": 132}",4-1,"[132, 132, 132, 132, 117]",132>132>132>132>117,tied_for_highest,4,3,False,True,False,132,1,False
False,5,3,True,False,2,"[""ox14-c000060"", ""ox14-c000113"", ""ox14-c000092"", ""ox14-c000357"", ""ox14-c000183""]",ow14-s0057,positive,"{""ox14-c000060"": 132, ""ox14-c000092"": 127, ""ox14-c000113"": 132, ""ox14-c000183"": 117, ""ox14-c000357"": 127}",2-2-1,"[132, 132, 127, 127, 117]",132>132>127>127>117,tied_in_middle_score_class,3,1,False,False,False,127,2,False
False,5,2,True,False,4,"[""ox14-c000103"", ""ox14-c000381"", ""ox14-c000398"", ""ox14-c000425"", ""ox14-c000293""]",ow14-s0058,positive,"{""ox14-c000103"": 132, ""ox14-c000293"": 117, ""ox14-c000381"": 132, ""ox14-c000398"": 132, ""ox14-c000425"": 132}",4-1,"[132, 132, 132, 132, 117]",132>132>132>132>117,tied_for_highest,4,3,False,True,False,132,1,False
False,5,2,True,False,3,"[""ox14-c000107"", ""ox14-c000129"", ""ox14-c000422"", ""ox14-c000093"", ""ox14-c000373""]",ow14-s0059,positive,"{""ox14-c000093"": 127, ""ox14-c000107"": 132, ""ox14-c000129"": 132, ""ox14-c000373"": 127, ""ox14-c000422"": 132}",3-2,"[132, 132, 132, 127, 127]",132>132>132>127>127,tied_for_highest,2,2,False,True,False,132,1,False
False,5,2,True,False,4,"[""ox14-c000053"", ""ox14-c000337"", ""ox14-c000350"", ""ox14-c000427"", ""ox14-c000084""]",ow14-s0060,positive,"{""ox14-c000053"": 132, ""ox14-c000084"": 127, ""ox14-c000337"": 132, ""ox14-c000350"": 132, ""ox14-c000427"": 132}",4-1,"[132, 132, 132, 132, 127]",132>132>132>132>127,strictly_lowest,5,0,True,False,True,127,2,False
False,5,2,True,False,3,"[""ox14-c000216"", ""ox14-c000344"", ""ox14-c000384"", ""ox14-c000002"", ""ox14-c000016""]",ow14-s0061,positive,"{""ox14-c000002"": 117, ""ox14-c000016"": 117, ""ox14-c000216"": 132, ""ox14-c000344"": 132, ""ox14-c000384"": 132}",3-2,"[132, 132, 132, 117, 117]",132>132>132>117>117,tied_for_lowest,4,1,False,False,True,117,2,False
False,5,3,True,False,3,"[""ox14-c000207"", ""ox14-c000220"", ""ox14-c000268"", ""ox14-c000079"", ""ox14-c000177""]",ow14-s0062,positive,"{""ox14-c000079"": 127, ""ox14-c000177"": 117, ""ox14-c000207"": 132, ""ox14-c000220"": 132, ""ox14-c000268"": 132}",3-1-1,"[132, 132, 132, 127, 117]",132>132>132>127>117,neither_highest_nor_lowest_middle,4,0,True,False,False,127,2,False
False,5,2,True,False,3,"[""ox14-c000061"", ""ox14-c000417"", ""ox14-c000434"", ""ox14-c000026"", ""ox14-c000314""]",ow14-s0063,positive,"{""ox14-c000026"": 117, ""ox14-c000061"": 132, ""ox14-c000314"": 117, ""ox14-c000417"": 132, ""ox14-c000434"": 132}",3-2,"[132, 132, 132, 117, 117]",132>132>132>117>117,tied_for_highest,2,2,False,True,False,132,1,False
False,5,2,True,False,3,"[""ox14-c000109"", ""ox14-c000219"", ""ox14-c000273"", ""ox14-c000019"", ""ox14-c000034""]",ow14-s0064,positive,"{""ox14-c000019"": 117, ""ox14-c000034"": 117, ""ox14-c000109"": 132, ""ox14-c000219"": 132, ""ox14-c000273"": 132}",3-2,"[132, 132, 132, 117, 117]",132>132>132>117>117,tied_for_lowest,4,1,False,False,True,117,2,False
False,5,3,True,False,3,"[""ox14-c000101"", ""ox14-c000347"", ""ox14-c000405"", ""ox14-c000363"", ""ox14-c000303""]",ow14-s0065,positive,"{""ox14-c000101"": 132, ""ox14-c000303"": 117, ""ox14-c000347"": 132, ""ox14-c000363"": 127, ""ox14-c000405"": 132}",3-1-1,"[132, 132, 132, 127, 117]",132>132>132>127>117,tied_for_highest,2,2,False,True,False,132,1,False
False,5,3,True,False,3,"[""ox14-c000064"", ""ox14-c000100"", ""ox14-c000111"", ""ox14-c000226"", ""ox14-c000039""]",ow14-s0066,positive,"{""ox14-c000039"": 117, ""ox14-c000064"": 132, ""ox14-c000100"": 132, ""ox14-c000111"": 132, ""ox14-c000226"": 127}",3-1-1,"[132, 132, 132, 127, 117]",132>132>132>127>117,strictly_lowest,5,0,True,False,True,117,3,False
True,5,1,True,True,5,"[""ox14-c000048"", ""ox14-c000141"", ""ox14-c000212"", ""ox14-c000385"", ""ox14-c000387""]",ow14-s0067,positive,"{""ox14-c000048"": 132, ""ox14-c000141"": 132, ""ox14-c000212"": 132, ""ox14-c000385"": 132, ""ox14-c000387"": 132}",5,"[132, 132, 132, 132, 132]",132>132>132>132>132,all_candidates_tied_for_highest_and_lowest,4,4,False,True,True,132,1,True
False,5,2,True,False,4,"[""ox14-c000248"", ""ox14-c000251"", ""ox14-c000399"", ""ox14-c000423"", ""ox14-c000082""]",ow14-s0068,positive,"{""ox14-c000082"": 127, ""ox14-c000248"": 132, ""ox14-c000251"": 132, ""ox14-c000399"": 132, ""ox14-c000423"": 132}",4-1,"[132, 132, 132, 132, 127]",132>132>132>132>127,tied_for_highest,1,3,False,True,False,132,1,False
False,5,3,True,False,2,"[""ox14-c000077"", ""ox14-c000410"", ""ox14-c000085"", ""ox14-c000179"", ""ox14-c000296""]",ow14-s0069,positive,"{""ox14-c000077"": 132, ""ox14-c000085"": 127, ""ox14-c000179"": 117, ""ox14-c000296"": 117, ""ox14-c000410"": 132}",2-2-1,"[132, 132, 127, 117, 117]",132>132>127>117>117,tied_for_lowest,4,1,False,False,True,117,3,False
False,5,2,True,False,4,"[""ox14-c000118"", ""ox14-c000343"", ""ox14-c000353"", ""ox14-c000395"", ""ox14-c000223""]",ow14-s0070,positive,"{""ox14-c000118"": 132, ""ox14-c000223"": 127, ""ox14-c000343"": 132, ""ox14-c000353"": 132, ""ox14-c000395"": 132}",4-1,"[132, 132, 132, 132, 127]",132>132>132>132>127,tied_for_highest,2,3,False,True,False,132,1,False
False,5,2,True,False,3,"[""ox14-c000116"", ""ox14-c000188"", ""ox14-c000307"", ""ox14-c000311"", ""ox14-c000315""]",ow14-s0071,positive,"{""ox14-c000116"": 132, ""ox14-c000188"": 132, ""ox14-c000307"": 117, ""ox14-c000311"": 117, ""ox14-c000315"": 117}",3-2,"[132, 132, 117, 117, 117]",132>132>117>117>117,tied_for_highest,1,1,False,True,False,132,1,False
False,5,2,True,False,3,"[""ox14-c000271"", ""ox14-c000351"", ""ox14-c000404"", ""ox14-c000161"", ""ox14-c000167""]",ow14-s0072,positive,"{""ox14-c000161"": 117, ""ox14-c000167"": 117, ""ox14-c000271"": 132, ""ox14-c000351"": 132, ""ox14-c000404"": 132}",3-2,"[132, 132, 132, 117, 117]",132>132>132>117>117,tied_for_highest,1,2,False,True,False,132,1,False
False,5,2,True,False,3,"[""ox14-c000117"", ""ox14-c000272"", ""ox14-c000429"", ""ox14-c000029"", ""ox14-c000304""]",ow14-s0073,positive,"{""ox14-c000029"": 117, ""ox14-c000117"": 132, ""ox14-c000272"": 132, ""ox14-c000304"": 117, ""ox14-c000429"": 132}",3-2,"[132, 132, 132, 117, 117]",132>132>132>117>117,tied_for_lowest,5,1,False,False,True,117,2,False
True,5,1,True,True,5,"[""ox14-c000136"", ""ox14-c000185"", ""ox14-c000335"", ""ox14-c000346"", ""ox14-c000377""]",ow14-s0074,positive,"{""ox14-c000136"": 132, ""ox14-c000185"": 132, ""ox14-c000335"": 132, ""ox14-c000346"": 132, ""ox14-c000377"": 132}",5,"[132, 132, 132, 132, 132]",132>132>132>132>132,all_candidates_tied_for_highest_and_lowest,3,4,False,True,True,132,1,True
True,5,1,True,True,5,"[""ox14-c000070"", ""ox14-c000104"", ""ox14-c000198"", ""ox14-c000247"", ""ox14-c000396""]",ow14-s0075,positive,"{""ox14-c000070"": 132, ""ox14-c000104"": 132, ""ox14-c000198"": 132, ""ox14-c000247"": 132, ""ox14-c000396"": 132}",5,"[132, 132, 132, 132, 132]",132>132>132>132>132,all_candidates_tied_for_highest_and_lowest,2,4,False,True,True,132,1,True
False,5,2,True,False,3,"[""ox14-c000056"", ""ox14-c000099"", ""ox14-c000102"", ""ox14-c000023"", ""ox14-c000163""]",ow14-s0076,positive,"{""ox14-c000023"": 117, ""ox14-c000056"": 132, ""ox14-c000099"": 132, ""ox14-c000102"": 132, ""ox14-c000163"": 117}",3-2,"[132, 132, 132, 117, 117]",132>132>132>117>117,tied_for_lowest,5,1,False,False,True,117,2,False
False,5,3,True,False,3,"[""ox14-c000054"", ""ox14-c000189"", ""ox14-c000348"", ""ox14-c000236"", ""ox14-c000030""]",ow14-s0077,positive,"{""ox14-c000030"": 117, ""ox14-c000054"": 132, ""ox14-c000189"": 132, ""ox14-c000236"": 127, ""ox14-c000348"": 132}",3-1-1,"[132, 132, 132, 127, 117]",132>132>132>127>117,tied_for_highest,1,2,False,True,False,132,1,False
False,5,2,True,False,4,"[""ox14-c000209"", ""ox14-c000341"", ""ox14-c000342"", ""ox14-c000426"", ""ox14-c000083""]",ow14-s0078,positive,"{""ox14-c000083"": 127, ""ox14-c000209"": 132, ""ox14-c000341"": 132, ""ox14-c000342"": 132, ""ox14-c000426"": 132}",4-1,"[132, 132, 132, 132, 127]",132>132>132>132>127,tied_for_highest,3,3,False,True,False,132,1,False
True,5,1,True,True,5,"[""ox14-c000184"", ""ox14-c000254"", ""ox14-c000259"", ""ox14-c000333"", ""ox14-c000340""]",ow14-s0079,positive,"{""ox14-c000184"": 132, ""ox14-c000254"": 132, ""ox14-c000259"": 132, ""ox14-c000333"": 132, ""ox14-c000340"": 132}",5,"[132, 132, 132, 132, 132]",132>132>132>132>132,all_candidates_tied_for_highest_and_lowest,5,4,False,True,True,132,1,True
False,5,3,True,False,3,"[""ox14-c000278"", ""ox14-c000355"", ""ox14-c000383"", ""ox14-c000229"", ""ox14-c000031""]",ow14-s0080,positive,"{""ox14-c000031"": 117, ""ox14-c000229"": 127, ""ox14-c000278"": 132, ""ox14-c000355"": 132, ""ox14-c000383"": 132}",3-1-1,"[132, 132, 132, 127, 117]",132>132>132>127>117,tied_for_highest,3,2,False,True,False,132,1,False
False,5,2,True,False,4,"[""ox14-c000065"", ""ox14-c000125"", ""ox14-c000204"", ""ox14-c000435"", ""ox14-c000294""]",ow14-s0081,positive,"{""ox14-c000065"": 132, ""ox14-c000125"": 132, ""ox14-c000204"": 132, ""ox14-c000294"": 117, ""ox14-c000435"": 132}",4-1,"[132, 132, 132, 132, 117]",132>132>132>132>117,tied_for_highest,4,3,False,True,False,132,1,False
False,5,2,True,False,4,"[""ox14-c000044"", ""ox14-c000066"", ""ox14-c000131"", ""ox14-c000409"", ""ox14-c000164""]",ow14-s0082,positive,"{""ox14-c000044"": 132, ""ox14-c000066"": 132, ""ox14-c000131"": 132, ""ox14-c000164"": 117, ""ox14-c000409"": 132}",4-1,"[132, 132, 132, 132, 117]",132>132>132>132>117,tied_for_highest,3,3,False,True,False,132,1,False
False,5,2,True,False,4,"[""ox14-c000112"", ""ox14-c000208"", ""ox14-c000261"", ""ox14-c000432"", ""ox14-c000301""]",ow14-s0083,positive,"{""ox14-c000112"": 132, ""ox14-c000208"": 132, ""ox14-c000261"": 132, ""ox14-c000301"": 117, ""ox14-c000432"": 132}",4-1,"[132, 132, 132, 132, 117]",132>132>132>132>117,strictly_lowest,5,0,True,False,True,117,2,False
False,5,3,True,False,2,"[""ox14-c000332"", ""ox14-c000414"", ""ox14-c000224"", ""ox14-c000362"", ""ox14-c000310""]",ow14-s0084,positive,"{""ox14-c000224"": 127, ""ox14-c000310"": 117, ""ox14-c000332"": 132, ""ox14-c000362"": 127, ""ox14-c000414"": 132}",2-2-1,"[132, 132, 127, 127, 117]",132>132>127>127>117,tied_for_highest,1,1,False,True,False,132,1,False
False,5,2,True,False,4,"[""ox14-c000210"", ""ox14-c000264"", ""ox14-c000391"", ""ox14-c000402"", ""ox14-c000036""]",ow14-s0085,positive,"{""ox14-c000036"": 117, ""ox14-c000210"": 132, ""ox14-c000264"": 132, ""ox14-c000391"": 132, ""ox14-c000402"": 132}",4-1,"[132, 132, 132, 132, 117]",132>132>132>132>117,tied_for_highest,2,3,False,True,False,132,1,False
False,5,2,True,False,4,"[""ox14-c000067"", ""ox14-c000252"", ""ox14-c000320"", ""ox14-c000421"", ""ox14-c000225""]",ow14-s0086,positive,"{""ox14-c000067"": 132, ""ox14-c000225"": 127, ""ox14-c000252"": 132, ""ox14-c000320"": 132, ""ox14-c000421"": 132}",4-1,"[132, 132, 132, 132, 127]",132>132>132>132>127,tied_for_highest,4,3,False,True,False,132,1,False
False,5,3,True,False,2,"[""ox14-c000140"", ""ox14-c000090"", ""ox14-c000369"", ""ox14-c000165"", ""ox14-c000319""]",ow14-s0087,positive,"{""ox14-c000090"": 127, ""ox14-c000140"": 132, ""ox14-c000165"": 117, ""ox14-c000319"": 117, ""ox14-c000369"": 127}",2-2-1,"[132, 127, 127, 117, 117]",132>127>127>117>117,tied_for_lowest,5,1,False,False,True,117,3,False
False,5,3,True,False,3,"[""ox14-c000072"", ""ox14-c000265"", ""ox14-c000389"", ""ox14-c000081"", ""ox14-c000312""]",ow14-s0088,positive,"{""ox14-c000072"": 132, ""ox14-c000081"": 127, ""ox14-c000265"": 132, ""ox14-c000312"": 117, ""ox14-c000389"": 132}",3-1-1,"[132, 132, 132, 127, 117]",132>132>132>127>117,strictly_lowest,5,0,True,False,True,117,3,False
False,5,2,True,False,4,"[""ox14-c000046"", ""ox14-c000211"", ""ox14-c000246"", ""ox14-c000323"", ""ox14-c000367""]",ow14-s0089,positive,"{""ox14-c000046"": 132, ""ox14-c000211"": 132, ""ox14-c000246"": 132, ""ox14-c000323"": 132, ""ox14-c000367"": 127}",4-1,"[132, 132, 132, 132, 127]",132>132>132>132>127,strictly_lowest,5,0,True,False,True,127,2,False
False,5,2,True,False,3,"[""ox14-c000108"", ""ox14-c000121"", ""ox14-c000266"", ""ox14-c000025"", ""ox14-c000181""]",ow14-s0090,positive,"{""ox14-c000025"": 117, ""ox14-c000108"": 132, ""ox14-c000121"": 132, ""ox14-c000181"": 117, ""ox14-c000266"": 132}",3-2,"[132, 132, 132, 117, 117]",132>132>132>117>117,tied_for_highest,3,2,False,True,False,132,1,False
False,5,2,True,False,3,"[""ox14-c000058"", ""ox14-c000197"", ""ox14-c000012"", ""ox14-c000037"", ""ox14-c000040""]",ow14-s0091,positive,"{""ox14-c000012"": 117, ""ox14-c000037"": 117, ""ox14-c000040"": 117, ""ox14-c000058"": 132, ""ox14-c000197"": 132}",3-2,"[132, 132, 117, 117, 117]",132>132>117>117>117,tied_for_lowest,5,2,False,False,True,117,2,False
False,5,3,True,False,3,"[""ox14-c000245"", ""ox14-c000270"", ""ox14-c000354"", ""ox14-c000374"", ""ox14-c000159""]",ow14-s0092,positive,"{""ox14-c000159"": 117, ""ox14-c000245"": 132, ""ox14-c000270"": 132, ""ox14-c000354"": 132, ""ox14-c000374"": 127}",3-1-1,"[132, 132, 132, 127, 117]",132>132>132>127>117,strictly_lowest,5,0,True,False,True,117,3,False
False,5,3,True,False,3,"[""ox14-c000075"", ""ox14-c000127"", ""ox14-c000336"", ""ox14-c000087"", ""ox14-c000033""]",ow14-s0093,positive,"{""ox14-c000033"": 117, ""ox14-c000075"": 132, ""ox14-c000087"": 127, ""ox14-c000127"": 132, ""ox14-c000336"": 132}",3-1-1,"[132, 132, 132, 127, 117]",132>132>132>127>117,tied_for_highest,3,2,False,True,False,132,1,False
False,5,3,True,False,3,"[""ox14-c000277"", ""ox14-c000352"", ""ox14-c000406"", ""ox14-c000370"", ""ox14-c000297""]",ow14-s0094,positive,"{""ox14-c000277"": 132, ""ox14-c000297"": 117, ""ox14-c000352"": 132, ""ox14-c000370"": 127, ""ox14-c000406"": 132}",3-1-1,"[132, 132, 132, 127, 117]",132>132>132>127>117,neither_highest_nor_lowest_middle,4,0,True,False,False,127,2,False
False,5,3,True,False,3,"[""ox14-c000060"", ""ox14-c000113"", ""ox14-c000133"", ""ox14-c000357"", ""ox14-c000183""]",ow14-s0095,positive,"{""ox14-c000060"": 132, ""ox14-c000113"": 132, ""ox14-c000133"": 132, ""ox14-c000183"": 117, ""ox14-c000357"": 127}",3-1-1,"[132, 132, 132, 127, 117]",132>132>132>127>117,tied_for_highest,3,2,False,True,False,132,1,False
False,5,3,True,False,3,"[""ox14-c000103"", ""ox14-c000381"", ""ox14-c000398"", ""ox14-c000004"", ""ox14-c000293""]",ow14-s0096,positive,"{""ox14-c000004"": 127, ""ox14-c000103"": 132, ""ox14-c000293"": 117, ""ox14-c000381"": 132, ""ox14-c000398"": 132}",3-1-1,"[132, 132, 132, 127, 117]",132>132>132>127>117,neither_highest_nor_lowest_middle,4,0,True,False,False,127,2,False
False,5,2,True,False,3,"[""ox14-c000074"", ""ox14-c000107"", ""ox14-c000422"", ""ox14-c000093"", ""ox14-c000373""]",ow14-s0097,positive,"{""ox14-c000074"": 132, ""ox14-c000093"": 127, ""ox14-c000107"": 132, ""ox14-c000373"": 127, ""ox14-c000422"": 132}",3-2,"[132, 132, 132, 127, 127]",132>132>132>127>127,tied_for_highest,1,2,False,True,False,132,1,False
True,5,1,True,True,5,"[""ox14-c000053"", ""ox14-c000275"", ""ox14-c000337"", ""ox14-c000350"", ""ox14-c000427""]",ow14-s0098,positive,"{""ox14-c000053"": 132, ""ox14-c000275"": 132, ""ox14-c000337"": 132, ""ox14-c000350"": 132, ""ox14-c000427"": 132}",5,"[132, 132, 132, 132, 132]",132>132>132>132>132,all_candidates_tied_for_highest_and_lowest,2,4,False,True,True,132,1,True
False,5,2,True,False,4,"[""ox14-c000216"", ""ox14-c000344"", ""ox14-c000384"", ""ox14-c000428"", ""ox14-c000016""]",ow14-s0099,positive,"{""ox14-c000016"": 117, ""ox14-c000216"": 132, ""ox14-c000344"": 132, ""ox14-c000384"": 132, ""ox14-c000428"": 132}",4-1,"[132, 132, 132, 132, 117]",132>132>132>132>117,tied_for_highest,4,3,False,True,False,132,1,False
False,5,2,True,False,3,"[""ox14-c000207"", ""ox14-c000220"", ""ox14-c000268"", ""ox14-c000177"", ""ox14-c000306""]",ow14-s0100,positive,"{""ox14-c000177"": 117, ""ox14-c000207"": 132, ""ox14-c000220"": 132, ""ox14-c000268"": 132, ""ox14-c000306"": 117}",3-2,"[132, 132, 132, 117, 117]",132>132>132>117>117,tied_for_lowest,5,1,False,False,True,117,2,False
False,5,2,True,False,3,"[""ox14-c000007"", ""ox14-c000061"", ""ox14-c000434"", ""ox14-c000026"", ""ox14-c000314""]",ow14-s0101,positive,"{""ox14-c000007"": 132, ""ox14-c000026"": 117, ""ox14-c000061"": 132, ""ox14-c000314"": 117, ""ox14-c000434"": 132}",3-2,"[132, 132, 132, 117, 117]",132>132>132>117>117,tied_for_highest,1,2,False,True,False,132,1,False
False,5,3,True,False,3,"[""ox14-c000109"", ""ox14-c000219"", ""ox14-c000273"", ""ox14-c000359"", ""ox14-c000034""]",ow14-s0102,positive,"{""ox14-c000034"": 117, ""ox14-c000109"": 132, ""ox14-c000219"": 132, ""ox14-c000273"": 132, ""ox14-c000359"": 127}",3-1-1,"[132, 132, 132, 127, 117]",132>132>132>127>117,neither_highest_nor_lowest_middle,4,0,True,False,False,127,2,False
False,5,3,True,False,3,"[""ox14-c000101"", ""ox14-c000269"", ""ox14-c000405"", ""ox14-c000363"", ""ox14-c000303""]",ow14-s0103,positive,"{""ox14-c000101"": 132, ""ox14-c000269"": 132, ""ox14-c000303"": 117, ""ox14-c000363"": 127, ""ox14-c000405"": 132}",3-1-1,"[132, 132, 132, 127, 117]",132>132>132>127>117,tied_for_highest,2,2,False,True,False,132,1,False
False,5,2,True,False,4,"[""ox14-c000064"", ""ox14-c000100"", ""ox14-c000111"", ""ox14-c000403"", ""ox14-c000226""]",ow14-s0104,positive,"{""ox14-c000064"": 132, ""ox14-c000100"": 132, ""ox14-c000111"": 132, ""ox14-c000226"": 127, ""ox14-c000403"": 132}",4-1,"[132, 132, 132, 132, 127]",132>132>132>132>127,tied_for_highest,4,3,False,True,False,132,1,False
True,5,1,True,True,5,"[""ox14-c000003"", ""ox14-c000048"", ""ox14-c000141"", ""ox14-c000212"", ""ox14-c000387""]",ow14-s0105,positive,"{""ox14-c000003"": 132, ""ox14-c000048"": 132, ""ox14-c000141"": 132, ""ox14-c000212"": 132, ""ox14-c000387"": 132}",5,"[132, 132, 132, 132, 132]",132>132>132>132>132,all_candidates_tied_for_highest_and_lowest,1,4,False,True,True,132,1,True
False,5,2,True,False,4,"[""ox14-c000202"", ""ox14-c000251"", ""ox14-c000399"", ""ox14-c000423"", ""ox14-c000082""]",ow14-s0106,positive,"{""ox14-c000082"": 127, ""ox14-c000202"": 132, ""ox14-c000251"": 132, ""ox14-c000399"": 132, ""ox14-c000423"": 132}",4-1,"[132, 132, 132, 132, 127]",132>132>132>132>127,tied_for_highest,1,3,False,True,False,132,1,False
False,5,3,True,False,3,"[""ox14-c000077"", ""ox14-c000410"", ""ox14-c000430"", ""ox14-c000085"", ""ox14-c000296""]",ow14-s0107,positive,"{""ox14-c000077"": 132, ""ox14-c000085"": 127, ""ox14-c000296"": 117, ""ox14-c000410"": 132, ""ox14-c000430"": 132}",3-1-1,"[132, 132, 132, 127, 117]",132>132>132>127>117,tied_for_highest,3,2,False,True,False,132,1,False
False,5,3,True,False,3,"[""ox14-c000118"", ""ox14-c000353"", ""ox14-c000395"", ""ox14-c000223"", ""ox14-c000018""]",ow14-s0108,positive,"{""ox14-c000018"": 117, ""ox14-c000118"": 132, ""ox14-c000223"": 127, ""ox14-c000353"": 132, ""ox14-c000395"": 132}",3-1-1,"[132, 132, 132, 127, 117]",132>132>132>127>117,strictly_lowest,5,0,True,False,True,117,3,False
False,5,2,True,False,4,"[""ox14-c000188"", ""ox14-c000020"", ""ox14-c000307"", ""ox14-c000311"", ""ox14-c000315""]",ow14-s0109,positive,"{""ox14-c000020"": 117, ""ox14-c000188"": 132, ""ox14-c000307"": 117, ""ox14-c000311"": 117, ""ox14-c000315"": 117}",4-1,"[132, 117, 117, 117, 117]",132>117>117>117>117,tied_for_lowest,2,3,False,False,True,117,2,False
False,5,3,True,False,2,"[""ox14-c000351"", ""ox14-c000404"", ""ox14-c000232"", ""ox14-c000161"", ""ox14-c000167""]",ow14-s0110,positive,"{""ox14-c000161"": 117, ""ox14-c000167"": 117, ""ox14-c000232"": 127, ""ox14-c000351"": 132, ""ox14-c000404"": 132}",2-2-1,"[132, 132, 127, 117, 117]",132>132>127>117>117,neither_highest_nor_lowest_middle,3,0,True,False,False,127,2,False
False,5,2,True,False,4,"[""ox14-c000117"", ""ox14-c000119"", ""ox14-c000272"", ""ox14-c000429"", ""ox14-c000029""]",ow14-s0111,positive,"{""ox14-c000029"": 117, ""ox14-c000117"": 132, ""ox14-c000119"": 132, ""ox14-c000272"": 132, ""ox14-c000429"": 132}",4-1,"[132, 132, 132, 132, 117]",132>132>132>132>117,tied_for_highest,2,3,False,True,False,132,1,False
True,5,1,True,True,5,"[""ox14-c000136"", ""ox14-c000185"", ""ox14-c000346"", ""ox14-c000377"", ""ox14-c000378""]",ow14-s0112,positive,"{""ox14-c000136"": 132, ""ox14-c000185"": 132, ""ox14-c000346"": 132, ""ox14-c000377"": 132, ""ox14-c000378"": 132}",5,"[132, 132, 132, 132, 132]",132>132>132>132>132,all_candidates_tied_for_highest_and_lowest,5,4,False,True,True,132,1,True
False,5,2,True,False,4,"[""ox14-c000070"", ""ox14-c000198"", ""ox14-c000247"", ""ox14-c000396"", ""ox14-c000094""]",ow14-s0113,positive,"{""ox14-c000070"": 132, ""ox14-c000094"": 127, ""ox14-c000198"": 132, ""ox14-c000247"": 132, ""ox14-c000396"": 132}",4-1,"[132, 132, 132, 132, 127]",132>132>132>132>127,strictly_lowest,5,0,True,False,True,127,2,False
False,5,2,True,False,4,"[""ox14-c000056"", ""ox14-c000099"", ""ox14-c000102"", ""ox14-c000139"", ""ox14-c000023""]",ow14-s0114,positive,"{""ox14-c000023"": 117, ""ox14-c000056"": 132, ""ox14-c000099"": 132, ""ox14-c000102"": 132, ""ox14-c000139"": 132}",4-1,"[132, 132, 132, 132, 117]",132>132>132>132>117,tied_for_highest,4,3,False,True,False,132,1,False
False,5,3,True,False,3,"[""ox14-c000006"", ""ox14-c000189"", ""ox14-c000348"", ""ox14-c000236"", ""ox14-c000030""]",ow14-s0115,positive,"{""ox14-c000006"": 132, ""ox14-c000030"": 117, ""ox14-c000189"": 132, ""ox14-c000236"": 127, ""ox14-c000348"": 132}",3-1-1,"[132, 132, 132, 127, 117]",132>132>132>127>117,tied_for_highest,1,2,False,True,False,132,1,False
False,5,2,True,False,4,"[""ox14-c000120"", ""ox14-c000209"", ""ox14-c000341"", ""ox14-c000426"", ""ox14-c000083""]",ow14-s0116,positive,"{""ox14-c000083"": 127, ""ox14-c000120"": 132, ""ox14-c000209"": 132, ""ox14-c000341"": 132, ""ox14-c000426"": 132}",4-1,"[132, 132, 132, 132, 127]",132>132>132>132>127,tied_for_highest,1,3,False,True,False,132,1,False
False,5,2,True,False,4,"[""ox14-c000184"", ""ox14-c000254"", ""ox14-c000259"", ""ox14-c000333"", ""ox14-c000221""]",ow14-s0117,positive,"{""ox14-c000184"": 132, ""ox14-c000221"": 127, ""ox14-c000254"": 132, ""ox14-c000259"": 132, ""ox14-c000333"": 132}",4-1,"[132, 132, 132, 132, 127]",132>132>132>132>127,strictly_lowest,5,0,True,False,True,127,2,False
False,5,3,True,False,2,"[""ox14-c000278"", ""ox14-c000355"", ""ox14-c000229"", ""ox14-c000010"", ""ox14-c000031""]",ow14-s0118,positive,"{""ox14-c000010"": 117, ""ox14-c000031"": 117, ""ox14-c000229"": 127, ""ox14-c000278"": 132, ""ox14-c000355"": 132}",2-2-1,"[132, 132, 127, 117, 117]",132>132>127>117>117,tied_for_lowest,4,1,False,False,True,117,3,False
False,5,2,True,False,3,"[""ox14-c000065"", ""ox14-c000125"", ""ox14-c000204"", ""ox14-c000169"", ""ox14-c000294""]",ow14-s0119,positive,"{""ox14-c000065"": 132, ""ox14-c000125"": 132, ""ox14-c000169"": 117, ""ox14-c000204"": 132, ""ox14-c000294"": 117}",3-2,"[132, 132, 132, 117, 117]",132>132>132>117>117,tied_for_lowest,4,1,False,False,True,117,2,False
False,5,2,True,False,4,"[""ox14-c000044"", ""ox14-c000050"", ""ox14-c000066"", ""ox14-c000409"", ""ox14-c000164""]",ow14-s0120,positive,"{""ox14-c000044"": 132, ""ox14-c000050"": 132, ""ox14-c000066"": 132, ""ox14-c000164"": 117, ""ox14-c000409"": 132}",4-1,"[132, 132, 132, 132, 117]",132>132>132>132>117,tied_for_highest,2,3,False,True,False,132,1,False
True,5,1,True,True,5,"[""ox14-c000112"", ""ox14-c000208"", ""ox14-c000214"", ""ox14-c000261"", ""ox14-c000432""]",ow14-s0121,positive,"{""ox14-c000112"": 132, ""ox14-c000208"": 132, ""ox14-c000214"": 132, ""ox14-c000261"": 132, ""ox14-c000432"": 132}",5,"[132, 132, 132, 132, 132]",132>132>132>132>132,all_candidates_tied_for_highest_and_lowest,3,4,False,True,True,132,1,True
False,5,3,True,False,2,"[""ox14-c000256"", ""ox14-c000414"", ""ox14-c000224"", ""ox14-c000362"", ""ox14-c000310""]",ow14-s0122,positive,"{""ox14-c000224"": 127, ""ox14-c000256"": 132, ""ox14-c000310"": 117, ""ox14-c000362"": 127, ""ox14-c000414"": 132}",2-2-1,"[132, 132, 127, 127, 117]",132>132>127>127>117,tied_for_highest,1,1,False,True,False,132,1,False
False,5,2,True,False,4,"[""ox14-c000199"", ""ox14-c000210"", ""ox14-c000391"", ""ox14-c000402"", ""ox14-c000036""]",ow14-s0123,positive,"{""ox14-c000036"": 117, ""ox14-c000199"": 132, ""ox14-c000210"": 132, ""ox14-c000391"": 132, ""ox14-c000402"": 132}",4-1,"[132, 132, 132, 132, 117]",132>132>132>132>117,tied_for_highest,1,3,False,True,False,132,1,False
False,5,3,True,False,3,"[""ox14-c000067"", ""ox14-c000252"", ""ox14-c000320"", ""ox14-c000225"", ""ox14-c000160""]",ow14-s0124,positive,"{""ox14-c000067"": 132, ""ox14-c000160"": 117, ""ox14-c000225"": 127, ""ox14-c000252"": 132, ""ox14-c000320"": 132}",3-1-1,"[132, 132, 132, 127, 117]",132>132>132>127>117,strictly_lowest,5,0,True,False,True,117,3,False
False,5,3,True,False,2,"[""ox14-c000140"", ""ox14-c000393"", ""ox14-c000090"", ""ox14-c000369"", ""ox14-c000165""]",ow14-s0125,positive,"{""ox14-c000090"": 127, ""ox14-c000140"": 132, ""ox14-c000165"": 117, ""ox14-c000369"": 127, ""ox14-c000393"": 132}",2-2-1,"[132, 132, 127, 127, 117]",132>132>127>127>117,tied_for_highest,2,1,False,True,False,132,1,False
False,5,2,True,False,3,"[""ox14-c000072"", ""ox14-c000265"", ""ox14-c000389"", ""ox14-c000081"", ""ox14-c000366""]",ow14-s0126,positive,"{""ox14-c000072"": 132, ""ox14-c000081"": 127, ""ox14-c000265"": 132, ""ox14-c000366"": 127, ""ox14-c000389"": 132}",3-2,"[132, 132, 132, 127, 127]",132>132>132>127>127,tied_for_lowest,5,1,False,False,True,127,2,False
True,5,1,True,True,5,"[""ox14-c000046"", ""ox14-c000114"", ""ox14-c000211"", ""ox14-c000246"", ""ox14-c000323""]",ow14-s0127,positive,"{""ox14-c000046"": 132, ""ox14-c000114"": 132, ""ox14-c000211"": 132, ""ox14-c000246"": 132, ""ox14-c000323"": 132}",5,"[132, 132, 132, 132, 132]",132>132>132>132>132,all_candidates_tied_for_highest_and_lowest,2,4,False,True,True,132,1,True
False,5,2,True,False,3,"[""ox14-c000108"", ""ox14-c000121"", ""ox14-c000418"", ""ox14-c000025"", ""ox14-c000181""]",ow14-s0128,positive,"{""ox14-c000025"": 117, ""ox14-c000108"": 132, ""ox14-c000121"": 132, ""ox14-c000181"": 117, ""ox14-c000418"": 132}",3-2,"[132, 132, 132, 117, 117]",132>132>132>117>117,tied_for_highest,3,2,False,True,False,132,1,False
False,5,2,True,False,3,"[""ox14-c000058"", ""ox14-c000124"", ""ox14-c000197"", ""ox14-c000012"", ""ox14-c000037""]",ow14-s0129,positive,"{""ox14-c000012"": 117, ""ox14-c000037"": 117, ""ox14-c000058"": 132, ""ox14-c000124"": 132, ""ox14-c000197"": 132}",3-2,"[132, 132, 132, 117, 117]",132>132>132>117>117,tied_for_highest,2,2,False,True,False,132,1,False
False,5,2,True,False,4,"[""ox14-c000245"", ""ox14-c000270"", ""ox14-c000339"", ""ox14-c000354"", ""ox14-c000374""]",ow14-s0130,positive,"{""ox14-c000245"": 132, ""ox14-c000270"": 132, ""ox14-c000339"": 132, ""ox14-c000354"": 132, ""ox14-c000374"": 127}",4-1,"[132, 132, 132, 132, 127]",132>132>132>132>127,tied_for_highest,3,3,False,True,False,132,1,False
False,5,3,True,False,3,"[""ox14-c000045"", ""ox14-c000075"", ""ox14-c000127"", ""ox14-c000087"", ""ox14-c000033""]",ow14-s0131,positive,"{""ox14-c000033"": 117, ""ox14-c000045"": 132, ""ox14-c000075"": 132, ""ox14-c000087"": 127, ""ox14-c000127"": 132}",3-1-1,"[132, 132, 132, 127, 117]",132>132>132>127>117,tied_for_highest,1,2,False,True,False,132,1,False
False,5,2,True,False,4,"[""ox14-c000277"", ""ox14-c000352"", ""ox14-c000382"", ""ox14-c000406"", ""ox14-c000297""]",ow14-s0132,positive,"{""ox14-c000277"": 132, ""ox14-c000297"": 117, ""ox14-c000352"": 132, ""ox14-c000382"": 132, ""ox14-c000406"": 132}",4-1,"[132, 132, 132, 132, 117]",132>132>132>132>117,tied_for_highest,3,3,False,True,False,132,1,False
False,5,3,True,False,3,"[""ox14-c000060"", ""ox14-c000113"", ""ox14-c000192"", ""ox14-c000357"", ""ox14-c000183""]",ow14-s0133,positive,"{""ox14-c000060"": 132, ""ox14-c000113"": 132, ""ox14-c000183"": 117, ""ox14-c000192"": 132, ""ox14-c000357"": 127}",3-1-1,"[132, 132, 132, 127, 117]",132>132>132>127>117,tied_for_highest,3,2,False,True,False,132,1,False
False,5,3,True,False,3,"[""ox14-c000103"", ""ox14-c000381"", ""ox14-c000398"", ""ox14-c000358"", ""ox14-c000293""]",ow14-s0134,positive,"{""ox14-c000103"": 132, ""ox14-c000293"": 117, ""ox14-c000358"": 127, ""ox14-c000381"": 132, ""ox14-c000398"": 132}",3-1-1,"[132, 132, 132, 127, 117]",132>132>132>127>117,neither_highest_nor_lowest_middle,4,0,True,False,False,127,2,False
False,5,2,True,False,3,"[""ox14-c000107"", ""ox14-c000201"", ""ox14-c000422"", ""ox14-c000093"", ""ox14-c000373""]",ow14-s0135,positive,"{""ox14-c000093"": 127, ""ox14-c000107"": 132, ""ox14-c000201"": 132, ""ox14-c000373"": 127, ""ox14-c000422"": 132}",3-2,"[132, 132, 132, 127, 127]",132>132>132>127>127,tied_for_highest,2,2,False,True,False,132,1,False
False,5,2,True,False,4,"[""ox14-c000053"", ""ox14-c000337"", ""ox14-c000350"", ""ox14-c000427"", ""ox14-c000300""]",ow14-s0136,positive,"{""ox14-c000053"": 132, ""ox14-c000300"": 117, ""ox14-c000337"": 132, ""ox14-c000350"": 132, ""ox14-c000427"": 132}",4-1,"[132, 132, 132, 132, 117]",132>132>132>132>117,strictly_lowest,5,0,True,False,True,117,2,False
False,5,2,True,False,4,"[""ox14-c000205"", ""ox14-c000216"", ""ox14-c000344"", ""ox14-c000384"", ""ox14-c000016""]",ow14-s0137,positive,"{""ox14-c000016"": 117, ""ox14-c000205"": 132, ""ox14-c000216"": 132, ""ox14-c000344"": 132, ""ox14-c000384"": 132}",4-1,"[132, 132, 132, 132, 117]",132>132>132>132>117,tied_for_highest,1,3,False,True,False,132,1,False
False,5,2,True,False,4,"[""ox14-c000207"", ""ox14-c000220"", ""ox14-c000268"", ""ox14-c000321"", ""ox14-c000177""]",ow14-s0138,positive,"{""ox14-c000177"": 117, ""ox14-c000207"": 132, ""ox14-c000220"": 132, ""ox14-c000268"": 132, ""ox14-c000321"": 132}",4-1,"[132, 132, 132, 132, 117]",132>132>132>132>117,tied_for_highest,4,3,False,True,False,132,1,False
False,5,2,True,False,3,"[""ox14-c000061"", ""ox14-c000434"", ""ox14-c000026"", ""ox14-c000175"", ""ox14-c000314""]",ow14-s0139,positive,"{""ox14-c000026"": 117, ""ox14-c000061"": 132, ""ox14-c000175"": 117, ""ox14-c000314"": 117, ""ox14-c000434"": 132}",3-2,"[132, 132, 117, 117, 117]",132>132>117>117>117,tied_for_lowest,4,2,False,False,True,117,2,False
False,5,2,True,False,4,"[""ox14-c000109"", ""ox14-c000137"", ""ox14-c000219"", ""ox14-c000273"", ""ox14-c000034""]",ow14-s0140,positive,"{""ox14-c000034"": 117, ""ox14-c000109"": 132, ""ox14-c000137"": 132, ""ox14-c000219"": 132, ""ox14-c000273"": 132}",4-1,"[132, 132, 132, 132, 117]",132>132>132>132>117,tied_for_highest,2,3,False,True,False,132,1,False
False,5,3,True,False,2,"[""ox14-c000101"", ""ox14-c000405"", ""ox14-c000363"", ""ox14-c000021"", ""ox14-c000303""]",ow14-s0141,positive,"{""ox14-c000021"": 117, ""ox14-c000101"": 132, ""ox14-c000303"": 117, ""ox14-c000363"": 127, ""ox14-c000405"": 132}",2-2-1,"[132, 132, 127, 117, 117]",132>132>127>117>117,tied_for_lowest,4,1,False,False,True,117,3,False
False,5,3,True,False,3,"[""ox14-c000064"", ""ox14-c000100"", ""ox14-c000111"", ""ox14-c000226"", ""ox14-c000170""]",ow14-s0142,positive,"{""ox14-c000064"": 132, ""ox14-c000100"": 132, ""ox14-c000111"": 132, ""ox14-c000170"": 117, ""ox14-c000226"": 127}",3-1-1,"[132, 132, 132, 127, 117]",132>132>132>127>117,strictly_lowest,5,0,True,False,True,117,3,False
False,5,2,True,False,4,"[""ox14-c000048"", ""ox14-c000141"", ""ox14-c000212"", ""ox14-c000387"", ""ox14-c000318""]",ow14-s0143,positive,"{""ox14-c000048"": 132, ""ox14-c000141"": 132, ""ox14-c000212"": 132, ""ox14-c000318"": 117, ""ox14-c000387"": 132}",4-1,"[132, 132, 132, 132, 117]",132>132>132>132>117,strictly_lowest,5,0,True,False,True,117,2,False
False,5,2,True,False,4,"[""ox14-c000194"", ""ox14-c000251"", ""ox14-c000399"", ""ox14-c000423"", ""ox14-c000082""]",ow14-s0144,positive,"{""ox14-c000082"": 127, ""ox14-c000194"": 132, ""ox14-c000251"": 132, ""ox14-c000399"": 132, ""ox14-c000423"": 132}",4-1,"[132, 132, 132, 132, 127]",132>132>132>132>127,tied_for_highest,1,3,False,True,False,132,1,False
False,5,3,True,False,3,"[""ox14-c000077"", ""ox14-c000135"", ""ox14-c000410"", ""ox14-c000085"", ""ox14-c000296""]",ow14-s0145,positive,"{""ox14-c000077"": 132, ""ox14-c000085"": 127, ""ox14-c000135"": 132, ""ox14-c000296"": 117, ""ox14-c000410"": 132}",3-1-1,"[132, 132, 132, 127, 117]",132>132>132>127>117,tied_for_highest,2,2,False,True,False,132,1,False
False,5,2,True,False,4,"[""ox14-c000052"", ""ox14-c000118"", ""ox14-c000353"", ""ox14-c000395"", ""ox14-c000223""]",ow14-s0146,positive,"{""ox14-c000052"": 132, ""ox14-c000118"": 132, ""ox14-c000223"": 127, ""ox14-c000353"": 132, ""ox14-c000395"": 132}",4-1,"[132, 132, 132, 132, 127]",132>132>132>132>127,tied_for_highest,1,3,False,True,False,132,1,False
False,5,2,True,False,3,"[""ox14-c000188"", ""ox14-c000433"", ""ox14-c000307"", ""ox14-c000311"", ""ox14-c000315""]",ow14-s0147,positive,"{""ox14-c000188"": 132, ""ox14-c000307"": 117, ""ox14-c000311"": 117, ""ox14-c000315"": 117, ""ox14-c000433"": 132}",3-2,"[132, 132, 117, 117, 117]",132>132>117>117>117,tied_for_highest,2,1,False,True,False,132,1,False
False,5,2,True,False,3,"[""ox14-c000243"", ""ox14-c000351"", ""ox14-c000404"", ""ox14-c000161"", ""ox14-c000167""]",ow14-s0148,positive,"{""ox14-c000161"": 117, ""ox14-c000167"": 117, ""ox14-c000243"": 132, ""ox14-c000351"": 132, ""ox14-c000404"": 132}",3-2,"[132, 132, 132, 117, 117]",132>132>132>117>117,tied_for_highest,1,2,False,True,False,132,1,False
False,5,3,True,False,3,"[""ox14-c000117"", ""ox14-c000272"", ""ox14-c000429"", ""ox14-c000372"", ""ox14-c000029""]",ow14-s0149,positive,"{""ox14-c000029"": 117, ""ox14-c000117"": 132, ""ox14-c000272"": 132, ""ox14-c000372"": 127, ""ox14-c000429"": 132}",3-1-1,"[132, 132, 132, 127, 117]",132>132>132>127>117,neither_highest_nor_lowest_middle,4,0,True,False,False,127,2,False
True,5,1,True,True,5,"[""ox14-c000136"", ""ox14-c000185"", ""ox14-c000267"", ""ox14-c000346"", ""ox14-c000377""]",ow14-s0150,positive,"{""ox14-c000136"": 132, ""ox14-c000185"": 132, ""ox14-c000267"": 132, ""ox14-c000346"": 132, ""ox14-c000377"": 132}",5,"[132, 132, 132, 132, 132]",132>132>132>132>132,all_candidates_tied_for_highest_and_lowest,3,4,False,True,True,132,1,True
False,5,2,True,False,4,"[""ox14-c000070"", ""ox14-c000198"", ""ox14-c000247"", ""ox14-c000396"", ""ox14-c000022""]",ow14-s0151,positive,"{""ox14-c000022"": 117, ""ox14-c000070"": 132, ""ox14-c000198"": 132, ""ox14-c000247"": 132, ""ox14-c000396"": 132}",4-1,"[132, 132, 132, 132, 117]",132>132>132>132>117,strictly_lowest,5,0,True,False,True,117,2,False
False,5,2,True,False,3,"[""ox14-c000056"", ""ox14-c000099"", ""ox14-c000102"", ""ox14-c000017"", ""ox14-c000023""]",ow14-s0152,positive,"{""ox14-c000017"": 117, ""ox14-c000023"": 117, ""ox14-c000056"": 132, ""ox14-c000099"": 132, ""ox14-c000102"": 132}",3-2,"[132, 132, 132, 117, 117]",132>132>132>117>117,tied_for_lowest,4,1,False,False,True,117,2,False
False,5,3,True,False,3,"[""ox14-c000189"", ""ox14-c000348"", ""ox14-c000388"", ""ox14-c000236"", ""ox14-c000030""]",ow14-s0153,positive,"{""ox14-c000030"": 117, ""ox14-c000189"": 132, ""ox14-c000236"": 127, ""ox14-c000348"": 132, ""ox14-c000388"": 132}",3-1-1,"[132, 132, 132, 127, 117]",132>132>132>127>117,tied_for_highest,3,2,False,True,False,132,1,False
False,5,2,True,False,4,"[""ox14-c000073"", ""ox14-c000209"", ""ox14-c000341"", ""ox14-c000426"", ""ox14-c000083""]",ow14-s0154,positive,"{""ox14-c000073"": 132, ""ox14-c000083"": 127, ""ox14-c000209"": 132, ""ox14-c000341"": 132, ""ox14-c000426"": 132}",4-1,"[132, 132, 132, 132, 127]",132>132>132>132>127,tied_for_highest,1,3,False,True,False,132,1,False
True,5,1,True,True,5,"[""ox14-c000095"", ""ox14-c000184"", ""ox14-c000254"", ""ox14-c000259"", ""ox14-c000333""]",ow14-s0155,positive,"{""ox14-c000095"": 132, ""ox14-c000184"": 132, ""ox14-c000254"": 132, ""ox14-c000259"": 132, ""ox14-c000333"": 132}",5,"[132, 132, 132, 132, 132]",132>132>132>132>132,all_candidates_tied_for_highest_and_lowest,1,4,False,True,True,132,1,True
False,5,3,True,False,3,"[""ox14-c000047"", ""ox14-c000278"", ""ox14-c000355"", ""ox14-c000229"", ""ox14-c000031""]",ow14-s0156,positive,"{""ox14-c000031"": 117, ""ox14-c000047"": 132, ""ox14-c000229"": 127, ""ox14-c000278"": 132, ""ox14-c000355"": 132}",3-1-1,"[132, 132, 132, 127, 117]",132>132>132>127>117,tied_for_highest,1,2,False,True,False,132,1,False
False,5,3,True,False,3,"[""ox14-c000065"", ""ox14-c000125"", ""ox14-c000204"", ""ox14-c000230"", ""ox14-c000294""]",ow14-s0157,positive,"{""ox14-c000065"": 132, ""ox14-c000125"": 132, ""ox14-c000204"": 132, ""ox14-c000230"": 127, ""ox14-c000294"": 117}",3-1-1,"[132, 132, 132, 127, 117]",132>132>132>127>117,neither_highest_nor_lowest_middle,4,0,True,False,False,127,2,False
False,5,2,True,False,4,"[""ox14-c000043"", ""ox14-c000044"", ""ox14-c000066"", ""ox14-c000409"", ""ox14-c000164""]",ow14-s0158,positive,"{""ox14-c000043"": 132, ""ox14-c000044"": 132, ""ox14-c000066"": 132, ""ox14-c000164"": 117, ""ox14-c000409"": 132}",4-1,"[132, 132, 132, 132, 117]",132>132>132>132>117,tied_for_highest,1,3,False,True,False,132,1,False
True,5,1,True,True,5,"[""ox14-c000112"", ""ox14-c000208"", ""ox14-c000261"", ""ox14-c000416"", ""ox14-c000432""]",ow14-s0159,positive,"{""ox14-c000112"": 132, ""ox14-c000208"": 132, ""ox14-c000261"": 132, ""ox14-c000416"": 132, ""ox14-c000432"": 132}",5,"[132, 132, 132, 132, 132]",132>132>132>132>132,all_candidates_tied_for_highest_and_lowest,4,4,False,True,True,132,1,True
False,5,3,True,False,2,"[""ox14-c000196"", ""ox14-c000414"", ""ox14-c000224"", ""ox14-c000362"", ""ox14-c000310""]",ow14-s0160,positive,"{""ox14-c000196"": 132, ""ox14-c000224"": 127, ""ox14-c000310"": 117, ""ox14-c000362"": 127, ""ox14-c000414"": 132}",2-2-1,"[132, 132, 127, 127, 117]",132>132>127>127>117,tied_for_highest,1,1,False,True,False,132,1,False
False,5,2,True,False,4,"[""ox14-c000096"", ""ox14-c000210"", ""ox14-c000391"", ""ox14-c000402"", ""ox14-c000036""]",ow14-s0161,positive,"{""ox14-c000036"": 117, ""ox14-c000096"": 132, ""ox14-c000210"": 132, ""ox14-c000391"": 132, ""ox14-c000402"": 132}",4-1,"[132, 132, 132, 132, 117]",132>132>132>132>117,tied_for_highest,1,3,False,True,False,132,1,False
False,5,2,True,False,4,"[""ox14-c000067"", ""ox14-c000252"", ""ox14-c000320"", ""ox14-c000413"", ""ox14-c000225""]",ow14-s0162,positive,"{""ox14-c000067"": 132, ""ox14-c000225"": 127, ""ox14-c000252"": 132, ""ox14-c000320"": 132, ""ox14-c000413"": 132}",4-1,"[132, 132, 132, 132, 127]",132>132>132>132>127,tied_for_highest,4,3,False,True,False,132,1,False
False,5,3,True,False,2,"[""ox14-c000140"", ""ox14-c000411"", ""ox14-c000090"", ""ox14-c000369"", ""ox14-c000165""]",ow14-s0163,positive,"{""ox14-c000090"": 127, ""ox14-c000140"": 132, ""ox14-c000165"": 117, ""ox14-c000369"": 127, ""ox14-c000411"": 132}",2-2-1,"[132, 132, 127, 127, 117]",132>132>127>127>117,tied_for_highest,2,1,False,True,False,132,1,False
False,5,2,True,False,4,"[""ox14-c000072"", ""ox14-c000265"", ""ox14-c000386"", ""ox14-c000389"", ""ox14-c000081""]",ow14-s0164,positive,"{""ox14-c000072"": 132, ""ox14-c000081"": 127, ""ox14-c000265"": 132, ""ox14-c000386"": 132, ""ox14-c000389"": 132}",4-1,"[132, 132, 132, 132, 127]",132>132>132>132>127,tied_for_highest,3,3,False,True,False,132,1,False
False,5,2,True,False,4,"[""ox14-c000046"", ""ox14-c000211"", ""ox14-c000246"", ""ox14-c000323"", ""ox14-c000168""]",ow14-s0165,positive,"{""ox14-c000046"": 132, ""ox14-c000168"": 117, ""ox14-c000211"": 132, ""ox14-c000246"": 132, ""ox14-c000323"": 132}",4-1,"[132, 132, 132, 132, 117]",132>132>132>132>117,strictly_lowest,5,0,True,False,True,117,2,False
False,5,2,True,False,3,"[""ox14-c000071"", ""ox14-c000108"", ""ox14-c000121"", ""ox14-c000025"", ""ox14-c000181""]",ow14-s0166,positive,"{""ox14-c000025"": 117, ""ox14-c000071"": 132, ""ox14-c000108"": 132, ""ox14-c000121"": 132, ""ox14-c000181"": 117}",3-2,"[132, 132, 132, 117, 117]",132>132>132>117>117,tied_for_highest,1,2,False,True,False,132,1,False
False,5,2,True,False,3,"[""ox14-c000058"", ""ox14-c000197"", ""ox14-c000260"", ""ox14-c000012"", ""ox14-c000037""]",ow14-s0167,positive,"{""ox14-c000012"": 117, ""ox14-c000037"": 117, ""ox14-c000058"": 132, ""ox14-c000197"": 132, ""ox14-c000260"": 132}",3-2,"[132, 132, 132, 117, 117]",132>132>132>117>117,tied_for_highest,3,2,False,True,False,132,1,False
False,5,2,True,False,4,"[""ox14-c000215"", ""ox14-c000245"", ""ox14-c000270"", ""ox14-c000354"", ""ox14-c000374""]",ow14-s0168,positive,"{""ox14-c000215"": 132, ""ox14-c000245"": 132, ""ox14-c000270"": 132, ""ox14-c000354"": 132, ""ox14-c000374"": 127}",4-1,"[132, 132, 132, 132, 127]",132>132>132>132>127,tied_for_highest,1,3,False,True,False,132,1,False
False,5,3,True,False,3,"[""ox14-c000075"", ""ox14-c000106"", ""ox14-c000127"", ""ox14-c000087"", ""ox14-c000033""]",ow14-s0169,positive,"{""ox14-c000033"": 117, ""ox14-c000075"": 132, ""ox14-c000087"": 127, ""ox14-c000106"": 132, ""ox14-c000127"": 132}",3-1-1,"[132, 132, 132, 127, 117]",132>132>132>127>117,tied_for_highest,2,2,False,True,False,132,1,False
False,5,2,True,False,4,"[""ox14-c000277"", ""ox14-c000352"", ""ox14-c000406"", ""ox14-c000420"", ""ox14-c000297""]",ow14-s0170,positive,"{""ox14-c000277"": 132, ""ox14-c000297"": 117, ""ox14-c000352"": 132, ""ox14-c000406"": 132, ""ox14-c000420"": 132}",4-1,"[132, 132, 132, 132, 117]",132>132>132>132>117,tied_for_highest,4,3,False,True,False,132,1,False
False,5,3,True,False,2,"[""ox14-c000060"", ""ox14-c000113"", ""ox14-c000357"", ""ox14-c000183"", ""ox14-c000302""]",ow14-s0171,positive,"{""ox14-c000060"": 132, ""ox14-c000113"": 132, ""ox14-c000183"": 117, ""ox14-c000302"": 117, ""ox14-c000357"": 127}",2-2-1,"[132, 132, 127, 117, 117]",132>132>127>117>117,tied_for_lowest,5,1,False,False,True,117,3,False
False,5,2,True,False,3,"[""ox14-c000103"", ""ox14-c000381"", ""ox14-c000398"", ""ox14-c000013"", ""ox14-c000293""]",ow14-s0172,positive,"{""ox14-c000013"": 117, ""ox14-c000103"": 132, ""ox14-c000293"": 117, ""ox14-c000381"": 132, ""ox14-c000398"": 132}",3-2,"[132, 132, 132, 117, 117]",132>132>132>117>117,tied_for_lowest,4,1,False,False,True,117,2,False
False,5,2,True,False,3,"[""ox14-c000107"", ""ox14-c000142"", ""ox14-c000422"", ""ox14-c000093"", ""ox14-c000373""]",ow14-s0173,positive,"{""ox14-c000093"": 127, ""ox14-c000107"": 132, ""ox14-c000142"": 132, ""ox14-c000373"": 127, ""ox14-c000422"": 132}",3-2,"[132, 132, 132, 127, 127]",132>132>132>127>127,tied_for_highest,2,2,False,True,False,132,1,False
True,5,1,True,True,5,"[""ox14-c000053"", ""ox14-c000128"", ""ox14-c000337"", ""ox14-c000350"", ""ox14-c000427""]",ow14-s0174,positive,"{""ox14-c000053"": 132, ""ox14-c000128"": 132, ""ox14-c000337"": 132, ""ox14-c000350"": 132, ""ox14-c000427"": 132}",5,"[132, 132, 132, 132, 132]",132>132>132>132>132,all_candidates_tied_for_highest_and_lowest,2,4,False,True,True,132,1,True
False,5,2,True,False,3,"[""ox14-c000216"", ""ox14-c000344"", ""ox14-c000384"", ""ox14-c000011"", ""ox14-c000016""]",ow14-s0175,positive,"{""ox14-c000011"": 117, ""ox14-c000016"": 117, ""ox14-c000216"": 132, ""ox14-c000344"": 132, ""ox14-c000384"": 132}",3-2,"[132, 132, 132, 117, 117]",132>132>132>117>117,tied_for_lowest,4,1,False,False,True,117,2,False
False,5,2,True,False,3,"[""ox14-c000207"", ""ox14-c000220"", ""ox14-c000268"", ""ox14-c000177"", ""ox14-c000313""]",ow14-s0176,positive,"{""ox14-c000177"": 117, ""ox14-c000207"": 132, ""ox14-c000220"": 132, ""ox14-c000268"": 132, ""ox14-c000313"": 117}",3-2,"[132, 132, 132, 117, 117]",132>132>132>117>117,tied_for_lowest,5,1,False,False,True,117,2,False
False,5,2,True,False,3,"[""ox14-c000061"", ""ox14-c000076"", ""ox14-c000434"", ""ox14-c000026"", ""ox14-c000314""]",ow14-s0177,positive,"{""ox14-c000026"": 117, ""ox14-c000061"": 132, ""ox14-c000076"": 132, ""ox14-c000314"": 117, ""ox14-c000434"": 132}",3-2,"[132, 132, 132, 117, 117]",132>132>132>117>117,tied_for_highest,2,2,False,True,False,132,1,False
False,5,3,True,False,3,"[""ox14-c000109"", ""ox14-c000219"", ""ox14-c000273"", ""ox14-c000361"", ""ox14-c000034""]",ow14-s0178,positive,"{""ox14-c000034"": 117, ""ox14-c000109"": 132, ""ox14-c000219"": 132, ""ox14-c000273"": 132, ""ox14-c000361"": 127}",3-1-1,"[132, 132, 132, 127, 117]",132>132>132>127>117,neither_highest_nor_lowest_middle,4,0,True,False,False,127,2,False
False,5,3,True,False,2,"[""ox14-c000101"", ""ox14-c000405"", ""ox14-c000363"", ""ox14-c000172"", ""ox14-c000303""]",ow14-s0179,positive,"{""ox14-c000101"": 132, ""ox14-c000172"": 117, ""ox14-c000303"": 117, ""ox14-c000363"": 127, ""ox14-c000405"": 132}",2-2-1,"[132, 132, 127, 117, 117]",132>132>127>117>117,tied_for_lowest,4,1,False,False,True,117,3,False
False,5,2,True,False,4,"[""ox14-c000064"", ""ox14-c000100"", ""ox14-c000111"", ""ox14-c000407"", ""ox14-c000226""]",ow14-s0180,positive,"{""ox14-c000064"": 132, ""ox14-c000100"": 132, ""ox14-c000111"": 132, ""ox14-c000226"": 127, ""ox14-c000407"": 132}",4-1,"[132, 132, 132, 132, 127]",132>132>132>132>127,tied_for_highest,4,3,False,True,False,132,1,False
False,5,2,True,False,4,"[""ox14-c000048"", ""ox14-c000141"", ""ox14-c000212"", ""ox14-c000387"", ""ox14-c000298""]",ow14-s0181,positive,"{""ox14-c000048"": 132, ""ox14-c000141"": 132, ""ox14-c000212"": 132, ""ox14-c000298"": 117, ""ox14-c000387"": 132}",4-1,"[132, 132, 132, 132, 117]",132>132>132>132>117,strictly_lowest,5,0,True,False,True,117,2,False
False,5,3,True,False,3,"[""ox14-c000251"", ""ox14-c000399"", ""ox14-c000423"", ""ox14-c000082"", ""ox14-c000178""]",ow14-s0182,positive,"{""ox14-c000082"": 127, ""ox14-c000178"": 117, ""ox14-c000251"": 132, ""ox14-c000399"": 132, ""ox14-c000423"": 132}",3-1-1,"[132, 132, 132, 127, 117]",132>132>132>127>117,strictly_lowest,5,0,True,False,True,117,3,False
False,5,3,True,False,3,"[""ox14-c000077"", ""ox14-c000115"", ""ox14-c000410"", ""ox14-c000085"", ""ox14-c000296""]",ow14-s0183,positive,"{""ox14-c000077"": 132, ""ox14-c000085"": 127, ""ox14-c000115"": 132, ""ox14-c000296"": 117, ""ox14-c000410"": 132}",3-1-1,"[132, 132, 132, 127, 117]",132>132>132>127>117,tied_for_highest,2,2,False,True,False,132,1,False
False,5,2,True,False,4,"[""ox14-c000005"", ""ox14-c000118"", ""ox14-c000353"", ""ox14-c000395"", ""ox14-c000223""]",ow14-s0184,positive,"{""ox14-c000005"": 132, ""ox14-c000118"": 132, ""ox14-c000223"": 127, ""ox14-c000353"": 132, ""ox14-c000395"": 132}",4-1,"[132, 132, 132, 132, 127]",132>132>132>132>127,tied_for_highest,1,3,False,True,False,132,1,False
False,5,2,True,False,4,"[""ox14-c000188"", ""ox14-c000015"", ""ox14-c000307"", ""ox14-c000311"", ""ox14-c000315""]",ow14-s0185,positive,"{""ox14-c000015"": 117, ""ox14-c000188"": 132, ""ox14-c000307"": 117, ""ox14-c000311"": 117, ""ox14-c000315"": 117}",4-1,"[132, 117, 117, 117, 117]",132>117>117>117>117,tied_for_lowest,2,3,False,False,True,117,2,False
False,5,2,True,False,3,"[""ox14-c000351"", ""ox14-c000404"", ""ox14-c000161"", ""ox14-c000167"", ""ox14-c000182""]",ow14-s0186,positive,"{""ox14-c000161"": 117, ""ox14-c000167"": 117, ""ox14-c000182"": 117, ""ox14-c000351"": 132, ""ox14-c000404"": 132}",3-2,"[132, 132, 117, 117, 117]",132>132>117>117>117,tied_for_lowest,5,2,False,False,True,117,2,False
False,5,2,True,False,3,"[""ox14-c000117"", ""ox14-c000272"", ""ox14-c000429"", ""ox14-c000029"", ""ox14-c000038""]",ow14-s0187,positive,"{""ox14-c000029"": 117, ""ox14-c000038"": 117, ""ox14-c000117"": 132, ""ox14-c000272"": 132, ""ox14-c000429"": 132}",3-2,"[132, 132, 132, 117, 117]",132>132>132>117>117,tied_for_lowest,5,1,False,False,True,117,2,False
True,5,1,True,True,5,"[""ox14-c000059"", ""ox14-c000136"", ""ox14-c000185"", ""ox14-c000346"", ""ox14-c000377""]",ow14-s0188,positive,"{""ox14-c000059"": 132, ""ox14-c000136"": 132, ""ox14-c000185"": 132, ""ox14-c000346"": 132, ""ox14-c000377"": 132}",5,"[132, 132, 132, 132, 132]",132>132>132>132>132,all_candidates_tied_for_highest_and_lowest,1,4,False,True,True,132,1,True
True,5,1,True,True,5,"[""ox14-c000070"", ""ox14-c000191"", ""ox14-c000198"", ""ox14-c000247"", ""ox14-c000396""]",ow14-s0189,positive,"{""ox14-c000070"": 132, ""ox14-c000191"": 132, ""ox14-c000198"": 132, ""ox14-c000247"": 132, ""ox14-c000396"": 132}",5,"[132, 132, 132, 132, 132]",132>132>132>132>132,all_candidates_tied_for_highest_and_lowest,2,4,False,True,True,132,1,True
False,5,2,True,False,3,"[""ox14-c000056"", ""ox14-c000099"", ""ox14-c000102"", ""ox14-c000014"", ""ox14-c000023""]",ow14-s0190,positive,"{""ox14-c000014"": 117, ""ox14-c000023"": 117, ""ox14-c000056"": 132, ""ox14-c000099"": 132, ""ox14-c000102"": 132}",3-2,"[132, 132, 132, 117, 117]",132>132>132>117>117,tied_for_lowest,4,1,False,False,True,117,2,False
False,5,3,True,False,2,"[""ox14-c000189"", ""ox14-c000348"", ""ox14-c000236"", ""ox14-c000024"", ""ox14-c000030""]",ow14-s0191,positive,"{""ox14-c000024"": 117, ""ox14-c000030"": 117, ""ox14-c000189"": 132, ""ox14-c000236"": 127, ""ox14-c000348"": 132}",2-2-1,"[132, 132, 127, 117, 117]",132>132>127>117>117,tied_for_lowest,4,1,False,False,True,117,3,False
False,5,2,True,False,3,"[""ox14-c000209"", ""ox14-c000341"", ""ox14-c000426"", ""ox14-c000083"", ""ox14-c000088""]",ow14-s0192,positive,"{""ox14-c000083"": 127, ""ox14-c000088"": 127, ""ox14-c000209"": 132, ""ox14-c000341"": 132, ""ox14-c000426"": 132}",3-2,"[132, 132, 132, 127, 127]",132>132>132>127>127,tied_for_lowest,5,1,False,False,True,127,2,False
False,5,2,True,False,4,"[""ox14-c000184"", ""ox14-c000254"", ""ox14-c000259"", ""ox14-c000333"", ""ox14-c000371""]",ow14-s0193,positive,"{""ox14-c000184"": 132, ""ox14-c000254"": 132, ""ox14-c000259"": 132, ""ox14-c000333"": 132, ""ox14-c000371"": 127}",4-1,"[132, 132, 132, 132, 127]",132>132>132>132>127,strictly_lowest,5,0,True,False,True,127,2,False
False,5,3,True,False,3,"[""ox14-c000195"", ""ox14-c000278"", ""ox14-c000355"", ""ox14-c000229"", ""ox14-c000031""]",ow14-s0194,positive,"{""ox14-c000031"": 117, ""ox14-c000195"": 132, ""ox14-c000229"": 127, ""ox14-c000278"": 132, ""ox14-c000355"": 132}",3-1-1,"[132, 132, 132, 127, 117]",132>132>132>127>117,tied_for_highest,1,2,False,True,False,132,1,False
False,5,2,True,False,4,"[""ox14-c000065"", ""ox14-c000125"", ""ox14-c000204"", ""ox14-c000274"", ""ox14-c000294""]",ow14-s0195,positive,"{""ox14-c000065"": 132, ""ox14-c000125"": 132, ""ox14-c000204"": 132, ""ox14-c000274"": 132, ""ox14-c000294"": 117}",4-1,"[132, 132, 132, 132, 117]",132>132>132>132>117,tied_for_highest,4,3,False,True,False,132,1,False
False,5,2,True,False,3,"[""ox14-c000044"", ""ox14-c000066"", ""ox14-c000409"", ""ox14-c000164"", ""ox14-c000316""]",ow14-s0196,positive,"{""ox14-c000044"": 132, ""ox14-c000066"": 132, ""ox14-c000164"": 117, ""ox14-c000316"": 117, ""ox14-c000409"": 132}",3-2,"[132, 132, 132, 117, 117]",132>132>132>117>117,tied_for_lowest,5,1,False,False,True,117,2,False
False,5,2,True,False,4,"[""ox14-c000112"", ""ox14-c000208"", ""ox14-c000261"", ""ox14-c000432"", ""ox14-c000317""]",ow14-s0197,positive,"{""ox14-c000112"": 132, ""ox14-c000208"": 132, ""ox14-c000261"": 132, ""ox14-c000317"": 117, ""ox14-c000432"": 132}",4-1,"[132, 132, 132, 132, 117]",132>132>132>132>117,strictly_lowest,5,0,True,False,True,117,2,False
False,5,3,True,False,2,"[""ox14-c000126"", ""ox14-c000414"", ""ox14-c000224"", ""ox14-c000362"", ""ox14-c000310""]",ow14-s0198,positive,"{""ox14-c000126"": 132, ""ox14-c000224"": 127, ""ox14-c000310"": 117, ""ox14-c000362"": 127, ""ox14-c000414"": 132}",2-2-1,"[132, 132, 127, 127, 117]",132>132>127>127>117,tied_for_highest,1,1,False,True,False,132,1,False
False,5,2,True,False,4,"[""ox14-c000210"", ""ox14-c000253"", ""ox14-c000391"", ""ox14-c000402"", ""ox14-c000036""]",ow14-s0199,positive,"{""ox14-c000036"": 117, ""ox14-c000210"": 132, ""ox14-c000253"": 132, ""ox14-c000391"": 132, ""ox14-c000402"": 132}",4-1,"[132, 132, 132, 132, 117]",132>132>132>132>117,tied_for_highest,2,3,False,True,False,132,1,False
False,5,2,True,False,4,"[""ox14-c000062"", ""ox14-c000067"", ""ox14-c000252"", ""ox14-c000320"", ""ox14-c000225""]",ow14-s0200,positive,"{""ox14-c000062"": 132, ""ox14-c000067"": 132, ""ox14-c000225"": 127, ""ox14-c000252"": 132, ""ox14-c000320"": 132}",4-1,"[132, 132, 132, 132, 127]",132>132>132>132>127,tied_for_highest,1,3,False,True,False,132,1,False
False,5,3,True,False,3,"[""ox14-c000140"", ""ox14-c000090"", ""ox14-c000235"", ""ox14-c000369"", ""ox14-c000165""]",ow14-s0201,positive,"{""ox14-c000090"": 127, ""ox14-c000140"": 132, ""ox14-c000165"": 117, ""ox14-c000235"": 127, ""ox14-c000369"": 127}",3-1-1,"[132, 127, 127, 127, 117]",132>127>127>127>117,tied_in_middle_score_class,3,2,False,False,False,127,2,False
False,5,2,True,False,4,"[""ox14-c000072"", ""ox14-c000258"", ""ox14-c000265"", ""ox14-c000389"", ""ox14-c000081""]",ow14-s0202,positive,"{""ox14-c000072"": 132, ""ox14-c000081"": 127, ""ox14-c000258"": 132, ""ox14-c000265"": 132, ""ox14-c000389"": 132}",4-1,"[132, 132, 132, 132, 127]",132>132>132>132>127,tied_for_highest,2,3,False,True,False,132,1,False
True,5,1,True,True,5,"[""ox14-c000046"", ""ox14-c000130"", ""ox14-c000211"", ""ox14-c000246"", ""ox14-c000323""]",ow14-s0203,positive,"{""ox14-c000046"": 132, ""ox14-c000130"": 132, ""ox14-c000211"": 132, ""ox14-c000246"": 132, ""ox14-c000323"": 132}",5,"[132, 132, 132, 132, 132]",132>132>132>132>132,all_candidates_tied_for_highest_and_lowest,2,4,False,True,True,132,1,True
False,5,2,True,False,3,"[""ox14-c000108"", ""ox14-c000121"", ""ox14-c000419"", ""ox14-c000025"", ""ox14-c000181""]",ow14-s0204,positive,"{""ox14-c000025"": 117, ""ox14-c000108"": 132, ""ox14-c000121"": 132, ""ox14-c000181"": 117, ""ox14-c000419"": 132}",3-2,"[132, 132, 132, 117, 117]",132>132>132>117>117,tied_for_highest,3,2,False,True,False,132,1,False
False,5,3,True,False,2,"[""ox14-c000058"", ""ox14-c000197"", ""ox14-c000365"", ""ox14-c000012"", ""ox14-c000037""]",ow14-s0205,positive,"{""ox14-c000012"": 117, ""ox14-c000037"": 117, ""ox14-c000058"": 132, ""ox14-c000197"": 132, ""ox14-c000365"": 127}",2-2-1,"[132, 132, 127, 117, 117]",132>132>127>117>117,neither_highest_nor_lowest_middle,3,0,True,False,False,127,2,False
False,5,3,True,False,3,"[""ox14-c000245"", ""ox14-c000270"", ""ox14-c000354"", ""ox14-c000374"", ""ox14-c000001""]",ow14-s0206,positive,"{""ox14-c000001"": 117, ""ox14-c000245"": 132, ""ox14-c000270"": 132, ""ox14-c000354"": 132, ""ox14-c000374"": 127}",3-1-1,"[132, 132, 132, 127, 117]",132>132>132>127>117,strictly_lowest,5,0,True,False,True,117,3,False
False,5,3,True,False,3,"[""ox14-c000008"", ""ox14-c000075"", ""ox14-c000127"", ""ox14-c000087"", ""ox14-c000033""]",ow14-s0207,positive,"{""ox14-c000008"": 132, ""ox14-c000033"": 117, ""ox14-c000075"": 132, ""ox14-c000087"": 127, ""ox14-c000127"": 132}",3-1-1,"[132, 132, 132, 127, 117]",132>132>132>127>117,tied_for_highest,1,2,False,True,False,132,1,False
False,5,3,True,False,3,"[""ox14-c000277"", ""ox14-c000352"", ""ox14-c000406"", ""ox14-c000233"", ""ox14-c000297""]",ow14-s0208,positive,"{""ox14-c000233"": 127, ""ox14-c000277"": 132, ""ox14-c000297"": 117, ""ox14-c000352"": 132, ""ox14-c000406"": 132}",3-1-1,"[132, 132, 132, 127, 117]",132>132>132>127>117,neither_highest_nor_lowest_middle,4,0,True,False,False,127,2,False
False,5,3,True,False,2,"[""ox14-c000060"", ""ox14-c000113"", ""ox14-c000357"", ""ox14-c000035"", ""ox14-c000183""]",ow14-s0209,positive,"{""ox14-c000035"": 117, ""ox14-c000060"": 132, ""ox14-c000113"": 132, ""ox14-c000183"": 117, ""ox14-c000357"": 127}",2-2-1,"[132, 132, 127, 117, 117]",132>132>127>117>117,tied_for_lowest,4,1,False,False,True,117,3,False
False,5,2,True,False,4,"[""ox14-c000103"", ""ox14-c000263"", ""ox14-c000381"", ""ox14-c000398"", ""ox14-c000293""]",ow14-s0210,positive,"{""ox14-c000103"": 132, ""ox14-c000263"": 132, ""ox14-c000293"": 117, ""ox14-c000381"": 132, ""ox14-c000398"": 132}",4-1,"[132, 132, 132, 132, 117]",132>132>132>132>117,tied_for_highest,2,3,False,True,False,132,1,False
False,5,3,True,False,2,"[""ox14-c000107"", ""ox14-c000422"", ""ox14-c000093"", ""ox14-c000373"", ""ox14-c000162""]",ow14-s0211,positive,"{""ox14-c000093"": 127, ""ox14-c000107"": 132, ""ox14-c000162"": 117, ""ox14-c000373"": 127, ""ox14-c000422"": 132}",2-2-1,"[132, 132, 127, 127, 117]",132>132>127>127>117,strictly_lowest,5,0,True,False,True,117,3,False
False,5,2,True,False,4,"[""ox14-c000053"", ""ox14-c000337"", ""ox14-c000350"", ""ox14-c000427"", ""ox14-c000041""]",ow14-s0212,positive,"{""ox14-c000041"": 117, ""ox14-c000053"": 132, ""ox14-c000337"": 132, ""ox14-c000350"": 132, ""ox14-c000427"": 132}",4-1,"[132, 132, 132, 132, 117]",132>132>132>132>117,strictly_lowest,5,0,True,False,True,117,2,False
False,5,2,True,False,4,"[""ox14-c000216"", ""ox14-c000218"", ""ox14-c000344"", ""ox14-c000384"", ""ox14-c000016""]",ow14-s0213,positive,"{""ox14-c000016"": 117, ""ox14-c000216"": 132, ""ox14-c000218"": 132, ""ox14-c000344"": 132, ""ox14-c000384"": 132}",4-1,"[132, 132, 132, 132, 117]",132>132>132>132>117,tied_for_highest,2,3,False,True,False,132,1,False
False,5,2,True,False,3,"[""ox14-c000207"", ""ox14-c000220"", ""ox14-c000268"", ""ox14-c000177"", ""ox14-c000308""]",ow14-s0214,positive,"{""ox14-c000177"": 117, ""ox14-c000207"": 132, ""ox14-c000220"": 132, ""ox14-c000268"": 132, ""ox14-c000308"": 117}",3-2,"[132, 132, 132, 117, 117]",132>132>132>117>117,tied_for_lowest,5,1,False,False,True,117,2,False
False,5,2,True,False,3,"[""ox14-c000061"", ""ox14-c000138"", ""ox14-c000434"", ""ox14-c000026"", ""ox14-c000314""]",ow14-s0215,positive,"{""ox14-c000026"": 117, ""ox14-c000061"": 132, ""ox14-c000138"": 132, ""ox14-c000314"": 117, ""ox14-c000434"": 132}",3-2,"[132, 132, 132, 117, 117]",132>132>132>117>117,tied_for_highest,2,2,False,True,False,132,1,False
False,5,2,True,False,3,"[""ox14-c000109"", ""ox14-c000219"", ""ox14-c000273"", ""ox14-c000009"", ""ox14-c000034""]",ow14-s0216,positive,"{""ox14-c000009"": 117, ""ox14-c000034"": 117, ""ox14-c000109"": 132, ""ox14-c000219"": 132, ""ox14-c000273"": 132}",3-2,"[132, 132, 132, 117, 117]",132>132>132>117>117,tied_for_lowest,4,1,False,False,True,117,2,False
False,5,3,True,False,3,"[""ox14-c000051"", ""ox14-c000101"", ""ox14-c000405"", ""ox14-c000363"", ""ox14-c000303""]",ow14-s0217,positive,"{""ox14-c000051"": 132, ""ox14-c000101"": 132, ""ox14-c000303"": 117, ""ox14-c000363"": 127, ""ox14-c000405"": 132}",3-1-1,"[132, 132, 132, 127, 117]",132>132>132>127>117,tied_for_highest,1,2,False,True,False,132,1,False
False,5,2,True,False,4,"[""ox14-c000064"", ""ox14-c000100"", ""ox14-c000111"", ""ox14-c000379"", ""ox14-c000226""]",ow14-s0218,positive,"{""ox14-c000064"": 132, ""ox14-c000100"": 132, ""ox14-c000111"": 132, ""ox14-c000226"": 127, ""ox14-c000379"": 132}",4-1,"[132, 132, 132, 132, 127]",132>132>132>132>127,tied_for_highest,4,3,False,True,False,132,1,False
True,5,1,True,True,5,"[""ox14-c000048"", ""ox14-c000141"", ""ox14-c000212"", ""ox14-c000250"", ""ox14-c000387""]",ow14-s0219,positive,"{""ox14-c000048"": 132, ""ox14-c000141"": 132, ""ox14-c000212"": 132, ""ox14-c000250"": 132, ""ox14-c000387"": 132}",5,"[132, 132, 132, 132, 132]",132>132>132>132>132,all_candidates_tied_for_highest_and_lowest,4,4,False,True,True,132,1,True
False,5,2,True,False,4,"[""ox14-c000251"", ""ox14-c000399"", ""ox14-c000423"", ""ox14-c000431"", ""ox14-c000082""]",ow14-s0220,positive,"{""ox14-c000082"": 127, ""ox14-c000251"": 132, ""ox14-c000399"": 132, ""ox14-c000423"": 132, ""ox14-c000431"": 132}",4-1,"[132, 132, 132, 132, 127]",132>132>132>132>127,tied_for_highest,4,3,False,True,False,132,1,False
False,5,3,True,False,2,"[""ox14-c000077"", ""ox14-c000410"", ""ox14-c000085"", ""ox14-c000296"", ""ox14-c000299""]",ow14-s0221,positive,"{""ox14-c000077"": 132, ""ox14-c000085"": 127, ""ox14-c000296"": 117, ""ox14-c000299"": 117, ""ox14-c000410"": 132}",2-2-1,"[132, 132, 127, 117, 117]",132>132>127>117>117,tied_for_lowest,5,1,False,False,True,117,3,False
False,5,2,True,False,4,"[""ox14-c000118"", ""ox14-c000353"", ""ox14-c000395"", ""ox14-c000424"", ""ox14-c000223""]",ow14-s0222,positive,"{""ox14-c000118"": 132, ""ox14-c000223"": 127, ""ox14-c000353"": 132, ""ox14-c000395"": 132, ""ox14-c000424"": 132}",4-1,"[132, 132, 132, 132, 127]",132>132>132>132>127,tied_for_highest,4,3,False,True,False,132,1,False
False,5,2,True,False,3,"[""ox14-c000188"", ""ox14-c000390"", ""ox14-c000307"", ""ox14-c000311"", ""ox14-c000315""]",ow14-s0223,positive,"{""ox14-c000188"": 132, ""ox14-c000307"": 117, ""ox14-c000311"": 117, ""ox14-c000315"": 117, ""ox14-c000390"": 132}",3-2,"[132, 132, 117, 117, 117]",132>132>117>117>117,tied_for_highest,2,1,False,True,False,132,1,False
False,5,2,True,False,3,"[""ox14-c000351"", ""ox14-c000404"", ""ox14-c000161"", ""ox14-c000167"", ""ox14-c000295""]",ow14-s0224,positive,"{""ox14-c000161"": 117, ""ox14-c000167"": 117, ""ox14-c000295"": 117, ""ox14-c000351"": 132, ""ox14-c000404"": 132}",3-2,"[132, 132, 117, 117, 117]",132>132>117>117>117,tied_for_lowest,5,2,False,False,True,117,2,False
False,5,2,True,False,4,"[""ox14-c000105"", ""ox14-c000117"", ""ox14-c000272"", ""ox14-c000429"", ""ox14-c000029""]",ow14-s0225,positive,"{""ox14-c000029"": 117, ""ox14-c000105"": 132, ""ox14-c000117"": 132, ""ox14-c000272"": 132, ""ox14-c000429"": 132}",4-1,"[132, 132, 132, 132, 117]",132>132>132>132>117,tied_for_highest,1,3,False,True,False,132,1,False
True,5,1,True,True,5,"[""ox14-c000136"", ""ox14-c000185"", ""ox14-c000203"", ""ox14-c000346"", ""ox14-c000377""]",ow14-s0226,positive,"{""ox14-c000136"": 132, ""ox14-c000185"": 132, ""ox14-c000203"": 132, ""ox14-c000346"": 132, ""ox14-c000377"": 132}",5,"[132, 132, 132, 132, 132]",132>132>132>132>132,all_candidates_tied_for_highest_and_lowest,3,4,False,True,True,132,1,True
True,5,1,True,True,5,"[""ox14-c000070"", ""ox14-c000198"", ""ox14-c000247"", ""ox14-c000396"", ""ox14-c000401""]",ow14-s0227,positive,"{""ox14-c000070"": 132, ""ox14-c000198"": 132, ""ox14-c000247"": 132, ""ox14-c000396"": 132, ""ox14-c000401"": 132}",5,"[132, 132, 132, 132, 132]",132>132>132>132>132,all_candidates_tied_for_highest_and_lowest,5,4,False,True,True,132,1,True
False,5,2,True,False,4,"[""ox14-c000056"", ""ox14-c000099"", ""ox14-c000102"", ""ox14-c000392"", ""ox14-c000023""]",ow14-s0228,positive,"{""ox14-c000023"": 117, ""ox14-c000056"": 132, ""ox14-c000099"": 132, ""ox14-c000102"": 132, ""ox14-c000392"": 132}",4-1,"[132, 132, 132, 132, 117]",132>132>132>132>117,tied_for_highest,4,3,False,True,False,132,1,False
False,5,3,True,False,3,"[""ox14-c000123"", ""ox14-c000189"", ""ox14-c000348"", ""ox14-c000236"", ""ox14-c000030""]",ow14-s0229,positive,"{""ox14-c000030"": 117, ""ox14-c000123"": 132, ""ox14-c000189"": 132, ""ox14-c000236"": 127, ""ox14-c000348"": 132}",3-1-1,"[132, 132, 132, 127, 117]",132>132>132>127>117,tied_for_highest,1,2,False,True,False,132,1,False
False,5,2,True,False,4,"[""ox14-c000209"", ""ox14-c000249"", ""ox14-c000341"", ""ox14-c000426"", ""ox14-c000083""]",ow14-s0230,positive,"{""ox14-c000083"": 127, ""ox14-c000209"": 132, ""ox14-c000249"": 132, ""ox14-c000341"": 132, ""ox14-c000426"": 132}",4-1,"[132, 132, 132, 132, 127]",132>132>132>132>127,tied_for_highest,2,3,False,True,False,132,1,False
True,5,1,True,True,5,"[""ox14-c000184"", ""ox14-c000238"", ""ox14-c000254"", ""ox14-c000259"", ""ox14-c000333""]",ow14-s0231,positive,"{""ox14-c000184"": 132, ""ox14-c000238"": 132, ""ox14-c000254"": 132, ""ox14-c000259"": 132, ""ox14-c000333"": 132}",5,"[132, 132, 132, 132, 132]",132>132>132>132>132,all_candidates_tied_for_highest_and_lowest,2,4,False,True,True,132,1,True
False,5,3,True,False,3,"[""ox14-c000278"", ""ox14-c000331"", ""ox14-c000355"", ""ox14-c000229"", ""ox14-c000031""]",ow14-s0232,positive,"{""ox14-c000031"": 117, ""ox14-c000229"": 127, ""ox14-c000278"": 132, ""ox14-c000331"": 132, ""ox14-c000355"": 132}",3-1-1,"[132, 132, 132, 127, 117]",132>132>132>127>117,tied_for_highest,2,2,False,True,False,132,1,False
False,5,3,True,False,3,"[""ox14-c000065"", ""ox14-c000125"", ""ox14-c000204"", ""ox14-c000078"", ""ox14-c000294""]",ow14-s0233,positive,"{""ox14-c000065"": 132, ""ox14-c000078"": 127, ""ox14-c000125"": 132, ""ox14-c000204"": 132, ""ox14-c000294"": 117}",3-1-1,"[132, 132, 132, 127, 117]",132>132>132>127>117,neither_highest_nor_lowest_middle,4,0,True,False,False,127,2,False
False,5,2,True,False,4,"[""ox14-c000044"", ""ox14-c000066"", ""ox14-c000239"", ""ox14-c000409"", ""ox14-c000164""]",ow14-s0234,positive,"{""ox14-c000044"": 132, ""ox14-c000066"": 132, ""ox14-c000164"": 117, ""ox14-c000239"": 132, ""ox14-c000409"": 132}",4-1,"[132, 132, 132, 132, 117]",132>132>132>132>117,tied_for_highest,3,3,False,True,False,132,1,False
False,5,2,True,False,4,"[""ox14-c000112"", ""ox14-c000208"", ""ox14-c000261"", ""ox14-c000432"", ""ox14-c000376""]",ow14-s0235,positive,"{""ox14-c000112"": 132, ""ox14-c000208"": 132, ""ox14-c000261"": 132, ""ox14-c000376"": 127, ""ox14-c000432"": 132}",4-1,"[132, 132, 132, 132, 127]",132>132>132>132>127,strictly_lowest,5,0,True,False,True,127,2,False
False,5,3,True,False,2,"[""ox14-c000330"", ""ox14-c000414"", ""ox14-c000224"", ""ox14-c000362"", ""ox14-c000310""]",ow14-s0236,positive,"{""ox14-c000224"": 127, ""ox14-c000310"": 117, ""ox14-c000330"": 132, ""ox14-c000362"": 127, ""ox14-c000414"": 132}",2-2-1,"[132, 132, 127, 127, 117]",132>132>127>127>117,tied_for_highest,1,1,False,True,False,132,1,False
False,5,3,True,False,3,"[""ox14-c000189"", ""ox14-c000209"", ""ox14-c000348"", ""ox14-c000236"", ""ox14-c000030""]",ow14-s0237,negative_only,"{""ox14-c000030"": 117, ""ox14-c000189"": 132, ""ox14-c000209"": 132, ""ox14-c000236"": 127, ""ox14-c000348"": 132}",3-1-1,"[132, 132, 132, 127, 117]",132>132>132>127>117,not_applicable,not_applicable,not_applicable,not_applicable,not_applicable,not_applicable,not_applicable,not_applicable,not_applicable
False,5,2,True,False,4,"[""ox14-c000184"", ""ox14-c000333"", ""ox14-c000341"", ""ox14-c000426"", ""ox14-c000083""]",ow14-s0238,negative_only,"{""ox14-c000083"": 127, ""ox14-c000184"": 132, ""ox14-c000333"": 132, ""ox14-c000341"": 132, ""ox14-c000426"": 132}",4-1,"[132, 132, 132, 132, 127]",132>132>132>132>127,not_applicable,not_applicable,not_applicable,not_applicable,not_applicable,not_applicable,not_applicable,not_applicable,not_applicable
False,5,2,True,False,4,"[""ox14-c000254"", ""ox14-c000259"", ""ox14-c000278"", ""ox14-c000355"", ""ox14-c000229""]",ow14-s0239,negative_only,"{""ox14-c000229"": 127, ""ox14-c000254"": 132, ""ox14-c000259"": 132, ""ox14-c000278"": 132, ""ox14-c000355"": 132}",4-1,"[132, 132, 132, 132, 127]",132>132>132>132>127,not_applicable,not_applicable,not_applicable,not_applicable,not_applicable,not_applicable,not_applicable,not_applicable,not_applicable
False,5,2,True,False,3,"[""ox14-c000065"", ""ox14-c000125"", ""ox14-c000204"", ""ox14-c000031"", ""ox14-c000294""]",ow14-s0240,negative_only,"{""ox14-c000031"": 117, ""ox14-c000065"": 132, ""ox14-c000125"": 132, ""ox14-c000204"": 132, ""ox14-c000294"": 117}",3-2,"[132, 132, 132, 117, 117]",132>132>132>117>117,not_applicable,not_applicable,not_applicable,not_applicable,not_applicable,not_applicable,not_applicable,not_applicable,not_applicable
False,5,2,True,False,4,"[""ox14-c000044"", ""ox14-c000066"", ""ox14-c000261"", ""ox14-c000409"", ""ox14-c000164""]",ow14-s0241,negative_only,"{""ox14-c000044"": 132, ""ox14-c000066"": 132, ""ox14-c000164"": 117, ""ox14-c000261"": 132, ""ox14-c000409"": 132}",4-1,"[132, 132, 132, 132, 117]",132>132>132>132>117,not_applicable,not_applicable,not_applicable,not_applicable,not_applicable,not_applicable,not_applicable,not_applicable,not_applicable
False,5,2,True,False,4,"[""ox14-c000112"", ""ox14-c000208"", ""ox14-c000414"", ""ox14-c000432"", ""ox14-c000224""]",ow14-s0242,negative_only,"{""ox14-c000112"": 132, ""ox14-c000208"": 132, ""ox14-c000224"": 127, ""ox14-c000414"": 132, ""ox14-c000432"": 132}",4-1,"[132, 132, 132, 132, 127]",132>132>132>132>127,not_applicable,not_applicable,not_applicable,not_applicable,not_applicable,not_applicable,not_applicable,not_applicable,not_applicable
False,5,3,True,False,3,"[""ox14-c000210"", ""ox14-c000391"", ""ox14-c000402"", ""ox14-c000362"", ""ox14-c000310""]",ow14-s0243,negative_only,"{""ox14-c000210"": 132, ""ox14-c000310"": 117, ""ox14-c000362"": 127, ""ox14-c000391"": 132, ""ox14-c000402"": 132}",3-1-1,"[132, 132, 132, 127, 117]",132>132>132>127>117,not_applicable,not_applicable,not_applicable,not_applicable,not_applicable,not_applicable,not_applicable,not_applicable,not_applicable
False,5,3,True,False,3,"[""ox14-c000067"", ""ox14-c000252"", ""ox14-c000320"", ""ox14-c000225"", ""ox14-c000036""]",ow14-s0244,negative_only,"{""ox14-c000036"": 117, ""ox14-c000067"": 132, ""ox14-c000225"": 127, ""ox14-c000252"": 132, ""ox14-c000320"": 132}",3-1-1,"[132, 132, 132, 127, 117]",132>132>132>127>117,not_applicable,not_applicable,not_applicable,not_applicable,not_applicable,not_applicable,not_applicable,not_applicable,not_applicable
False,5,3,True,False,2,"[""ox14-c000072"", ""ox14-c000140"", ""ox14-c000090"", ""ox14-c000369"", ""ox14-c000165""]",ow14-s0245,negative_only,"{""ox14-c000072"": 132, ""ox14-c000090"": 127, ""ox14-c000140"": 132, ""ox14-c000165"": 117, ""ox14-c000369"": 127}",2-2-1,"[132, 132, 127, 127, 117]",132>132>127>127>117,not_applicable,not_applicable,not_applicable,not_applicable,not_applicable,not_applicable,not_applicable,not_applicable,not_applicable
False,5,2,True,False,4,"[""ox14-c000046"", ""ox14-c000246"", ""ox14-c000265"", ""ox14-c000389"", ""ox14-c000081""]",ow14-s0246,negative_only,"{""ox14-c000046"": 132, ""ox14-c000081"": 127, ""ox14-c000246"": 132, ""ox14-c000265"": 132, ""ox14-c000389"": 132}",4-1,"[132, 132, 132, 132, 127]",132>132>132>132>127,not_applicable,not_applicable,not_applicable,not_applicable,not_applicable,not_applicable,not_applicable,not_applicable,not_applicable
False,5,2,True,False,4,"[""ox14-c000108"", ""ox14-c000121"", ""ox14-c000211"", ""ox14-c000323"", ""ox14-c000025""]",ow14-s0247,negative_only,"{""ox14-c000025"": 117, ""ox14-c000108"": 132, ""ox14-c000121"": 132, ""ox14-c000211"": 132, ""ox14-c000323"": 132}",4-1,"[132, 132, 132, 132, 117]",132>132>132>132>117,not_applicable,not_applicable,not_applicable,not_applicable,not_applicable,not_applicable,not_applicable,not_applicable,not_applicable
False,5,2,True,False,3,"[""ox14-c000058"", ""ox14-c000197"", ""ox14-c000012"", ""ox14-c000037"", ""ox14-c000181""]",ow14-s0248,negative_only,"{""ox14-c000012"": 117, ""ox14-c000037"": 117, ""ox14-c000058"": 132, ""ox14-c000181"": 117, ""ox14-c000197"": 132}",3-2,"[132, 132, 117, 117, 117]",132>132>117>117>117,not_applicable,not_applicable,not_applicable,not_applicable,not_applicable,not_applicable,not_applicable,not_applicable,not_applicable
False,5,2,True,False,3,"[""ox14-c000245"", ""ox14-c000270"", ""ox14-c000354"", ""ox14-c000087"", ""ox14-c000374""]",ow14-s0249,negative_only,"{""ox14-c000087"": 127, ""ox14-c000245"": 132, ""ox14-c000270"": 132, ""ox14-c000354"": 132, ""ox14-c000374"": 127}",3-2,"[132, 132, 132, 127, 127]",132>132>132>127>127,not_applicable,not_applicable,not_applicable,not_applicable,not_applicable,not_applicable,not_applicable,not_applicable,not_applicable
False,5,2,True,False,3,"[""ox14-c000075"", ""ox14-c000127"", ""ox14-c000406"", ""ox14-c000033"", ""ox14-c000297""]",ow14-s0250,negative_only,"{""ox14-c000033"": 117, ""ox14-c000075"": 132, ""ox14-c000127"": 132, ""ox14-c000297"": 117, ""ox14-c000406"": 132}",3-2,"[132, 132, 132, 117, 117]",132>132>132>117>117,not_applicable,not_applicable,not_applicable,not_applicable,not_applicable,not_applicable,not_applicable,not_applicable,not_applicable
False,5,3,True,False,3,"[""ox14-c000060"", ""ox14-c000277"", ""ox14-c000352"", ""ox14-c000357"", ""ox14-c000183""]",ow14-s0251,negative_only,"{""ox14-c000060"": 132, ""ox14-c000183"": 117, ""ox14-c000277"": 132, ""ox14-c000352"": 132, ""ox14-c000357"": 127}",3-1-1,"[132, 132, 132, 127, 117]",132>132>132>127>117,not_applicable,not_applicable,not_applicable,not_applicable,not_applicable,not_applicable,not_applicable,not_applicable,not_applicable
False,5,2,True,False,4,"[""ox14-c000103"", ""ox14-c000113"", ""ox14-c000381"", ""ox14-c000398"", ""ox14-c000293""]",ow14-s0252,negative_only,"{""ox14-c000103"": 132, ""ox14-c000113"": 132, ""ox14-c000293"": 117, ""ox14-c000381"": 132, ""ox14-c000398"": 132}",4-1,"[132, 132, 132, 132, 117]",132>132>132>132>117,not_applicable,not_applicable,not_applicable,not_applicable,not_applicable,not_applicable,not_applicable,not_applicable,not_applicable
False,5,2,True,False,3,"[""ox14-c000107"", ""ox14-c000422"", ""ox14-c000427"", ""ox14-c000093"", ""ox14-c000373""]",ow14-s0253,negative_only,"{""ox14-c000093"": 127, ""ox14-c000107"": 132, ""ox14-c000373"": 127, ""ox14-c000422"": 132, ""ox14-c000427"": 132}",3-2,"[132, 132, 132, 127, 127]",132>132>132>127>127,not_applicable,not_applicable,not_applicable,not_applicable,not_applicable,not_applicable,not_applicable,not_applicable,not_applicable
True,5,1,True,True,5,"[""ox14-c000053"", ""ox14-c000216"", ""ox14-c000337"", ""ox14-c000350"", ""ox14-c000384""]",ow14-s0254,negative_only,"{""ox14-c000053"": 132, ""ox14-c000216"": 132, ""ox14-c000337"": 132, ""ox14-c000350"": 132, ""ox14-c000384"": 132}",5,"[132, 132, 132, 132, 132]",132>132>132>132>132,not_applicable,not_applicable,not_applicable,not_applicable,not_applicable,not_applicable,not_applicable,not_applicable,not_applicable
False,5,2,True,False,3,"[""ox14-c000207"", ""ox14-c000220"", ""ox14-c000344"", ""ox14-c000016"", ""ox14-c000177""]",ow14-s0255,negative_only,"{""ox14-c000016"": 117, ""ox14-c000177"": 117, ""ox14-c000207"": 132, ""ox14-c000220"": 132, ""ox14-c000344"": 132}",3-2,"[132, 132, 132, 117, 117]",132>132>132>117>117,not_applicable,not_applicable,not_applicable,not_applicable,not_applicable,not_applicable,not_applicable,not_applicable,not_applicable
False,5,2,True,False,3,"[""ox14-c000061"", ""ox14-c000268"", ""ox14-c000434"", ""ox14-c000026"", ""ox14-c000314""]",ow14-s0256,negative_only,"{""ox14-c000026"": 117, ""ox14-c000061"": 132, ""ox14-c000268"": 132, ""ox14-c000314"": 117, ""ox14-c000434"": 132}",3-2,"[132, 132, 132, 117, 117]",132>132>132>117>117,not_applicable,not_applicable,not_applicable,not_applicable,not_applicable,not_applicable,not_applicable,not_applicable,not_applicable
False,5,3,True,False,3,"[""ox14-c000109"", ""ox14-c000219"", ""ox14-c000273"", ""ox14-c000363"", ""ox14-c000034""]",ow14-s0257,negative_only,"{""ox14-c000034"": 117, ""ox14-c000109"": 132, ""ox14-c000219"": 132, ""ox14-c000273"": 132, ""ox14-c000363"": 127}",3-1-1,"[132, 132, 132, 127, 117]",132>132>132>127>117,not_applicable,not_applicable,not_applicable,not_applicable,not_applicable,not_applicable,not_applicable,not_applicable,not_applicable
False,5,3,True,False,3,"[""ox14-c000100"", ""ox14-c000101"", ""ox14-c000405"", ""ox14-c000226"", ""ox14-c000303""]",ow14-s0258,negative_only,"{""ox14-c000100"": 132, ""ox14-c000101"": 132, ""ox14-c000226"": 127, ""ox14-c000303"": 117, ""ox14-c000405"": 132}",3-1-1,"[132, 132, 132, 127, 117]",132>132>132>127>117,not_applicable,not_applicable,not_applicable,not_applicable,not_applicable,not_applicable,not_applicable,not_applicable,not_applicable
True,5,1,True,True,5,"[""ox14-c000048"", ""ox14-c000064"", ""ox14-c000111"", ""ox14-c000212"", ""ox14-c000387""]",ow14-s0259,negative_only,"{""ox14-c000048"": 132, ""ox14-c000064"": 132, ""ox14-c000111"": 132, ""ox14-c000212"": 132, ""ox14-c000387"": 132}",5,"[132, 132, 132, 132, 132]",132>132>132>132>132,not_applicable,not_applicable,not_applicable,not_applicable,not_applicable,not_applicable,not_applicable,not_applicable,not_applicable
False,5,2,True,False,4,"[""ox14-c000141"", ""ox14-c000251"", ""ox14-c000399"", ""ox14-c000423"", ""ox14-c000082""]",ow14-s0260,negative_only,"{""ox14-c000082"": 127, ""ox14-c000141"": 132, ""ox14-c000251"": 132, ""ox14-c000399"": 132, ""ox14-c000423"": 132}",4-1,"[132, 132, 132, 132, 127]",132>132>132>132>127,not_applicable,not_applicable,not_applicable,not_applicable,not_applicable,not_applicable,not_applicable,not_applicable,not_applicable
False,5,3,True,False,3,"[""ox14-c000077"", ""ox14-c000395"", ""ox14-c000410"", ""ox14-c000085"", ""ox14-c000296""]",ow14-s0261,negative_only,"{""ox14-c000077"": 132, ""ox14-c000085"": 127, ""ox14-c000296"": 117, ""ox14-c000395"": 132, ""ox14-c000410"": 132}",3-1-1,"[132, 132, 132, 127, 117]",132>132>132>127>117,not_applicable,not_applicable,not_applicable,not_applicable,not_applicable,not_applicable,not_applicable,not_applicable,not_applicable
False,5,3,True,False,3,"[""ox14-c000118"", ""ox14-c000188"", ""ox14-c000353"", ""ox14-c000223"", ""ox14-c000307""]",ow14-s0262,negative_only,"{""ox14-c000118"": 132, ""ox14-c000188"": 132, ""ox14-c000223"": 127, ""ox14-c000307"": 117, ""ox14-c000353"": 132}",3-1-1,"[132, 132, 132, 127, 117]",132>132>132>127>117,not_applicable,not_applicable,not_applicable,not_applicable,not_applicable,not_applicable,not_applicable,not_applicable,not_applicable
False,5,2,True,False,3,"[""ox14-c000351"", ""ox14-c000404"", ""ox14-c000167"", ""ox14-c000311"", ""ox14-c000315""]",ow14-s0263,negative_only,"{""ox14-c000167"": 117, ""ox14-c000311"": 117, ""ox14-c000315"": 117, ""ox14-c000351"": 132, ""ox14-c000404"": 132}",3-2,"[132, 132, 117, 117, 117]",132>132>117>117>117,not_applicable,not_applicable,not_applicable,not_applicable,not_applicable,not_applicable,not_applicable,not_applicable,not_applicable
False,5,2,True,False,3,"[""ox14-c000117"", ""ox14-c000272"", ""ox14-c000429"", ""ox14-c000029"", ""ox14-c000161""]",ow14-s0264,negative_only,"{""ox14-c000029"": 117, ""ox14-c000117"": 132, ""ox14-c000161"": 117, ""ox14-c000272"": 132, ""ox14-c000429"": 132}",3-2,"[132, 132, 132, 117, 117]",132>132>132>117>117,not_applicable,not_applicable,not_applicable,not_applicable,not_applicable,not_applicable,not_applicable,not_applicable,not_applicable
True,5,1,True,True,5,"[""ox14-c000136"", ""ox14-c000185"", ""ox14-c000346"", ""ox14-c000377"", ""ox14-c000396""]",ow14-s0265,negative_only,"{""ox14-c000136"": 132, ""ox14-c000185"": 132, ""ox14-c000346"": 132, ""ox14-c000377"": 132, ""ox14-c000396"": 132}",5,"[132, 132, 132, 132, 132]",132>132>132>132>132,not_applicable,not_applicable,not_applicable,not_applicable,not_applicable,not_applicable,not_applicable,not_applicable,not_applicable
False,5,2,True,False,4,"[""ox14-c000070"", ""ox14-c000099"", ""ox14-c000198"", ""ox14-c000247"", ""ox14-c000023""]",ow14-s0266,negative_only,"{""ox14-c000023"": 117, ""ox14-c000070"": 132, ""ox14-c000099"": 132, ""ox14-c000198"": 132, ""ox14-c000247"": 132}",4-1,"[132, 132, 132, 132, 117]",132>132>132>132>117,not_applicable,not_applicable,not_applicable,not_applicable,not_applicable,not_applicable,not_applicable,not_applicable,not_applicable
