schedule_index,arm_id,scenario_id,trial_number,candidate_snapshot_sha256,candidate_count,test_budget,top_k,status
1,deterministic_structural,x13-001,1,86e8471347fd33a95b95d6c9fe5114642a906278de47493094d876fa8094c795,4,4,4,planned_not_executed
2,deterministic_structural,x13-002,1,723e005446bf4c12be98e7085e37724d4e69ec75059cb322ca8859a14bd568c1,5,4,4,planned_not_executed
3,deterministic_structural,x13-003,1,62dbda36a4326645655fb54450f9b4bb8bfa9b058858c26c35adbcffe9c1fd24,6,4,4,planned_not_executed
4,deterministic_structural,x13-004,1,53af8029b8c943f1c8ffe835aa1dcffea4bb1100fdecb0dc10b5ab00d631b935,6,4,4,planned_not_executed
5,deterministic_structural,x13-005,1,d522b983952d09db4ed33c62424330b15f204c4bdad49db3db61089333b722e7,7,4,4,planned_not_executed
6,deterministic_structural,x13-006,1,57086366ee4e6fe40273e286c8f16cb2a7da1c2ef325b2708eccbeb6a9f42e7b,8,4,4,planned_not_executed
7,deterministic_structural,x13-007,1,7143565ba5ae0763fd4c7cf0573c3622e4db8472e77c4a9fb6bf2afbeaf6ba07,5,4,4,planned_not_executed
8,deterministic_structural,x13-008,1,a6693cf150b0e3b8c8af74386e00f22b1c1b7623d2392b33dbb1a13de1313819,6,4,4,planned_not_executed
9,deterministic_structural,x13-009,1,778da6048f802c273c194cf6b2dbc6ecd0c7d57f9646e70ada60fde0f56c16fc,4,4,4,planned_not_executed
10,deterministic_structural,x13-010,1,7513a35844fc0c7bfcb603eabe73729e2c3a43f0083202d63612ff34f6ba2ee1,7,4,4,planned_not_executed
11,deterministic_structural,x13-011,1,de5a03bc89c9553f71d032edec99289bfab23f8a723602b32492c154e50a6bbd,6,4,4,planned_not_executed
12,deterministic_structural,x13-012,1,270677e4e3788c27973424a9b973ef534dc56612cbfc40167f8d6a6bf60e6338,8,4,4,planned_not_executed
13,deterministic_structural,x13-013,1,67d9da936d747e2acc61f40bfc9af447b2ee426579ed50f669363529959642c7,5,4,4,planned_not_executed
14,deterministic_structural,x13-014,1,65962a7c0c60cfd95956ba614d977f615f0f745fc2597886a85e622598eccb45,6,4,4,planned_not_executed
15,deterministic_structural,x13-015,1,cec22232e8e515cbd36656d712db9e7280ad387d46533a4e106210df3e8e4af2,7,4,4,planned_not_executed
16,deterministic_structural,x13-016,1,f22cfbfe812d9e28177a61e5b28cb4bd2bab7fa8b7b3166b9a0210d3a053a1ae,5,4,4,planned_not_executed
17,deterministic_structural,x13-017,1,1dc98631204f7f0df6fff6a1e20ba8c4b9e175099982e385d65bc8ebe221d76e,4,4,4,planned_not_executed
18,deterministic_structural,x13-018,1,c40a0e0dd29f9633988987c663d12f98b4c8f84d6c8fd2553043581817d1bab9,5,4,4,planned_not_executed
19,deterministic_structural,x13-019,1,c50f5583c41162ec8bbcf811b416c679c91476b0e41cf5bf9c5086f222adc68d,6,4,4,planned_not_executed
20,deterministic_structural,x13-020,1,4080877d3ba9a92d3b9bf031e52ca0f049eae8a27622ea29c55630bb33deb8be,7,4,4,planned_not_executed
21,deterministic_structural,x13-021,1,2d21f57af9105f9900a5266b372baa9c740d289ccbc6aa531223c3ea31fd381e,6,4,4,planned_not_executed
22,deterministic_structural,x13-022,1,0643b8ac383858f901b8169db98ad2bf17f174edeb8e6797602b6b37eb21c38f,6,4,4,planned_not_executed
23,deterministic_structural,x13-023,1,a302f26a9e7e4a98e869a0129d059927103b33101a6416b60f14fe94d590b848,8,4,4,planned_not_executed
24,deterministic_structural,x13-024,1,07f1e765a2c5d4a41b6e0fe1adf869d37cac0bc409b9409f9c03235f88f6c16c,4,4,4,planned_not_executed
25,proprietary_gpt,x13-001,1,86e8471347fd33a95b95d6c9fe5114642a906278de47493094d876fa8094c795,4,4,4,planned_not_executed
26,proprietary_gpt,x13-002,1,723e005446bf4c12be98e7085e37724d4e69ec75059cb322ca8859a14bd568c1,5,4,4,planned_not_executed
27,proprietary_gpt,x13-003,1,62dbda36a4326645655fb54450f9b4bb8bfa9b058858c26c35adbcffe9c1fd24,6,4,4,planned_not_executed
28,proprietary_gpt,x13-004,1,53af8029b8c943f1c8ffe835aa1dcffea4bb1100fdecb0dc10b5ab00d631b935,6,4,4,planned_not_executed
29,proprietary_gpt,x13-005,1,d522b983952d09db4ed33c62424330b15f204c4bdad49db3db61089333b722e7,7,4,4,planned_not_executed
30,proprietary_gpt,x13-006,1,57086366ee4e6fe40273e286c8f16cb2a7da1c2ef325b2708eccbeb6a9f42e7b,8,4,4,planned_not_executed
31,proprietary_gpt,x13-007,1,7143565ba5ae0763fd4c7cf0573c3622e4db8472e77c4a9fb6bf2afbeaf6ba07,5,4,4,planned_not_executed
32,proprietary_gpt,x13-008,1,a6693cf150b0e3b8c8af74386e00f22b1c1b7623d2392b33dbb1a13de1313819,6,4,4,planned_not_executed
33,proprietary_gpt,x13-009,1,778da6048f802c273c194cf6b2dbc6ecd0c7d57f9646e70ada60fde0f56c16fc,4,4,4,planned_not_executed
34,proprietary_gpt,x13-010,1,7513a35844fc0c7bfcb603eabe73729e2c3a43f0083202d63612ff34f6ba2ee1,7,4,4,planned_not_executed
35,proprietary_gpt,x13-011,1,de5a03bc89c9553f71d032edec99289bfab23f8a723602b32492c154e50a6bbd,6,4,4,planned_not_executed
36,proprietary_gpt,x13-012,1,270677e4e3788c27973424a9b973ef534dc56612cbfc40167f8d6a6bf60e6338,8,4,4,planned_not_executed
37,proprietary_gpt,x13-013,1,67d9da936d747e2acc61f40bfc9af447b2ee426579ed50f669363529959642c7,5,4,4,planned_not_executed
38,proprietary_gpt,x13-014,1,65962a7c0c60cfd95956ba614d977f615f0f745fc2597886a85e622598eccb45,6,4,4,planned_not_executed
39,proprietary_gpt,x13-015,1,cec22232e8e515cbd36656d712db9e7280ad387d46533a4e106210df3e8e4af2,7,4,4,planned_not_executed
40,proprietary_gpt,x13-016,1,f22cfbfe812d9e28177a61e5b28cb4bd2bab7fa8b7b3166b9a0210d3a053a1ae,5,4,4,planned_not_executed
41,proprietary_gpt,x13-017,1,1dc98631204f7f0df6fff6a1e20ba8c4b9e175099982e385d65bc8ebe221d76e,4,4,4,planned_not_executed
42,proprietary_gpt,x13-018,1,c40a0e0dd29f9633988987c663d12f98b4c8f84d6c8fd2553043581817d1bab9,5,4,4,planned_not_executed
43,proprietary_gpt,x13-019,1,c50f5583c41162ec8bbcf811b416c679c91476b0e41cf5bf9c5086f222adc68d,6,4,4,planned_not_executed
44,proprietary_gpt,x13-020,1,4080877d3ba9a92d3b9bf031e52ca0f049eae8a27622ea29c55630bb33deb8be,7,4,4,planned_not_executed
45,proprietary_gpt,x13-021,1,2d21f57af9105f9900a5266b372baa9c740d289ccbc6aa531223c3ea31fd381e,6,4,4,planned_not_executed
46,proprietary_gpt,x13-022,1,0643b8ac383858f901b8169db98ad2bf17f174edeb8e6797602b6b37eb21c38f,6,4,4,planned_not_executed
47,proprietary_gpt,x13-023,1,a302f26a9e7e4a98e869a0129d059927103b33101a6416b60f14fe94d590b848,8,4,4,planned_not_executed
48,proprietary_gpt,x13-024,1,07f1e765a2c5d4a41b6e0fe1adf869d37cac0bc409b9409f9c03235f88f6c16c,4,4,4,planned_not_executed
49,proprietary_gpt,x13-001,2,86e8471347fd33a95b95d6c9fe5114642a906278de47493094d876fa8094c795,4,4,4,planned_not_executed
50,proprietary_gpt,x13-002,2,723e005446bf4c12be98e7085e37724d4e69ec75059cb322ca8859a14bd568c1,5,4,4,planned_not_executed
51,proprietary_gpt,x13-003,2,62dbda36a4326645655fb54450f9b4bb8bfa9b058858c26c35adbcffe9c1fd24,6,4,4,planned_not_executed
52,proprietary_gpt,x13-004,2,53af8029b8c943f1c8ffe835aa1dcffea4bb1100fdecb0dc10b5ab00d631b935,6,4,4,planned_not_executed
53,proprietary_gpt,x13-005,2,d522b983952d09db4ed33c62424330b15f204c4bdad49db3db61089333b722e7,7,4,4,planned_not_executed
54,proprietary_gpt,x13-006,2,57086366ee4e6fe40273e286c8f16cb2a7da1c2ef325b2708eccbeb6a9f42e7b,8,4,4,planned_not_executed
55,proprietary_gpt,x13-007,2,7143565ba5ae0763fd4c7cf0573c3622e4db8472e77c4a9fb6bf2afbeaf6ba07,5,4,4,planned_not_executed
56,proprietary_gpt,x13-008,2,a6693cf150b0e3b8c8af74386e00f22b1c1b7623d2392b33dbb1a13de1313819,6,4,4,planned_not_executed
57,proprietary_gpt,x13-009,2,778da6048f802c273c194cf6b2dbc6ecd0c7d57f9646e70ada60fde0f56c16fc,4,4,4,planned_not_executed
58,proprietary_gpt,x13-010,2,7513a35844fc0c7bfcb603eabe73729e2c3a43f0083202d63612ff34f6ba2ee1,7,4,4,planned_not_executed
59,proprietary_gpt,x13-011,2,de5a03bc89c9553f71d032edec99289bfab23f8a723602b32492c154e50a6bbd,6,4,4,planned_not_executed
60,proprietary_gpt,x13-012,2,270677e4e3788c27973424a9b973ef534dc56612cbfc40167f8d6a6bf60e6338,8,4,4,planned_not_executed
61,proprietary_gpt,x13-013,2,67d9da936d747e2acc61f40bfc9af447b2ee426579ed50f669363529959642c7,5,4,4,planned_not_executed
62,proprietary_gpt,x13-014,2,65962a7c0c60cfd95956ba614d977f615f0f745fc2597886a85e622598eccb45,6,4,4,planned_not_executed
63,proprietary_gpt,x13-015,2,cec22232e8e515cbd36656d712db9e7280ad387d46533a4e106210df3e8e4af2,7,4,4,planned_not_executed
64,proprietary_gpt,x13-016,2,f22cfbfe812d9e28177a61e5b28cb4bd2bab7fa8b7b3166b9a0210d3a053a1ae,5,4,4,planned_not_executed
65,proprietary_gpt,x13-017,2,1dc98631204f7f0df6fff6a1e20ba8c4b9e175099982e385d65bc8ebe221d76e,4,4,4,planned_not_executed
66,proprietary_gpt,x13-018,2,c40a0e0dd29f9633988987c663d12f98b4c8f84d6c8fd2553043581817d1bab9,5,4,4,planned_not_executed
67,proprietary_gpt,x13-019,2,c50f5583c41162ec8bbcf811b416c679c91476b0e41cf5bf9c5086f222adc68d,6,4,4,planned_not_executed
68,proprietary_gpt,x13-020,2,4080877d3ba9a92d3b9bf031e52ca0f049eae8a27622ea29c55630bb33deb8be,7,4,4,planned_not_executed
69,proprietary_gpt,x13-021,2,2d21f57af9105f9900a5266b372baa9c740d289ccbc6aa531223c3ea31fd381e,6,4,4,planned_not_executed
70,proprietary_gpt,x13-022,2,0643b8ac383858f901b8169db98ad2bf17f174edeb8e6797602b6b37eb21c38f,6,4,4,planned_not_executed
71,proprietary_gpt,x13-023,2,a302f26a9e7e4a98e869a0129d059927103b33101a6416b60f14fe94d590b848,8,4,4,planned_not_executed
72,proprietary_gpt,x13-024,2,07f1e765a2c5d4a41b6e0fe1adf869d37cac0bc409b9409f9c03235f88f6c16c,4,4,4,planned_not_executed
73,proprietary_gpt,x13-001,3,86e8471347fd33a95b95d6c9fe5114642a906278de47493094d876fa8094c795,4,4,4,planned_not_executed
74,proprietary_gpt,x13-002,3,723e005446bf4c12be98e7085e37724d4e69ec75059cb322ca8859a14bd568c1,5,4,4,planned_not_executed
75,proprietary_gpt,x13-003,3,62dbda36a4326645655fb54450f9b4bb8bfa9b058858c26c35adbcffe9c1fd24,6,4,4,planned_not_executed
76,proprietary_gpt,x13-004,3,53af8029b8c943f1c8ffe835aa1dcffea4bb1100fdecb0dc10b5ab00d631b935,6,4,4,planned_not_executed
77,proprietary_gpt,x13-005,3,d522b983952d09db4ed33c62424330b15f204c4bdad49db3db61089333b722e7,7,4,4,planned_not_executed
78,proprietary_gpt,x13-006,3,57086366ee4e6fe40273e286c8f16cb2a7da1c2ef325b2708eccbeb6a9f42e7b,8,4,4,planned_not_executed
79,proprietary_gpt,x13-007,3,7143565ba5ae0763fd4c7cf0573c3622e4db8472e77c4a9fb6bf2afbeaf6ba07,5,4,4,planned_not_executed
80,proprietary_gpt,x13-008,3,a6693cf150b0e3b8c8af74386e00f22b1c1b7623d2392b33dbb1a13de1313819,6,4,4,planned_not_executed
81,proprietary_gpt,x13-009,3,778da6048f802c273c194cf6b2dbc6ecd0c7d57f9646e70ada60fde0f56c16fc,4,4,4,planned_not_executed
82,proprietary_gpt,x13-010,3,7513a35844fc0c7bfcb603eabe73729e2c3a43f0083202d63612ff34f6ba2ee1,7,4,4,planned_not_executed
83,proprietary_gpt,x13-011,3,de5a03bc89c9553f71d032edec99289bfab23f8a723602b32492c154e50a6bbd,6,4,4,planned_not_executed
84,proprietary_gpt,x13-012,3,270677e4e3788c27973424a9b973ef534dc56612cbfc40167f8d6a6bf60e6338,8,4,4,planned_not_executed
85,proprietary_gpt,x13-013,3,67d9da936d747e2acc61f40bfc9af447b2ee426579ed50f669363529959642c7,5,4,4,planned_not_executed
86,proprietary_gpt,x13-014,3,65962a7c0c60cfd95956ba614d977f615f0f745fc2597886a85e622598eccb45,6,4,4,planned_not_executed
87,proprietary_gpt,x13-015,3,cec22232e8e515cbd36656d712db9e7280ad387d46533a4e106210df3e8e4af2,7,4,4,planned_not_executed
88,proprietary_gpt,x13-016,3,f22cfbfe812d9e28177a61e5b28cb4bd2bab7fa8b7b3166b9a0210d3a053a1ae,5,4,4,planned_not_executed
89,proprietary_gpt,x13-017,3,1dc98631204f7f0df6fff6a1e20ba8c4b9e175099982e385d65bc8ebe221d76e,4,4,4,planned_not_executed
90,proprietary_gpt,x13-018,3,c40a0e0dd29f9633988987c663d12f98b4c8f84d6c8fd2553043581817d1bab9,5,4,4,planned_not_executed
91,proprietary_gpt,x13-019,3,c50f5583c41162ec8bbcf811b416c679c91476b0e41cf5bf9c5086f222adc68d,6,4,4,planned_not_executed
92,proprietary_gpt,x13-020,3,4080877d3ba9a92d3b9bf031e52ca0f049eae8a27622ea29c55630bb33deb8be,7,4,4,planned_not_executed
93,proprietary_gpt,x13-021,3,2d21f57af9105f9900a5266b372baa9c740d289ccbc6aa531223c3ea31fd381e,6,4,4,planned_not_executed
94,proprietary_gpt,x13-022,3,0643b8ac383858f901b8169db98ad2bf17f174edeb8e6797602b6b37eb21c38f,6,4,4,planned_not_executed
95,proprietary_gpt,x13-023,3,a302f26a9e7e4a98e869a0129d059927103b33101a6416b60f14fe94d590b848,8,4,4,planned_not_executed
96,proprietary_gpt,x13-024,3,07f1e765a2c5d4a41b6e0fe1adf869d37cac0bc409b9409f9c03235f88f6c16c,4,4,4,planned_not_executed
97,proprietary_gpt,x13-001,4,86e8471347fd33a95b95d6c9fe5114642a906278de47493094d876fa8094c795,4,4,4,planned_not_executed
98,proprietary_gpt,x13-002,4,723e005446bf4c12be98e7085e37724d4e69ec75059cb322ca8859a14bd568c1,5,4,4,planned_not_executed
99,proprietary_gpt,x13-003,4,62dbda36a4326645655fb54450f9b4bb8bfa9b058858c26c35adbcffe9c1fd24,6,4,4,planned_not_executed
100,proprietary_gpt,x13-004,4,53af8029b8c943f1c8ffe835aa1dcffea4bb1100fdecb0dc10b5ab00d631b935,6,4,4,planned_not_executed
101,proprietary_gpt,x13-005,4,d522b983952d09db4ed33c62424330b15f204c4bdad49db3db61089333b722e7,7,4,4,planned_not_executed
102,proprietary_gpt,x13-006,4,57086366ee4e6fe40273e286c8f16cb2a7da1c2ef325b2708eccbeb6a9f42e7b,8,4,4,planned_not_executed
103,proprietary_gpt,x13-007,4,7143565ba5ae0763fd4c7cf0573c3622e4db8472e77c4a9fb6bf2afbeaf6ba07,5,4,4,planned_not_executed
104,proprietary_gpt,x13-008,4,a6693cf150b0e3b8c8af74386e00f22b1c1b7623d2392b33dbb1a13de1313819,6,4,4,planned_not_executed
105,proprietary_gpt,x13-009,4,778da6048f802c273c194cf6b2dbc6ecd0c7d57f9646e70ada60fde0f56c16fc,4,4,4,planned_not_executed
106,proprietary_gpt,x13-010,4,7513a35844fc0c7bfcb603eabe73729e2c3a43f0083202d63612ff34f6ba2ee1,7,4,4,planned_not_executed
107,proprietary_gpt,x13-011,4,de5a03bc89c9553f71d032edec99289bfab23f8a723602b32492c154e50a6bbd,6,4,4,planned_not_executed
108,proprietary_gpt,x13-012,4,270677e4e3788c27973424a9b973ef534dc56612cbfc40167f8d6a6bf60e6338,8,4,4,planned_not_executed
109,proprietary_gpt,x13-013,4,67d9da936d747e2acc61f40bfc9af447b2ee426579ed50f669363529959642c7,5,4,4,planned_not_executed
110,proprietary_gpt,x13-014,4,65962a7c0c60cfd95956ba614d977f615f0f745fc2597886a85e622598eccb45,6,4,4,planned_not_executed
111,proprietary_gpt,x13-015,4,cec22232e8e515cbd36656d712db9e7280ad387d46533a4e106210df3e8e4af2,7,4,4,planned_not_executed
112,proprietary_gpt,x13-016,4,f22cfbfe812d9e28177a61e5b28cb4bd2bab7fa8b7b3166b9a0210d3a053a1ae,5,4,4,planned_not_executed
113,proprietary_gpt,x13-017,4,1dc98631204f7f0df6fff6a1e20ba8c4b9e175099982e385d65bc8ebe221d76e,4,4,4,planned_not_executed
114,proprietary_gpt,x13-018,4,c40a0e0dd29f9633988987c663d12f98b4c8f84d6c8fd2553043581817d1bab9,5,4,4,planned_not_executed
115,proprietary_gpt,x13-019,4,c50f5583c41162ec8bbcf811b416c679c91476b0e41cf5bf9c5086f222adc68d,6,4,4,planned_not_executed
116,proprietary_gpt,x13-020,4,4080877d3ba9a92d3b9bf031e52ca0f049eae8a27622ea29c55630bb33deb8be,7,4,4,planned_not_executed
117,proprietary_gpt,x13-021,4,2d21f57af9105f9900a5266b372baa9c740d289ccbc6aa531223c3ea31fd381e,6,4,4,planned_not_executed
118,proprietary_gpt,x13-022,4,0643b8ac383858f901b8169db98ad2bf17f174edeb8e6797602b6b37eb21c38f,6,4,4,planned_not_executed
119,proprietary_gpt,x13-023,4,a302f26a9e7e4a98e869a0129d059927103b33101a6416b60f14fe94d590b848,8,4,4,planned_not_executed
120,proprietary_gpt,x13-024,4,07f1e765a2c5d4a41b6e0fe1adf869d37cac0bc409b9409f9c03235f88f6c16c,4,4,4,planned_not_executed
121,proprietary_gpt,x13-001,5,86e8471347fd33a95b95d6c9fe5114642a906278de47493094d876fa8094c795,4,4,4,planned_not_executed
122,proprietary_gpt,x13-002,5,723e005446bf4c12be98e7085e37724d4e69ec75059cb322ca8859a14bd568c1,5,4,4,planned_not_executed
123,proprietary_gpt,x13-003,5,62dbda36a4326645655fb54450f9b4bb8bfa9b058858c26c35adbcffe9c1fd24,6,4,4,planned_not_executed
124,proprietary_gpt,x13-004,5,53af8029b8c943f1c8ffe835aa1dcffea4bb1100fdecb0dc10b5ab00d631b935,6,4,4,planned_not_executed
125,proprietary_gpt,x13-005,5,d522b983952d09db4ed33c62424330b15f204c4bdad49db3db61089333b722e7,7,4,4,planned_not_executed
126,proprietary_gpt,x13-006,5,57086366ee4e6fe40273e286c8f16cb2a7da1c2ef325b2708eccbeb6a9f42e7b,8,4,4,planned_not_executed
127,proprietary_gpt,x13-007,5,7143565ba5ae0763fd4c7cf0573c3622e4db8472e77c4a9fb6bf2afbeaf6ba07,5,4,4,planned_not_executed
128,proprietary_gpt,x13-008,5,a6693cf150b0e3b8c8af74386e00f22b1c1b7623d2392b33dbb1a13de1313819,6,4,4,planned_not_executed
129,proprietary_gpt,x13-009,5,778da6048f802c273c194cf6b2dbc6ecd0c7d57f9646e70ada60fde0f56c16fc,4,4,4,planned_not_executed
130,proprietary_gpt,x13-010,5,7513a35844fc0c7bfcb603eabe73729e2c3a43f0083202d63612ff34f6ba2ee1,7,4,4,planned_not_executed
131,proprietary_gpt,x13-011,5,de5a03bc89c9553f71d032edec99289bfab23f8a723602b32492c154e50a6bbd,6,4,4,planned_not_executed
132,proprietary_gpt,x13-012,5,270677e4e3788c27973424a9b973ef534dc56612cbfc40167f8d6a6bf60e6338,8,4,4,planned_not_executed
133,proprietary_gpt,x13-013,5,67d9da936d747e2acc61f40bfc9af447b2ee426579ed50f669363529959642c7,5,4,4,planned_not_executed
134,proprietary_gpt,x13-014,5,65962a7c0c60cfd95956ba614d977f615f0f745fc2597886a85e622598eccb45,6,4,4,planned_not_executed
135,proprietary_gpt,x13-015,5,cec22232e8e515cbd36656d712db9e7280ad387d46533a4e106210df3e8e4af2,7,4,4,planned_not_executed
136,proprietary_gpt,x13-016,5,f22cfbfe812d9e28177a61e5b28cb4bd2bab7fa8b7b3166b9a0210d3a053a1ae,5,4,4,planned_not_executed
137,proprietary_gpt,x13-017,5,1dc98631204f7f0df6fff6a1e20ba8c4b9e175099982e385d65bc8ebe221d76e,4,4,4,planned_not_executed
138,proprietary_gpt,x13-018,5,c40a0e0dd29f9633988987c663d12f98b4c8f84d6c8fd2553043581817d1bab9,5,4,4,planned_not_executed
139,proprietary_gpt,x13-019,5,c50f5583c41162ec8bbcf811b416c679c91476b0e41cf5bf9c5086f222adc68d,6,4,4,planned_not_executed
140,proprietary_gpt,x13-020,5,4080877d3ba9a92d3b9bf031e52ca0f049eae8a27622ea29c55630bb33deb8be,7,4,4,planned_not_executed
141,proprietary_gpt,x13-021,5,2d21f57af9105f9900a5266b372baa9c740d289ccbc6aa531223c3ea31fd381e,6,4,4,planned_not_executed
142,proprietary_gpt,x13-022,5,0643b8ac383858f901b8169db98ad2bf17f174edeb8e6797602b6b37eb21c38f,6,4,4,planned_not_executed
143,proprietary_gpt,x13-023,5,a302f26a9e7e4a98e869a0129d059927103b33101a6416b60f14fe94d590b848,8,4,4,planned_not_executed
144,proprietary_gpt,x13-024,5,07f1e765a2c5d4a41b6e0fe1adf869d37cac0bc409b9409f9c03235f88f6c16c,4,4,4,planned_not_executed
145,local_qwen,x13-001,1,86e8471347fd33a95b95d6c9fe5114642a906278de47493094d876fa8094c795,4,4,4,planned_not_executed
146,local_qwen,x13-002,1,723e005446bf4c12be98e7085e37724d4e69ec75059cb322ca8859a14bd568c1,5,4,4,planned_not_executed
147,local_qwen,x13-003,1,62dbda36a4326645655fb54450f9b4bb8bfa9b058858c26c35adbcffe9c1fd24,6,4,4,planned_not_executed
148,local_qwen,x13-004,1,53af8029b8c943f1c8ffe835aa1dcffea4bb1100fdecb0dc10b5ab00d631b935,6,4,4,planned_not_executed
149,local_qwen,x13-005,1,d522b983952d09db4ed33c62424330b15f204c4bdad49db3db61089333b722e7,7,4,4,planned_not_executed
150,local_qwen,x13-006,1,57086366ee4e6fe40273e286c8f16cb2a7da1c2ef325b2708eccbeb6a9f42e7b,8,4,4,planned_not_executed
151,local_qwen,x13-007,1,7143565ba5ae0763fd4c7cf0573c3622e4db8472e77c4a9fb6bf2afbeaf6ba07,5,4,4,planned_not_executed
152,local_qwen,x13-008,1,a6693cf150b0e3b8c8af74386e00f22b1c1b7623d2392b33dbb1a13de1313819,6,4,4,planned_not_executed
153,local_qwen,x13-009,1,778da6048f802c273c194cf6b2dbc6ecd0c7d57f9646e70ada60fde0f56c16fc,4,4,4,planned_not_executed
154,local_qwen,x13-010,1,7513a35844fc0c7bfcb603eabe73729e2c3a43f0083202d63612ff34f6ba2ee1,7,4,4,planned_not_executed
155,local_qwen,x13-011,1,de5a03bc89c9553f71d032edec99289bfab23f8a723602b32492c154e50a6bbd,6,4,4,planned_not_executed
156,local_qwen,x13-012,1,270677e4e3788c27973424a9b973ef534dc56612cbfc40167f8d6a6bf60e6338,8,4,4,planned_not_executed
157,local_qwen,x13-013,1,67d9da936d747e2acc61f40bfc9af447b2ee426579ed50f669363529959642c7,5,4,4,planned_not_executed
158,local_qwen,x13-014,1,65962a7c0c60cfd95956ba614d977f615f0f745fc2597886a85e622598eccb45,6,4,4,planned_not_executed
159,local_qwen,x13-015,1,cec22232e8e515cbd36656d712db9e7280ad387d46533a4e106210df3e8e4af2,7,4,4,planned_not_executed
160,local_qwen,x13-016,1,f22cfbfe812d9e28177a61e5b28cb4bd2bab7fa8b7b3166b9a0210d3a053a1ae,5,4,4,planned_not_executed
161,local_qwen,x13-017,1,1dc98631204f7f0df6fff6a1e20ba8c4b9e175099982e385d65bc8ebe221d76e,4,4,4,planned_not_executed
162,local_qwen,x13-018,1,c40a0e0dd29f9633988987c663d12f98b4c8f84d6c8fd2553043581817d1bab9,5,4,4,planned_not_executed
163,local_qwen,x13-019,1,c50f5583c41162ec8bbcf811b416c679c91476b0e41cf5bf9c5086f222adc68d,6,4,4,planned_not_executed
164,local_qwen,x13-020,1,4080877d3ba9a92d3b9bf031e52ca0f049eae8a27622ea29c55630bb33deb8be,7,4,4,planned_not_executed
165,local_qwen,x13-021,1,2d21f57af9105f9900a5266b372baa9c740d289ccbc6aa531223c3ea31fd381e,6,4,4,planned_not_executed
166,local_qwen,x13-022,1,0643b8ac383858f901b8169db98ad2bf17f174edeb8e6797602b6b37eb21c38f,6,4,4,planned_not_executed
167,local_qwen,x13-023,1,a302f26a9e7e4a98e869a0129d059927103b33101a6416b60f14fe94d590b848,8,4,4,planned_not_executed
168,local_qwen,x13-024,1,07f1e765a2c5d4a41b6e0fe1adf869d37cac0bc409b9409f9c03235f88f6c16c,4,4,4,planned_not_executed
169,local_qwen,x13-001,2,86e8471347fd33a95b95d6c9fe5114642a906278de47493094d876fa8094c795,4,4,4,planned_not_executed
170,local_qwen,x13-002,2,723e005446bf4c12be98e7085e37724d4e69ec75059cb322ca8859a14bd568c1,5,4,4,planned_not_executed
171,local_qwen,x13-003,2,62dbda36a4326645655fb54450f9b4bb8bfa9b058858c26c35adbcffe9c1fd24,6,4,4,planned_not_executed
172,local_qwen,x13-004,2,53af8029b8c943f1c8ffe835aa1dcffea4bb1100fdecb0dc10b5ab00d631b935,6,4,4,planned_not_executed
173,local_qwen,x13-005,2,d522b983952d09db4ed33c62424330b15f204c4bdad49db3db61089333b722e7,7,4,4,planned_not_executed
174,local_qwen,x13-006,2,57086366ee4e6fe40273e286c8f16cb2a7da1c2ef325b2708eccbeb6a9f42e7b,8,4,4,planned_not_executed
175,local_qwen,x13-007,2,7143565ba5ae0763fd4c7cf0573c3622e4db8472e77c4a9fb6bf2afbeaf6ba07,5,4,4,planned_not_executed
176,local_qwen,x13-008,2,a6693cf150b0e3b8c8af74386e00f22b1c1b7623d2392b33dbb1a13de1313819,6,4,4,planned_not_executed
177,local_qwen,x13-009,2,778da6048f802c273c194cf6b2dbc6ecd0c7d57f9646e70ada60fde0f56c16fc,4,4,4,planned_not_executed
178,local_qwen,x13-010,2,7513a35844fc0c7bfcb603eabe73729e2c3a43f0083202d63612ff34f6ba2ee1,7,4,4,planned_not_executed
179,local_qwen,x13-011,2,de5a03bc89c9553f71d032edec99289bfab23f8a723602b32492c154e50a6bbd,6,4,4,planned_not_executed
180,local_qwen,x13-012,2,270677e4e3788c27973424a9b973ef534dc56612cbfc40167f8d6a6bf60e6338,8,4,4,planned_not_executed
181,local_qwen,x13-013,2,67d9da936d747e2acc61f40bfc9af447b2ee426579ed50f669363529959642c7,5,4,4,planned_not_executed
182,local_qwen,x13-014,2,65962a7c0c60cfd95956ba614d977f615f0f745fc2597886a85e622598eccb45,6,4,4,planned_not_executed
183,local_qwen,x13-015,2,cec22232e8e515cbd36656d712db9e7280ad387d46533a4e106210df3e8e4af2,7,4,4,planned_not_executed
184,local_qwen,x13-016,2,f22cfbfe812d9e28177a61e5b28cb4bd2bab7fa8b7b3166b9a0210d3a053a1ae,5,4,4,planned_not_executed
185,local_qwen,x13-017,2,1dc98631204f7f0df6fff6a1e20ba8c4b9e175099982e385d65bc8ebe221d76e,4,4,4,planned_not_executed
186,local_qwen,x13-018,2,c40a0e0dd29f9633988987c663d12f98b4c8f84d6c8fd2553043581817d1bab9,5,4,4,planned_not_executed
187,local_qwen,x13-019,2,c50f5583c41162ec8bbcf811b416c679c91476b0e41cf5bf9c5086f222adc68d,6,4,4,planned_not_executed
188,local_qwen,x13-020,2,4080877d3ba9a92d3b9bf031e52ca0f049eae8a27622ea29c55630bb33deb8be,7,4,4,planned_not_executed
189,local_qwen,x13-021,2,2d21f57af9105f9900a5266b372baa9c740d289ccbc6aa531223c3ea31fd381e,6,4,4,planned_not_executed
190,local_qwen,x13-022,2,0643b8ac383858f901b8169db98ad2bf17f174edeb8e6797602b6b37eb21c38f,6,4,4,planned_not_executed
191,local_qwen,x13-023,2,a302f26a9e7e4a98e869a0129d059927103b33101a6416b60f14fe94d590b848,8,4,4,planned_not_executed
192,local_qwen,x13-024,2,07f1e765a2c5d4a41b6e0fe1adf869d37cac0bc409b9409f9c03235f88f6c16c,4,4,4,planned_not_executed
193,local_qwen,x13-001,3,86e8471347fd33a95b95d6c9fe5114642a906278de47493094d876fa8094c795,4,4,4,planned_not_executed
194,local_qwen,x13-002,3,723e005446bf4c12be98e7085e37724d4e69ec75059cb322ca8859a14bd568c1,5,4,4,planned_not_executed
195,local_qwen,x13-003,3,62dbda36a4326645655fb54450f9b4bb8bfa9b058858c26c35adbcffe9c1fd24,6,4,4,planned_not_executed
196,local_qwen,x13-004,3,53af8029b8c943f1c8ffe835aa1dcffea4bb1100fdecb0dc10b5ab00d631b935,6,4,4,planned_not_executed
197,local_qwen,x13-005,3,d522b983952d09db4ed33c62424330b15f204c4bdad49db3db61089333b722e7,7,4,4,planned_not_executed
198,local_qwen,x13-006,3,57086366ee4e6fe40273e286c8f16cb2a7da1c2ef325b2708eccbeb6a9f42e7b,8,4,4,planned_not_executed
199,local_qwen,x13-007,3,7143565ba5ae0763fd4c7cf0573c3622e4db8472e77c4a9fb6bf2afbeaf6ba07,5,4,4,planned_not_executed
200,local_qwen,x13-008,3,a6693cf150b0e3b8c8af74386e00f22b1c1b7623d2392b33dbb1a13de1313819,6,4,4,planned_not_executed
201,local_qwen,x13-009,3,778da6048f802c273c194cf6b2dbc6ecd0c7d57f9646e70ada60fde0f56c16fc,4,4,4,planned_not_executed
202,local_qwen,x13-010,3,7513a35844fc0c7bfcb603eabe73729e2c3a43f0083202d63612ff34f6ba2ee1,7,4,4,planned_not_executed
203,local_qwen,x13-011,3,de5a03bc89c9553f71d032edec99289bfab23f8a723602b32492c154e50a6bbd,6,4,4,planned_not_executed
204,local_qwen,x13-012,3,270677e4e3788c27973424a9b973ef534dc56612cbfc40167f8d6a6bf60e6338,8,4,4,planned_not_executed
205,local_qwen,x13-013,3,67d9da936d747e2acc61f40bfc9af447b2ee426579ed50f669363529959642c7,5,4,4,planned_not_executed
206,local_qwen,x13-014,3,65962a7c0c60cfd95956ba614d977f615f0f745fc2597886a85e622598eccb45,6,4,4,planned_not_executed
207,local_qwen,x13-015,3,cec22232e8e515cbd36656d712db9e7280ad387d46533a4e106210df3e8e4af2,7,4,4,planned_not_executed
208,local_qwen,x13-016,3,f22cfbfe812d9e28177a61e5b28cb4bd2bab7fa8b7b3166b9a0210d3a053a1ae,5,4,4,planned_not_executed
209,local_qwen,x13-017,3,1dc98631204f7f0df6fff6a1e20ba8c4b9e175099982e385d65bc8ebe221d76e,4,4,4,planned_not_executed
210,local_qwen,x13-018,3,c40a0e0dd29f9633988987c663d12f98b4c8f84d6c8fd2553043581817d1bab9,5,4,4,planned_not_executed
211,local_qwen,x13-019,3,c50f5583c41162ec8bbcf811b416c679c91476b0e41cf5bf9c5086f222adc68d,6,4,4,planned_not_executed
212,local_qwen,x13-020,3,4080877d3ba9a92d3b9bf031e52ca0f049eae8a27622ea29c55630bb33deb8be,7,4,4,planned_not_executed
213,local_qwen,x13-021,3,2d21f57af9105f9900a5266b372baa9c740d289ccbc6aa531223c3ea31fd381e,6,4,4,planned_not_executed
214,local_qwen,x13-022,3,0643b8ac383858f901b8169db98ad2bf17f174edeb8e6797602b6b37eb21c38f,6,4,4,planned_not_executed
215,local_qwen,x13-023,3,a302f26a9e7e4a98e869a0129d059927103b33101a6416b60f14fe94d590b848,8,4,4,planned_not_executed
216,local_qwen,x13-024,3,07f1e765a2c5d4a41b6e0fe1adf869d37cac0bc409b9409f9c03235f88f6c16c,4,4,4,planned_not_executed
217,local_qwen,x13-001,4,86e8471347fd33a95b95d6c9fe5114642a906278de47493094d876fa8094c795,4,4,4,planned_not_executed
218,local_qwen,x13-002,4,723e005446bf4c12be98e7085e37724d4e69ec75059cb322ca8859a14bd568c1,5,4,4,planned_not_executed
219,local_qwen,x13-003,4,62dbda36a4326645655fb54450f9b4bb8bfa9b058858c26c35adbcffe9c1fd24,6,4,4,planned_not_executed
220,local_qwen,x13-004,4,53af8029b8c943f1c8ffe835aa1dcffea4bb1100fdecb0dc10b5ab00d631b935,6,4,4,planned_not_executed
221,local_qwen,x13-005,4,d522b983952d09db4ed33c62424330b15f204c4bdad49db3db61089333b722e7,7,4,4,planned_not_executed
222,local_qwen,x13-006,4,57086366ee4e6fe40273e286c8f16cb2a7da1c2ef325b2708eccbeb6a9f42e7b,8,4,4,planned_not_executed
223,local_qwen,x13-007,4,7143565ba5ae0763fd4c7cf0573c3622e4db8472e77c4a9fb6bf2afbeaf6ba07,5,4,4,planned_not_executed
224,local_qwen,x13-008,4,a6693cf150b0e3b8c8af74386e00f22b1c1b7623d2392b33dbb1a13de1313819,6,4,4,planned_not_executed
225,local_qwen,x13-009,4,778da6048f802c273c194cf6b2dbc6ecd0c7d57f9646e70ada60fde0f56c16fc,4,4,4,planned_not_executed
226,local_qwen,x13-010,4,7513a35844fc0c7bfcb603eabe73729e2c3a43f0083202d63612ff34f6ba2ee1,7,4,4,planned_not_executed
227,local_qwen,x13-011,4,de5a03bc89c9553f71d032edec99289bfab23f8a723602b32492c154e50a6bbd,6,4,4,planned_not_executed
228,local_qwen,x13-012,4,270677e4e3788c27973424a9b973ef534dc56612cbfc40167f8d6a6bf60e6338,8,4,4,planned_not_executed
229,local_qwen,x13-013,4,67d9da936d747e2acc61f40bfc9af447b2ee426579ed50f669363529959642c7,5,4,4,planned_not_executed
230,local_qwen,x13-014,4,65962a7c0c60cfd95956ba614d977f615f0f745fc2597886a85e622598eccb45,6,4,4,planned_not_executed
231,local_qwen,x13-015,4,cec22232e8e515cbd36656d712db9e7280ad387d46533a4e106210df3e8e4af2,7,4,4,planned_not_executed
232,local_qwen,x13-016,4,f22cfbfe812d9e28177a61e5b28cb4bd2bab7fa8b7b3166b9a0210d3a053a1ae,5,4,4,planned_not_executed
233,local_qwen,x13-017,4,1dc98631204f7f0df6fff6a1e20ba8c4b9e175099982e385d65bc8ebe221d76e,4,4,4,planned_not_executed
234,local_qwen,x13-018,4,c40a0e0dd29f9633988987c663d12f98b4c8f84d6c8fd2553043581817d1bab9,5,4,4,planned_not_executed
235,local_qwen,x13-019,4,c50f5583c41162ec8bbcf811b416c679c91476b0e41cf5bf9c5086f222adc68d,6,4,4,planned_not_executed
236,local_qwen,x13-020,4,4080877d3ba9a92d3b9bf031e52ca0f049eae8a27622ea29c55630bb33deb8be,7,4,4,planned_not_executed
237,local_qwen,x13-021,4,2d21f57af9105f9900a5266b372baa9c740d289ccbc6aa531223c3ea31fd381e,6,4,4,planned_not_executed
238,local_qwen,x13-022,4,0643b8ac383858f901b8169db98ad2bf17f174edeb8e6797602b6b37eb21c38f,6,4,4,planned_not_executed
239,local_qwen,x13-023,4,a302f26a9e7e4a98e869a0129d059927103b33101a6416b60f14fe94d590b848,8,4,4,planned_not_executed
240,local_qwen,x13-024,4,07f1e765a2c5d4a41b6e0fe1adf869d37cac0bc409b9409f9c03235f88f6c16c,4,4,4,planned_not_executed
241,local_qwen,x13-001,5,86e8471347fd33a95b95d6c9fe5114642a906278de47493094d876fa8094c795,4,4,4,planned_not_executed
242,local_qwen,x13-002,5,723e005446bf4c12be98e7085e37724d4e69ec75059cb322ca8859a14bd568c1,5,4,4,planned_not_executed
243,local_qwen,x13-003,5,62dbda36a4326645655fb54450f9b4bb8bfa9b058858c26c35adbcffe9c1fd24,6,4,4,planned_not_executed
244,local_qwen,x13-004,5,53af8029b8c943f1c8ffe835aa1dcffea4bb1100fdecb0dc10b5ab00d631b935,6,4,4,planned_not_executed
245,local_qwen,x13-005,5,d522b983952d09db4ed33c62424330b15f204c4bdad49db3db61089333b722e7,7,4,4,planned_not_executed
246,local_qwen,x13-006,5,57086366ee4e6fe40273e286c8f16cb2a7da1c2ef325b2708eccbeb6a9f42e7b,8,4,4,planned_not_executed
247,local_qwen,x13-007,5,7143565ba5ae0763fd4c7cf0573c3622e4db8472e77c4a9fb6bf2afbeaf6ba07,5,4,4,planned_not_executed
248,local_qwen,x13-008,5,a6693cf150b0e3b8c8af74386e00f22b1c1b7623d2392b33dbb1a13de1313819,6,4,4,planned_not_executed
249,local_qwen,x13-009,5,778da6048f802c273c194cf6b2dbc6ecd0c7d57f9646e70ada60fde0f56c16fc,4,4,4,planned_not_executed
250,local_qwen,x13-010,5,7513a35844fc0c7bfcb603eabe73729e2c3a43f0083202d63612ff34f6ba2ee1,7,4,4,planned_not_executed
251,local_qwen,x13-011,5,de5a03bc89c9553f71d032edec99289bfab23f8a723602b32492c154e50a6bbd,6,4,4,planned_not_executed
252,local_qwen,x13-012,5,270677e4e3788c27973424a9b973ef534dc56612cbfc40167f8d6a6bf60e6338,8,4,4,planned_not_executed
253,local_qwen,x13-013,5,67d9da936d747e2acc61f40bfc9af447b2ee426579ed50f669363529959642c7,5,4,4,planned_not_executed
254,local_qwen,x13-014,5,65962a7c0c60cfd95956ba614d977f615f0f745fc2597886a85e622598eccb45,6,4,4,planned_not_executed
255,local_qwen,x13-015,5,cec22232e8e515cbd36656d712db9e7280ad387d46533a4e106210df3e8e4af2,7,4,4,planned_not_executed
256,local_qwen,x13-016,5,f22cfbfe812d9e28177a61e5b28cb4bd2bab7fa8b7b3166b9a0210d3a053a1ae,5,4,4,planned_not_executed
257,local_qwen,x13-017,5,1dc98631204f7f0df6fff6a1e20ba8c4b9e175099982e385d65bc8ebe221d76e,4,4,4,planned_not_executed
258,local_qwen,x13-018,5,c40a0e0dd29f9633988987c663d12f98b4c8f84d6c8fd2553043581817d1bab9,5,4,4,planned_not_executed
259,local_qwen,x13-019,5,c50f5583c41162ec8bbcf811b416c679c91476b0e41cf5bf9c5086f222adc68d,6,4,4,planned_not_executed
260,local_qwen,x13-020,5,4080877d3ba9a92d3b9bf031e52ca0f049eae8a27622ea29c55630bb33deb8be,7,4,4,planned_not_executed
261,local_qwen,x13-021,5,2d21f57af9105f9900a5266b372baa9c740d289ccbc6aa531223c3ea31fd381e,6,4,4,planned_not_executed
262,local_qwen,x13-022,5,0643b8ac383858f901b8169db98ad2bf17f174edeb8e6797602b6b37eb21c38f,6,4,4,planned_not_executed
263,local_qwen,x13-023,5,a302f26a9e7e4a98e869a0129d059927103b33101a6416b60f14fe94d590b848,8,4,4,planned_not_executed
264,local_qwen,x13-024,5,07f1e765a2c5d4a41b6e0fe1adf869d37cac0bc409b9409f9c03235f88f6c16c,4,4,4,planned_not_executed
