scenario_id,scenario_type,position,candidate_id,is_focal_vulnerable,candidate_order_key
os15-s0001,positive,1,os15-c000236,False,04dc90a63567f8aa3c725e672c3ee0cc5a76c1d59dae5688a06d647c3e5cba74
os15-s0001,positive,2,os15-c000452,False,3eaa82bd3ff84ea992143996a5b27605be99d7e766ba048fd7848d0554a3628b
os15-s0001,positive,3,os15-c000446,True,c515688bf9092531bb6d2c2d2bd314e4fe0341bdddc9bbb6a1fcd763ffc25f05
os15-s0001,positive,4,os15-c000112,False,da408095e70d044bdc99b5cfd581339542aabf6bf46818b66feab36e9caebcfe
os15-s0001,positive,5,os15-c000293,False,fbb8332ad95db7d59af993185d28c3315eb4378997bc039fe55c8dd0b70070ab
os15-s0002,positive,1,os15-c000203,False,03f3d99436e0885c5ba15f1ed4b2c91d594601f33d867899081d178caf835fce
os15-s0002,positive,2,os15-c000362,False,96a2930729bc0f97532cab3c012362dca0b098db536cb8f7dd58f3399a801914
os15-s0002,positive,3,os15-c000084,False,9c6ff03b78559d6881c324a6ddf08222452a17648564bea6cdb07de1736e2b6d
os15-s0002,positive,4,os15-c000152,False,fc241db2ca4f6627da5ca996b35e60987ff44858f1a7738018b37c8064b2f9ec
os15-s0002,positive,5,os15-c000023,True,fd4e56c212a4d961fe47c1ab4a31ba471ef6e3b1049eca09fc5b63952e5ce603
os15-s0003,positive,1,os15-c000020,False,1196fabbe4ff0741f4a662dc1eb867925eb2601ca47c08a2dcbb8adcd366b38c
os15-s0003,positive,2,os15-c000432,False,561a39c3912fa13452d54fb11156437c51dadd89f1dbcb0461a459b04d65c8a5
os15-s0003,positive,3,os15-c000086,True,59b29360dd0f3162440f5f9123dd8b252dc0f6b88bad1d7f3abdc74402ce6b46
os15-s0003,positive,4,os15-c000064,False,a22b4d4596991b73c9d765f9ed667e681e386fa59cb1c146787fbc3d89ec3be5
os15-s0003,positive,5,os15-c000481,False,d1e3f4b487b74b78cc28e33db3a5709af38e2b739fe327c0bdd7d21219f4fb17
os15-s0004,positive,1,os15-c000162,False,58861ca2da0dc420116ef83ab5acd12259a068c7b07846ab60df274f72fb783a
os15-s0004,positive,2,os15-c000373,False,9473775c093db8a3292f99f7afcfee5c6a0ce203596ba65d5428c1dccadb5a46
os15-s0004,positive,3,os15-c000005,True,c27b99158c9410f21b8d3c254e604601ffc400a8e7969889b5c901a3c18c0397
os15-s0004,positive,4,os15-c000153,False,d4c3f8b40c1310568e4d99d9aca996cd5717b0f2df74758778b68c9f5fd8f25b
os15-s0004,positive,5,os15-c000503,False,f6c1ec33f7cdba79e07f14c4f48b0207bd20bae49eeb0c8af3e380f4343fd2b7
os15-s0005,positive,1,os15-c000093,False,2002c2dab45c6a5c3fdc13903cf2459d9677ad113fd07e9fa4e9334b4ea4fe45
os15-s0005,positive,2,os15-c000010,True,7946049454ff0b66d459c4af76d74317a551e087a76b79e82fbaa1079964b062
os15-s0005,positive,3,os15-c000111,False,927e1d79bd00af9f3a4050124a61a70cc9a12a5eb484bb99d47c63588214fb3a
os15-s0005,positive,4,os15-c000074,False,df0a639d6e9fb685d24920118b6199d75a5c2646bb4504e3094496a7a5a0d665
os15-s0005,positive,5,os15-c000051,False,ea87125cf33ed836fb9f1250c37ec399536771585dd8f08fc5816706a20fc5ef
os15-s0006,positive,1,os15-c000329,False,09c7b399216f5eb3f2f9ecffec3002e255967f8f828e74c4b463ae0d2eb4a5e7
os15-s0006,positive,2,os15-c000358,False,2a287f843d7e6c379de82f3ae4b60309b8f99ad8dd477335650acfaeb52c9d7f
os15-s0006,positive,3,os15-c000262,True,492b02d923184daa4cbc023165a48e2a15789c004f503be0c29f0127c9559e77
os15-s0006,positive,4,os15-c000466,False,86090c39801d48ffe70db5dfc73b5a63720eeaec2e36016a7baae4eaaf29a42b
os15-s0006,positive,5,os15-c000083,False,ad7dd65af67235a3dd3da1baec353411a4ac53158064b6dce1e707a0781989fd
os15-s0007,positive,1,os15-c000223,False,0209a0cd7e864f3d5770598db28b8f2da194782701781f6a01879727faf0d7f5
os15-s0007,positive,2,os15-c000493,False,164438c82eba661b1d3386b4a152fb3fd0da6dae2414e5db7ec73bda0197fcaf
os15-s0007,positive,3,os15-c000372,False,58ac51afa1fb5284f900ab186e0de3e44666cb7c11a07e8c0aea6e2e3691ce43
os15-s0007,positive,4,os15-c000232,True,8e8e41d0a4bbd672d2738824e29f6b99e4d07ecbd448376f40b4dd353046f3bc
os15-s0007,positive,5,os15-c000410,False,a061d2b4e9c36bd5be7b513c2d6cd9ddb8e9cd0fba07c5eb6a68a7edcdb767ac
os15-s0008,positive,1,os15-c000336,False,3dbd5cea28d5de54742a314c5812b5858a10b05d36025a5421113ba0a68acc90
os15-s0008,positive,2,os15-c000192,False,82b91a079ad0e3964c82fc60f6029c33a325ecb27ddf4f9a9a535dfe943dc4f9
os15-s0008,positive,3,os15-c000087,False,a7f6e327fc2c5a07b2ef56f688027ab07c4a87b0e4eb9c67843985869b9b02fb
os15-s0008,positive,4,os15-c000455,False,c6205f07266ef663d898eaf8b02d3b1fb06d8e8b38bde56821a6e374996b372c
os15-s0008,positive,5,os15-c000202,True,e4b228be509dba078e9b79694a3338631763bd52dae321bf7c3560cf4bb838dc
os15-s0009,positive,1,os15-c000415,True,2800271cb5b0cefeae6511391886fae0e0dc502c939dc9d4e567810de5f8bd1b
os15-s0009,positive,2,os15-c000216,False,95dfdd13d8d2aa2047575d6a27ee3fe02caa9abcdc0c8bbb4a9940db36c05f59
os15-s0009,positive,3,os15-c000323,False,9d726d02fc89c393c0e92953771ce39f92faabae899bb66cdb9768ccd7b72ed3
os15-s0009,positive,4,os15-c000337,False,b09aa113f975c3e2f7d270e5fcdd726ca315818f80e1dc35846fc93aabbd6884
os15-s0009,positive,5,os15-c000151,False,ed23ce67c8f767b76ba67f73d8607ef335a11268c178ee085cde01939671e443
os15-s0010,positive,1,os15-c000308,False,200c50c670d20ee9a04fab87d67fe525e9404bcbbfa99dbc8f471a4aa7a47570
os15-s0010,positive,2,os15-c000154,False,3aa2d3994583a4f7cc2747c5fb830b14e164be4d90fa265e8b18ef29aba69f0d
os15-s0010,positive,3,os15-c000388,False,5ef8ab7308ee68fe4ba08e50054742ecbf11d7f59ecdfa40664b1dc68a6ed653
os15-s0010,positive,4,os15-c000482,True,e9c64a99d84dfd1eff3fe88b67ef153dc3ade7150e214b8f86885915f6d6b31a
os15-s0010,positive,5,os15-c000131,False,f2e5ecfa45002478070fa9533824e8129681151456d9557d9737b10b96eed60f
os15-s0011,positive,1,os15-c000501,False,16f468874e3f653ea00b45fea8df75de9eb957a6772a3601f975c5f652ed67c6
os15-s0011,positive,2,os15-c000469,False,197aca662c7e8a5cf603ab98702212f9fe6634f4b045cd35528ad1346f24f7b6
os15-s0011,positive,3,os15-c000073,False,4298fc67d252aafd6fd31fb582a99555344a449685328829c11f938784516e8c
os15-s0011,positive,4,os15-c000116,False,93b70fe0652091ffddce3c1f7a670d95f3565ddb0d302abb10096baa4a92301d
os15-s0011,positive,5,os15-c000365,True,c514dc588059361070e5f9458cb6f03112ad0f020b215cf5e949f95b577200da
os15-s0012,positive,1,os15-c000273,True,29f60d8b707bf73504a0a1d0b7ba9e8119043bc2c01fa0df6c4ca6e458ee70ab
os15-s0012,positive,2,os15-c000103,False,cc7f40332cb78718359df771601598be843ef34ca2505180db01bceaf2753944
os15-s0012,positive,3,os15-c000427,False,d647a05573f36d9e3f7e9c5ea821f64b154e62f5068ab86ae790bc48b208985e
os15-s0012,positive,4,os15-c000492,False,f1ae99c14ae6574ad8790fac8211eed823f918f052eb2c06a27aeea20b0c4fc5
os15-s0012,positive,5,os15-c000243,False,f42338f683c6571773c758ef028a9c63a41878a50fd37814dba667065ab44171
os15-s0013,positive,1,os15-c000305,False,038012cbd8467da7f987e970c4a417b2c268047d24542e2e0c0749eee920391d
os15-s0013,positive,2,os15-c000261,False,2e6ce39a744a7c40aea2cc012fe1e1dac1c4cfd64cf06cd5d0758c9a668d4afb
os15-s0013,positive,3,os15-c000067,False,3558bfb2c68796f2ccfa9b959312e6b75f5d78b4ed67e7df1268b5a1f2a310a6
os15-s0013,positive,4,os15-c000082,True,d4ae5021fd8d5f685fde92752f64a4b63cddb37701f036611c49f374c5b90b65
os15-s0013,positive,5,os15-c000331,False,e5afd59251a3444022b21cc4c1019c985eb95c2da285a965bde26c27bf51aa03
os15-s0014,positive,1,os15-c000072,True,445c43d5a122488b6ba1a3bede4764e53d51163075029a368dfa72b272e4791b
os15-s0014,positive,2,os15-c000396,False,735acba2a92ec824ff751dc8ad5e47151f5ac5394a542e81dda6036ba0033d75
os15-s0014,positive,3,os15-c000384,False,7bbb9a6a60661479951ab2dca804af3294cf593d656bd8e1f65e2c085521b053
os15-s0014,positive,4,os15-c000464,False,8a45b9e048a9c7874c465f1011888f092a9312ba28b19499bb293dbbee039684
os15-s0014,positive,5,os15-c000408,False,c92920c4981a3cdfb53c7881187d74c092746435d07def119bb608acd1a5c4ad
os15-s0015,positive,1,os15-c000485,False,6295588a5c3475ae038db28e5dc020aa6d3f81d70ca2f8e086dc19f75b7e029c
os15-s0015,positive,2,os15-c000195,False,78b5993630da601cd4ea977c0d7ed49494e3b45fc6728606687a648caf3b5e53
os15-s0015,positive,3,os15-c000105,True,bb0a5f352199d638591533c8fe36392924771d28b4b3e869fff8acdbaab64ee6
os15-s0015,positive,4,os15-c000110,False,c14b78aa61f29e9d846f2eea00c9a4392a932689d966611d0961a0882f2eebed
os15-s0015,positive,5,os15-c000163,False,fa249b6b35da976632598c73fc92dc3993cb2958a09ecd77ceff93afcc014653
os15-s0016,positive,1,os15-c000392,False,086242c4939301b6cd4e64a09cc8c8f65633e8a8203bd796afc277b4312141a0
os15-s0016,positive,2,os15-c000325,False,0b93893a9826f9d4010b9f7c12a2d45667dc6f150c18324035cdff38b9b2f6af
os15-s0016,positive,3,os15-c000414,False,2573cb47251bf2cba84bf6e837ddd2ab48f89453bca84a235d0acf29955acbc2
os15-s0016,positive,4,os15-c000174,True,27060f5cafe7a27f3e387c221a133f39d78357c573263dd4222fc69284be83b5
os15-s0016,positive,5,os15-c000351,False,799fed10573705eb8c463d6769a4b5be7cfb9321d3f0c87319a2735a622a1ace
os15-s0017,positive,1,os15-c000210,False,569099bc1837462af650de8a70b7982b74a762b72e342e3cc5ced293103e39c5
os15-s0017,positive,2,os15-c000450,False,963d3b1acd2d54f8889720cc543d7ee85d95378daa3a3ced1f138878f42c44da
os15-s0017,positive,3,os15-c000284,False,b1cfb3b1e5eee6695b93514cb39390858eb2fcccc85116269431fcc596741867
os15-s0017,positive,4,os15-c000468,True,c135c7b320b015872129d16c688ac8e315f6f0c51a728b44ff02b6af2eac793e
os15-s0017,positive,5,os15-c000135,False,d99f855541a2ee0c33420ab62fa341fd9deaa78256bfc4d57e4623770cd7ee66
os15-s0018,positive,1,os15-c000311,False,23eed2f53472855cf5e1fcaf9c96939676efc73393aaae0ddb6ed83902daaa84
os15-s0018,positive,2,os15-c000426,False,290859881f99933687e55aebff7117cc937cc2885d3d749cb1ce9759cd15cf2b
os15-s0018,positive,3,os15-c000122,False,488e4de643709dad61046228438537b6b48421f506a5855cf9a65b78a092a4e8
os15-s0018,positive,4,os15-c000220,False,cd3db32619f0ab2b1ba2357821423fe5356e0df3c9250d30d09ee620112e5a06
os15-s0018,positive,5,os15-c000292,True,f07c8483d7d5404c0ceb33b2ba6cf4fbe95c50f5909693a29306fe225e70cdc9
os15-s0019,positive,1,os15-c000312,False,01fc55621acd573564d730eccc6937dacd7bfea90f57504d00f1c6a71558480a
os15-s0019,positive,2,os15-c000063,False,221290735ccf8df7aa7fc379c0342e874488508da88c1906442887cce935deb9
os15-s0019,positive,3,os15-c000253,True,3a31f364c7224d4354ae86529f3071185219de65410d118b27c9e584dc51396f
os15-s0019,positive,4,os15-c000321,False,71b58c8ea100663cfd931f369c88bbb36ee2bd70a35c03fe90137f8c3b61a61a
os15-s0019,positive,5,os15-c000470,False,e703d127a2459a6e2cde101bc7af4e394da569055ddf7b5a3e1ea7c0649a2c58
os15-s0020,positive,1,os15-c000150,False,06e74d836e4d265146b7a68405e2ddb8fa06068af2d135c526d99c91607401d5
os15-s0020,positive,2,os15-c000364,False,0a437bb509c82ea3ab3971d12e1642071f1571c1ca1cf87d29130f43bcdae918
os15-s0020,positive,3,os15-c000491,False,5bb90ece6d56f6be482ad4cf463588a50489d95b3217c3c65e169b62d6be49ce
os15-s0020,positive,4,os15-c000291,True,9194c619609d022c38ad9d14cb966456bb55039034cad28606b79e6dff66c80e
os15-s0020,positive,5,os15-c000324,False,e5675486e1c8f2a13228a3f6095994954bd254246c670089fcc94a826a5dde27
os15-s0021,positive,1,os15-c000025,False,5f5ba3d71a72719429aeb6be8041509da5de5a9caeb191c8df5dacd0500f6b57
os15-s0021,positive,2,os15-c000343,False,c0770a52ff12724022623463287c85d93f4375f1aedbd4a3c396c8bfe99b34f3
os15-s0021,positive,3,os15-c000353,True,c939d10466bb515b35ace684f16dd8a76b5e8a46472360cc5f2632430df0b565
os15-s0021,positive,4,os15-c000295,False,e9f7f9d1e2c9a3b477c0016e65418436cd31369de70a49ac30eb4629336b0ad3
os15-s0021,positive,5,os15-c000367,False,ecda40dc3dca3123e802a74cede2dd16c9004701f2288f2f14d9a72236b00282
os15-s0022,positive,1,os15-c000209,False,15011fc61ed8875bd6e9ac23f547c1057fa5a7c398569ea442ac54dc87871d70
os15-s0022,positive,2,os15-c000218,False,9057ddf068a2586516fec7419462d613e7d903e27f04e6444d38b079dff93f66
os15-s0022,positive,3,os15-c000171,False,aae54b582e29e4917d42672e24a06f7af3d4f06c6aaf60f8f8af6bed4ecb4e45
os15-s0022,positive,4,os15-c000465,True,ea529d38523700811a37a4154a77af52cabd6ef52f62449c48ab42bcaeb47986
os15-s0022,positive,5,os15-c000366,False,fb83fb75c62008489c496bb9d04ef00fcc980e7586885e32913a427ddc601802
os15-s0023,positive,1,os15-c000052,False,7161af43c47c0424453cd4cda6a0d1bca39e1fb2181f52c8dc038e04fc929f28
os15-s0023,positive,2,os15-c000207,False,7f36a5d6822878c0fce34567ab2ad7f36bcc7d6d01758c96e799ee96b0bcd86b
os15-s0023,positive,3,os15-c000054,False,ae9598af9a190861e3f6ddd6a83f7ad14b7dee924b88714524935b4adc8ec956
os15-s0023,positive,4,os15-c000502,False,eec17bc39c180f18ac70cde6555ada1711bb783c9249ea037b1fedbfc0c12610
os15-s0023,positive,5,os15-c000334,True,f65ebda61681f1b2a29fa4e63ec3e5dcc743c9407db4efa98e9d0963cd1a95f0
os15-s0024,positive,1,os15-c000236,False,1691cf7433a596284ae7baab8d54082af66900fad53890a583d54d35495c783e
os15-s0024,positive,2,os15-c000075,True,2f10a76757bf7e321c90a43e8c0c9f7cda5005d453c2836ea2076c48eb9dfd94
os15-s0024,positive,3,os15-c000428,False,3888284260fbc584ec5764fa3d74dfd74755595123319e64a7bea909e5aaf38c
os15-s0024,positive,4,os15-c000053,False,743c6478fd0ea24cf28fb9a1b7d9ac81bf95fc253eb4a38b004fdf25f82d819e
os15-s0024,positive,5,os15-c000330,False,c042d675a42f5801f649e59dfb934795321c49ea7be693fa772fcd5cb39063d7
os15-s0025,positive,1,os15-c000452,False,0170cdb374a92c4a42bb9b74888bf0d71b179c10ccfc742461f62a5e2bc3cecc
os15-s0025,positive,2,os15-c000055,True,1167ce1c6d07e703e956767a1fe1d559d8ceacef32e6cee4475fb14d9a999508
os15-s0025,positive,3,os15-c000112,False,4f851f8715bc4b5b279d7fcd1e226811d53fb61a77c41d72fd2f80e0bdc20c49
os15-s0025,positive,4,os15-c000152,False,75f8183348de8a6766179e8ed359f1e597fcd47bfcd2cf3c32e3ae4c9a53bb97
os15-s0025,positive,5,os15-c000293,False,7a303bebae67d2351b9ad2912093e0052ffb772ef7139e025630dd61671f1906
os15-s0026,positive,1,os15-c000409,True,26765606f2102bcb8d86f07f41c3badd30820731cc703c3fabec3d272763d1f3
os15-s0026,positive,2,os15-c000362,False,46bbdd062f70045ccfacd60ae347fbfe059cb7378ae8e69bc32cd337cc30f19f
os15-s0026,positive,3,os15-c000481,False,8efbde2898bc151ce5db3ddddfa079328ca687a96d562102c3fccf149d5f9357
os15-s0026,positive,4,os15-c000203,False,b022f31975ba4ee8ae151dce637e85bbc9e3d3f6397e572f4668134234656327
os15-s0026,positive,5,os15-c000084,False,fa1a13061971128c089e9a1b2e5c97159ce0fb6299a92e9d2775e2b0746207ff
os15-s0027,positive,1,os15-c000432,False,634fe359924179846ec2e41329a00cf6aa95862ad0dc1e04276e1c1d2984dfa2
os15-s0027,positive,2,os15-c000153,False,84e998763a4780f19c14dab256027814a3bcd775fef792540bbd86ef649db739
os15-s0027,positive,3,os15-c000064,False,b324276061e1ceb9b2057c4912401317cf5444c7e78395f2f370ce1512341f98
os15-s0027,positive,4,os15-c000267,True,cc021c72fd477fad7f909258054b0075c0ed9f4baac961872d7fd037f5f162af
os15-s0027,positive,5,os15-c000020,False,cea71c9efceba142704bedb76fb59f479b9d2269a16dfcd3da2ba175852e83f0
os15-s0028,positive,1,os15-c000051,False,46f98580c595f79bd8b39d1ee31ec71124bcbaad857e27f80f7fc043818e3e7e
os15-s0028,positive,2,os15-c000503,False,996903bdd35469fd04d265ef0b9beb63af12d5e612410a2698483292d0aaf143
os15-s0028,positive,3,os15-c000162,False,ac8519e451a2c9f64853df16cc0bfb3d8a5d168db704985090640fdf4959ee49
os15-s0028,positive,4,os15-c000184,True,e2cd86475412ff69c9e515a6785e63a33c76bd3b6c8844caea0381a3b010ba55
os15-s0028,positive,5,os15-c000373,False,fc4359f6368b05889930da02b468983a6af1f2728c9a3bd1a65f97dabd800dcb
os15-s0029,positive,1,os15-c000066,True,0a7da1bca62a3a294409dbda77fedd7a24bd73af2cf2a199acd3fed2c1c71f04
os15-s0029,positive,2,os15-c000466,False,60699814659d2d5643ad9c5025e5c8fe5cb88f42721f191f25514ed62d161247
os15-s0029,positive,3,os15-c000111,False,6f8f0dde50e7942e66f33dd4b21969f6f815d15e29a6ac7cec5e471459cfe8c2
os15-s0029,positive,4,os15-c000074,False,eb06d9bcdc510b5d9e46977867276d3d72e5e14dd54735747d86eb61b8057026
os15-s0029,positive,5,os15-c000093,False,f491e4527f94ea2468b66273178f8940eab65a69e1bffe89a934f368a7417aeb
os15-s0030,positive,1,os15-c000477,True,6c4290bba4eed2f4af560cd37366869aaa996e9afc91e214d0fa4ede8b6d5de8
os15-s0030,positive,2,os15-c000358,False,71e45139dcd04b5ff9fcfa1fa0be148660e6c6e26fb0c34bf57ef32c9cbe73a1
os15-s0030,positive,3,os15-c000329,False,ba5ef593ec744a9b66bd1d74af4eb18f0f8b4fcf56ca26e2de395f2294ca9735
os15-s0030,positive,4,os15-c000493,False,cf5a0b1c953dc4490582e1d360481a1e11295f906092a4f349859c868b344b93
os15-s0030,positive,5,os15-c000083,False,d0211651ef737532faf4bbaa31b9fe6aecfbfdf61a15dfeff0509fc75c423a89
os15-s0031,positive,1,os15-c000223,False,37682daf65d26d6ecfa1246668cc1cfc087374cc4bd8e36e9f94ca28e7d9d7d4
os15-s0031,positive,2,os15-c000410,False,99d37af6b4f95de6d97b489d47b6dd3f7fcf4265e9d5c080a3dfd30503c4c7c6
os15-s0031,positive,3,os15-c000372,False,bd8ef2f5be815f330259b8d233ad6d4c8205e5d1c6296a16b5cddb17709785a7
os15-s0031,positive,4,os15-c000283,True,f60331e8461f0912a7405344a91b5c94672eaf3ed4216fe81a64b51f53590471
os15-s0031,positive,5,os15-c000087,False,f8f58d20790fb618af2c08b1646fa33a43bb2ddd5f1cecf92bfc3c772c5e9e93
os15-s0032,positive,1,os15-c000337,False,3a77c580537973028c7e9a0866ea6e82c07ebb883f28603b24b510aca8ebcf3f
os15-s0032,positive,2,os15-c000454,True,3e8a3403a23d72eab34b9b42f76b92af643c74652c1ca7775fd39d4b40859a8a
os15-s0032,positive,3,os15-c000455,False,628a9352376e4fddf7aa58483a2cc95788376e3784aa772676c590f7c2472021
os15-s0032,positive,4,os15-c000192,False,799fe00c15b7acf6cc12e93b05a338ca9273ea764695fd9464424be9e43c2ee4
os15-s0032,positive,5,os15-c000336,False,e036097c4fb0ddb95f9d5ecaa9de6269811f63766d5f258d64c1ec41feeb8ee1
os15-s0033,positive,1,os15-c000216,False,53d2375d2305f7398bf3433752d3b24b6a8b181785b81fdf998efa9bb0c40b06
os15-s0033,positive,2,os15-c000388,False,92e358042811ff2c755a5fd92ff22c11f1bda4cc794e6a2d01373cc5375444fb
os15-s0033,positive,3,os15-c000151,False,a008d82102bbe65f2bfe8a80bb3b77e727bd0f573a8d480dc6e8128593144d76
os15-s0033,positive,4,os15-c000076,True,bed939b128667e7e91214029142e0960113733a9327d846f6408f836a5148874
os15-s0033,positive,5,os15-c000323,False,e15ec996cbbc29e8537b940961e6067ecdfb4526ddc46ede3816319614a682b6
os15-s0034,positive,1,os15-c000308,False,228c614a32569a6b5ffb461f8f8ff3c345719c0c3f06ea5bcfb4a6ac89e83e0a
os15-s0034,positive,2,os15-c000154,False,2b2ec65d7f596a83c7af683f970002b161fe4999fd9eda7774804138b82422af
os15-s0034,positive,3,os15-c000183,True,5832e9f8c5517e4fd40361c9fac8d9daad07620c11f9cb42cd113eaa1d155112
os15-s0034,positive,4,os15-c000131,False,827858ce7ecbd308fa8cd9e0ed5cfebab13afb5647c41d3cc905c1acd3fbfd46
os15-s0034,positive,5,os15-c000469,False,99677edf9b30d79f07b91d8aaa578709f4aa88e0178d785d46e7449ebbab737a
os15-s0035,positive,1,os15-c000427,False,3a0b891ea750b7ee65d68b803e860f59b7fd45991b6c68cffbd679975fdaf2c3
os15-s0035,positive,2,os15-c000073,False,62d60ab5ddd57f8e2dfee0d02022f4c17edac09ab38a9682d70f3cc4751686d8
os15-s0035,positive,3,os15-c000445,True,83e3791d425467422af3ae41f050bd0422d3407d29caefffd43662db293f836c
os15-s0035,positive,4,os15-c000501,False,ab5182c064c549c535edb80645a5034157601f5ff252a01a6be65f52d6d84131
os15-s0035,positive,5,os15-c000116,False,c5f87b3b3816d287184faeb0f6252fd25a228af64f2bd89e57e5ad542157c679
os15-s0036,positive,1,os15-c000394,True,6e17c89162c804e618209a00832588d83f87369b2dd13ff60ea1450d49b9b5b2
os15-s0036,positive,2,os15-c000492,False,773d40221694c319877d99e5e7a002d542d62d94249c91e5a2f4d9050db8b394
os15-s0036,positive,3,os15-c000331,False,88658c642fdc45d259057ed7184d6ec42f14f573db36a033f8ad213b6301f550
os15-s0036,positive,4,os15-c000243,False,9a459d4a22362036543e25fb041b15b8c7681dc5c988980c808104248d561dd5
os15-s0036,positive,5,os15-c000103,False,bf8fcc0689ae9526dd4b00fdbefaed3c62308e3cceae2ef868e6a1d404fff872
os15-s0037,positive,1,os15-c000261,False,65dc265ded4264c3e5d8866ff971575f706359262fee620367ca3a3d7ee0eb1c
os15-s0037,positive,2,os15-c000242,True,73a2d90f2f78d5b3d5a0d8e4a921806fe0fd1e3b0e08afc12ea3d6ee99afcf66
os15-s0037,positive,3,os15-c000384,False,82ef0f8746b285ed18993e7622820e96e2baedf19973139f38921a1e891015ec
os15-s0037,positive,4,os15-c000305,False,e070304e660d47ec2b66bee194f00b313a7af7135c00ba9b9abad05f41a96707
os15-s0037,positive,5,os15-c000067,False,f7026dbb1aec08e05e855f3c57d0dcadf2599bfc0b8c2158129e05a79d961ff1
os15-s0038,positive,1,os15-c000110,False,25165bbc7df606cfd32ac122a8a0c4f21d1b06eeb9a0039c1feccb99a266397d
os15-s0038,positive,2,os15-c000408,False,29005c01d8a259e4e42ef3c70c2e1b22848271c1924301af05e3aac094b6ceeb
os15-s0038,positive,3,os15-c000396,False,621e2936fb84ba57a07bf9f02138bdeffff589eb815c4a4e6015251b1a4a1679
os15-s0038,positive,4,os15-c000272,True,c8ce08cb6e0fb361aabaa478c20314a243620936e5880df46887701a2ecd5785
os15-s0038,positive,5,os15-c000464,False,ecc40c6424ca9febfee4c8e6abd111b71426a7b0f9d8858eb2da17db2a6252ac
os15-s0039,positive,1,os15-c000163,False,284b959465fd4ba3ae2946cff46751f2dd7c8588b7a4b39962f826440e944ad8
os15-s0039,positive,2,os15-c000195,False,5d600d0148b183c3382f0acc3755e42553043c684632c53f9d1da7299d1d8f38
os15-s0039,positive,3,os15-c000485,False,910bb7ead386e48f30c661c324c2226b04e28646669c48af54929bd663a712cd
os15-s0039,positive,4,os15-c000392,False,9cffb412612253d7b08751394d4aa995e4a6f280f229ec199fe1475aa1b7bdee
os15-s0039,positive,5,os15-c000480,True,ff360aeab6138752357cb968773da745f9b6f3be66387aae6a92dc6cd6562e68
os15-s0040,positive,1,os15-c000325,False,284e003adf684df83184beb20eb73f004f8d15177095424192a2272987fd3f55
os15-s0040,positive,2,os15-c000414,False,2fe69829ba3c2dfc61dfaf5fbeabc765bd120d43b51c980562300aeae5713533
os15-s0040,positive,3,os15-c000234,True,b095f47d1d29e86568a9a42dd68abf927ee6a3d59efc2f7be061ebc1bb8932fc
os15-s0040,positive,4,os15-c000284,False,b7715ddd382e9f252026a922ab2ddcfb3daf263aa15d9dd37aa90f87af11a3f7
os15-s0040,positive,5,os15-c000351,False,df983221db01e8f4e48aa2bcc6bf303f08e2d76a95a2a57917778dc4cba3e2ec
os15-s0041,positive,1,os15-c000135,False,85ca001c7e5292d09291bda6f58e018dab8476af79ae6ad84259735586cb5a17
os15-s0041,positive,2,os15-c000356,True,8c9534f785805f8855f0b9d532eccad64d00dd6bda42606b83ae74f20ae48bf2
os15-s0041,positive,3,os15-c000210,False,b11595f17b18a3750471d6dc7923ba7c1cb75ca115a5272930a0bc6ecbf70d07
os15-s0041,positive,4,os15-c000122,False,d4a5199abe958f8b064d1d284cef4890bed4f207c5fa77a2a291238672360d15
os15-s0041,positive,5,os15-c000450,False,e993289b27b45847d823089e595bd32cc3afa05f0e685979bdf39ef40dbc6bd4
os15-s0042,positive,1,os15-c000220,False,3ca1e6402e99bbd297e9743173531c5b368e22db2e7db047a7f7c2e5a679999d
os15-s0042,positive,2,os15-c000321,False,43de590dda63fe8c738d16883c74c0942cd318cd716fc186c2d0955cf5385bad
os15-s0042,positive,3,os15-c000311,False,5f93948df55be31ddf3a26fff99345844c6bfc46e299f381332e39616f91dcbd
os15-s0042,positive,4,os15-c000426,False,7b126576f948550820da0c3a692c23907749cab26f4d141bd699ab788b36a470
os15-s0042,positive,5,os15-c000354,True,83d947b6d99e9624bac457a4957ce0390f8d352d754e978668dd852c055a5797
os15-s0043,positive,1,os15-c000470,False,15f4f1309814de9d7fbe7ed275d0fa8caed4d8794f3fbddc08977e72e3e9403d
os15-s0043,positive,2,os15-c000016,True,1eed380bec2df48d27f125b3e58f12420ab74ec0f1444866333e15ddb57a7135
os15-s0043,positive,3,os15-c000063,False,4b78f01a07a935e028bb428a65b66fd1399939574ad46d18d5fd90daf56a8086
os15-s0043,positive,4,os15-c000312,False,612c7aabf04ba39ba240b72d582a971e4839d2d1899aac267f2e85cd3a00b5c2
os15-s0043,positive,5,os15-c000491,False,f6741bace0d8955343c6a51bd816750557c9c43e1d6b531346ad5df6803dbf42
os15-s0044,positive,1,os15-c000150,False,2a8d08d54380a5e59a45420bfb1c5409eb339709a0ce23ef17cce72ec9ab4a8a
os15-s0044,positive,2,os15-c000364,False,6537dcead975b1cff3e672ae16a68a17ec53a940cde0575eb21b5c5d9077b2c9
os15-s0044,positive,3,os15-c000024,True,71da340e980e1fd617daeab2be5794f8a87852d9c8db03cf86912a5eb3e2cf69
os15-s0044,positive,4,os15-c000324,False,82130b8b5fb69479922f70095320ccee363c5a4569077ef39da0b7e90a8ceaf1
os15-s0044,positive,5,os15-c000295,False,bdbd4e04658c8001e72cfc731d588d103be3ceb5babab6d504a0f19f89c0230a
os15-s0045,positive,1,os15-c000367,False,067f6666830a345de3e1a230a023c562c742a3f0970da38f9ba05629baebb8ba
os15-s0045,positive,2,os15-c000218,False,3c1dcb61fcc672b225c04fc36ef936724172566f1d73098c5b03480bacd4133c
os15-s0045,positive,3,os15-c000387,True,47c3b57a2f7798a0ed4f571af0c65047f376811504a12e904baef38bb8af0c98
os15-s0045,positive,4,os15-c000343,False,79a8d6f5d38eca7e95f579978bcd6bfcafed6b376536fdfa589608ce41330242
os15-s0045,positive,5,os15-c000025,False,d4eb82a2827116b99bc5ee77c2e2ab98318af1d27cc30b19557fd84000dc1ac8
os15-s0046,positive,1,os15-c000209,False,198e07b7c5edee79d28b3ac339f9c14da02e01ea86eb7d455d0170dc38702b40
os15-s0046,positive,2,os15-c000366,False,432537def0a96a1cc32a0c3c01c37241c9f6c95804350c1c117d932d36ce149d
os15-s0046,positive,3,os15-c000304,True,94a616eafece4d7a56517180875689098ee8d3743a9e3267aedffbc300890216
os15-s0046,positive,4,os15-c000502,False,a21190e38d85dde19bc5bd4a8a3600c6f573bf9310c5454a02e0257a23e88f3f
os15-s0046,positive,5,os15-c000171,False,f281e840028d0fe3f578b842a9df3f369b337cb53a3ad5c6fdfefb8169dd967c
os15-s0047,positive,1,os15-c000428,False,4d940d2672e375192962ee5681271d1b15529d235258ee768101c1acbb169f20
os15-s0047,positive,2,os15-c000207,False,4daf1eda7d114273f22eab4b137d531a2fead26b86322f2a797da6fe664862c9
os15-s0047,positive,3,os15-c000054,False,66ef0d988c0855471f9d8d74151b84cadb2ecd8c510ce4c5b50d927c4453550b
os15-s0047,positive,4,os15-c000052,False,d46f0b709b1c48d7f4cdb3fb601e0c68a8ff2ed97f7273aeebca96a3f0ad617d
os15-s0047,positive,5,os15-c000147,True,f3c1e2757656d19af928ee0163a6b6a6e0235f5af4ed56308a18566f4afb36fe
os15-s0048,positive,1,os15-c000330,False,3ce48ae645ff63df3419ed12021813914156fe02f427a875138bd7e88c8a3344
os15-s0048,positive,2,os15-c000293,False,3d8f65032381dc4332c9754827599a1b8ddbd0c16a89f49e77e63f0ac535f2eb
os15-s0048,positive,3,os15-c000021,True,457abc2ac22389ca093aee1f18a57cbbf387746f4ac6739aa609c9805277d51a
os15-s0048,positive,4,os15-c000053,False,959def51d84be57c5a27bf22db5714f743f41b777bf4154bfd659315ed1d3dfb
os15-s0048,positive,5,os15-c000236,False,99a12e57b7ee715e3b646c72d2d14d55d8f746b6d3789a5250fcac2714b4015e
os15-s0049,positive,1,os15-c000112,False,0832f86da868a0a4939a45c5ac657f03f7f27d8bd633d7ed93e6d64521e83b84
os15-s0049,positive,2,os15-c000452,False,8a36c2c0ff9e66ed6b62f591f587f02c2c5bef25f5604e43d91f7451400ff955
os15-s0049,positive,3,os15-c000362,False,98c9e7ac5a2a1dfa4bc200256411e71c04db5acd9244b3d938018fce825ac329
os15-s0049,positive,4,os15-c000274,True,ba7cb968e6801d0c0fc7846611783a3b95c961aa80f9e30854d92c76f3b2be50
os15-s0049,positive,5,os15-c000152,False,c1f9f0cde9e56d8f2a7a5aefc5a8c1a48deec47e5ca2852b53229cdc56b658cc
os15-s0050,positive,1,os15-c000203,False,3150aacda533e428ebfd02b97fd832f54157a60c6f7f92b9030ba7766a45e66d
os15-s0050,positive,2,os15-c000432,False,8739c5cc6d944614d41e5dae531617b1a6fd24c886df675241e4092cda86cb2f
os15-s0050,positive,3,os15-c000084,False,a3eb071841edc7c6bb83d136addb82bed6b88337b939145b29c0a7ab2532b9f5
os15-s0050,positive,4,os15-c000481,False,bfcdf4360d54b1cce694ec50f7f4753fee92d712cc3eae650cbf7733672b1b78
os15-s0050,positive,5,os15-c000094,True,f66fa0f00e47c5165c5261a148480b236fab366839bc6817a6f95f017e31dc3a
os15-s0051,positive,1,os15-c000064,False,2d3c21e149affcca209d5c19034dc9e635cb7f808df16594d060f847c7f2723a
os15-s0051,positive,2,os15-c000153,False,7ce6b662bffa0008de6339af46f12a5f0b742f64038838f85eb6de8fc33f8dc7
os15-s0051,positive,3,os15-c000503,False,c9ff94fd493f96b5bc6210b59671b3a8d21459f11064ba1282675efac3ab80a6
os15-s0051,positive,4,os15-c000008,True,e6690f573130089c31c884805a890a088f506cd822aeed0a08cc69dff5e9389c
os15-s0051,positive,5,os15-c000020,False,eea07c9357de0c24fdcc80f39615063dcb76f78721ab8aa70eeb2025217c9f3a
os15-s0052,positive,1,os15-c000051,False,91f2d9c33951688c3a738bdbbc216979c29d94889a9bb6d9678e3a3c4071bfda
os15-s0052,positive,2,os15-c000373,False,a21fbfa859efb43b49e70118414150500fb8662de424dda94c23b12565be8160
os15-s0052,positive,3,os15-c000111,False,b87cfeb1ec427fc37ecd54b845f178518974c8ecfd62826027b1badcfbb984b0
os15-s0052,positive,4,os15-c000371,True,d10017def8d30c907377df5a7a08317e6d4c690f618e8e580ad730d492b691fa
os15-s0052,positive,5,os15-c000162,False,f37f56e1ad6b2b381fa73ea5fe13c8516d3eb097b4c6ca06270a75e031a331a2
os15-s0053,positive,1,os15-c000358,False,4d0a6a787928304e84588ae6b1548490d128083b74a6f08defb6a0b65271ee50
os15-s0053,positive,2,os15-c000093,False,74675ceaff1ec57cef7f0ae01f2eeab69a37841f1dab1da47dec2fa35b1189f1
os15-s0053,positive,3,os15-c000466,False,93bfef9155b513eb89ed3382d456220cc8d408dd2c3e5cdf6619a0e339da7f97
os15-s0053,positive,4,os15-c000074,False,c3762596d0f570a7eb5bad91675031f1656b9721e48aeb4fb9c7a2d79b591a33
os15-s0053,positive,5,os15-c000145,True,f26f8374d6e97cf89337b1f1b126b5b0c3a7a303c942b585699f848080a78438
os15-s0054,positive,1,os15-c000372,False,0d25ef160a1016eda1e778fbd34dec774b4fe696908f0fe50b5a43b3d78296ef
os15-s0054,positive,2,os15-c000493,False,254f6051f417190ab6e8588de85f72afe3227e82085244af2feecb12ee3a75cd
os15-s0054,positive,3,os15-c000003,True,8fa5c77fa25dc41fa68e838ebf30307e6d459f54b75eb4babca148c183db5d53
os15-s0054,positive,4,os15-c000083,False,a2ea7e2c38a3b7a8b1923d53769be65ddf4d76bfcb727d2dac7e55f11e55a8c8
os15-s0054,positive,5,os15-c000329,False,a436ab4bf593b94eb8ea599bbf3b43f9e88dd54a402a9e0ae2b467b51195f3ba
os15-s0055,positive,1,os15-c000410,False,339f737aa20a60ea504e9ece351e909cded9e8ead78f2d142dc19aeb0a6e4f48
os15-s0055,positive,2,os15-c000336,False,42f25413646c0a4de3daa3803d43b6f0a1041e29449dbbad92b4e1db9ea51dc1
os15-s0055,positive,3,os15-c000087,False,acf6559bcb05ca6e2c09769d1ab387d4ed46f1be0cef7e565dfc7a3a4c5e5a64
os15-s0055,positive,4,os15-c000223,False,dbb9fc46762e0d536d1ed42f0c7fca3618e3b57cf91fef32d0d3d47adfbdea61
os15-s0055,positive,5,os15-c000224,True,ef673fe866d784fe852a3c59a2f7f7440f8beba2c5893c535434915aee3e5654
os15-s0056,positive,1,os15-c000146,True,6acb3d2f09e78df3f3e4c738afb850a53a65f6b6f0856050cacb995e903e3088
os15-s0056,positive,2,os15-c000151,False,8e6e54ed1784afd16ddd6318af0bd6995b5fee1a6d4bf57ccde7e661be467784
os15-s0056,positive,3,os15-c000192,False,99cea05a660217c39838f3c15a6e2338bd9fe48a0872fd3dfc0bf6c42f772063
os15-s0056,positive,4,os15-c000455,False,a75473ff2faff9b93367e5d4f625ee9ee226634d503ea2fb34713f537a08f2d6
os15-s0056,positive,5,os15-c000337,False,ce4731e85c8adbbba5a85e21b762bb2b36568d4da9fe23af3f7d0de74684e235
os15-s0057,positive,1,os15-c000323,False,53571e0313722a43e4bbd182f8581c2b1fbff4a694f347867ebc5bcb23b22237
os15-s0057,positive,2,os15-c000190,True,60285edd51482e6f1ecb1555efc17eb6a1b85b7a54e973c5dd10081165bb7b3c
os15-s0057,positive,3,os15-c000216,False,7921183ec0a2101f4d436c6bca4a2e55b94ff9ff22f667716c6517431093ffac
os15-s0057,positive,4,os15-c000388,False,84aecb26adc7cf5119158fed08138636999f9acb73e2d70b9ca8b2e22d87db4c
os15-s0057,positive,5,os15-c000131,False,e5f1b183225e50ea224d7ba79497258e6b1ff50b5598aabdc33012f9eadc1c9b
os15-s0058,positive,1,os15-c000501,False,12e33dc1389af4e83177c007454e5e82239af614b010323f1d53901ab713872a
os15-s0058,positive,2,os15-c000225,True,4aaba315cae259b8426e904e5f888012dd39ef9b519c1eae76e75819ca1f305f
os15-s0058,positive,3,os15-c000154,False,4f08a3ae027bae63ec644794f2b1af33347a631f59b4419d1ed489edf355442e
os15-s0058,positive,4,os15-c000469,False,617a6fab093e5f984455639fa847c6fe12d0f37abc8935fff46d13151b47c1f8
os15-s0058,positive,5,os15-c000308,False,b910613486102abf3d3a0cabe8f49911a0bfef6da8c18492d3e9c54512037ed9
os15-s0059,positive,1,os15-c000492,False,0a1df9db2f3b79c02557fc5eb386df3e95e65fdf8f585df192e9e74a16708a65
os15-s0059,positive,2,os15-c000073,False,a2b7587ab9178ccee700ace2009fab8028287844c88edcd277a4672331296b2a
os15-s0059,positive,3,os15-c000427,False,b4e84788eba4302ed9feda4abbf237af27671be4cc380532354e199f34d3757c
os15-s0059,positive,4,os15-c000116,False,da28974d70ec28bd6313eba4198a6d531fefefc2fdeebd913d5f9a8c1d4212dd
os15-s0059,positive,5,os15-c000486,True,f3d2210c80c419678f61771fabfefddfb46c7ec33d510e80da2b163e0788d49c
os15-s0060,positive,1,os15-c000067,False,193f4cd04154d0023d3225b0e9a968db36fe9d8fa642c83b1edfad0e41de37bd
os15-s0060,positive,2,os15-c000243,False,942d5148fa48c587637ed7e72f2d7b1728880b73f08dd6692e0f64dcf29a7a56
os15-s0060,positive,3,os15-c000331,False,b47d4560e4d11ef54139bd52aa3b8bb85c8e2f649389715f6621d8b1f95258dc
os15-s0060,positive,4,os15-c000015,True,b5836f071ccd7ead6e0a1796c8f40d0b0038b872b355615e10b3e1454700ae63
os15-s0060,positive,5,os15-c000103,False,ee5c894259dd74ad76e1b07c63b24aeb00e450f7f93006abf6d3aac4412bb47d
os15-s0061,positive,1,os15-c000384,False,11cdc2124a359fac4a896852b763879aeea04f37761a645075c58f55ada29733
os15-s0061,positive,2,os15-c000305,False,56e60366a0759a26fec7be539d1b14cf500f6997c985da10dc7881cfcc63707e
os15-s0061,positive,3,os15-c000464,False,57994d7c77c073afe8b910d4800f91abc3104c3565962c44991462f513300060
os15-s0061,positive,4,os15-c000096,True,6b260d7b95d313bd2dd7d35c48051484c623c798a3dd0743f734fbdf70381fc6
os15-s0061,positive,5,os15-c000261,False,9d5a3507cb1683ec7b5ff9497e8033b7ecf0d7e10a18668e37eb42b39b2b0160
os15-s0062,positive,1,os15-c000396,False,1849744dcb384ff9ce0f35cd80d4e2c0e000cdff73ed896d459941ffa4573852
os15-s0062,positive,2,os15-c000302,True,53a031ebcf5780c96691e7bfbfe2b240b0bd51f495418fbe25c34d3572a8b829
os15-s0062,positive,3,os15-c000408,False,9f6941770f41bce5427a1557083a4fe672305eed808f63fa99400038f6bf2fca
os15-s0062,positive,4,os15-c000195,False,adc86802e35430072042824723cb722f55e19d1d8e562e7ba159b7f9f1379b43
os15-s0062,positive,5,os15-c000110,False,ca450305be07bcb58bdbaa1235e65b46de809954759640b6c03fbc2268cfdb0e
os15-s0063,positive,1,os15-c000325,False,324c2c824fba3b1540debe32dd27fcf8e19a5c81b090d2f50274339b7ff61579
os15-s0063,positive,2,os15-c000163,False,61fcf46b514e253f33abcd076f983e0d303300154af62bee0a3fde031bb70b97
os15-s0063,positive,3,os15-c000485,False,b3e5989799f2b35696596e1289a36434f54d18d8e76e6ee8d182f2bca981090f
os15-s0063,positive,4,os15-c000392,False,d22ba1876d9e738a2acff7a19d35b341d47f5a2356fef05987be6a8ca69f61f1
os15-s0063,positive,5,os15-c000423,True,dd9355d4e982448a3c94362841a62a6ca616f0c1c4cc39acf4e7dae5079b365d
os15-s0064,positive,1,os15-c000414,False,040c50581709b1f8ad302787f9be7b68454b24f99cd692601e0c4477aec41a14
os15-s0064,positive,2,os15-c000351,False,0a31e2181d8fe80159ce679afa5d5878b5e8db1fa2a3b39de2d01b3506cb701e
os15-s0064,positive,3,os15-c000284,False,0c09dccc8d983496372e885653de99a8c3e46bbdde51040a15179e1cfdd38694
os15-s0064,positive,4,os15-c000386,True,850c93c258563f43dac5536efd45acc5ea57c672f091131e6394885fe6fc9e95
os15-s0064,positive,5,os15-c000450,False,fb0fe56a0858f3d70cfa1c6faae784fafc00c568eb078eecce1afb4cf9ac14c8
os15-s0065,positive,1,os15-c000210,False,0f8f55bc8e4e4e72cde39539092b863aa183e24e23419b72cae19f8d6fa3877a
os15-s0065,positive,2,os15-c000220,False,51ef86e1fdce076d4ebbb4416544197ff4cca791ec5789f4c5bc2a3a8db1de7b
os15-s0065,positive,3,os15-c000122,False,76a04aafef190c835997a7c0f91f069b4a2bda75ed866ef7ce4e4ec65445beb7
os15-s0065,positive,4,os15-c000065,True,a80b6b7ea4edead30bc45b8ecb4f4bd526983532f0e421eaef4bc026913dc590
os15-s0065,positive,5,os15-c000135,False,b3d56011ac1a50269b9e2ffc25f02a4788e263e812a562054b8ed60a252d06b8
os15-s0066,positive,1,os15-c000311,False,6a1025f7570bfcec0fea5441aff18402c3c6ab65c803eb0d81c711212be06be5
os15-s0066,positive,2,os15-c000426,False,8b504df17ffefd539b21a52914ace364a137af8c8dce916b9b5df403e9f04097
os15-s0066,positive,3,os15-c000200,True,8e3ab67a517392912a4727af35f67f06d85c5c01f5d30c89b87fbe2d257f343b
os15-s0066,positive,4,os15-c000470,False,a0f4af4079469d8b896413d2bd1ab283c49859a58bae3e8f74a1c37fedc8387d
os15-s0066,positive,5,os15-c000321,False,f971e1027013ed60c70c265b78c9589052585ac524f2a33fa6b15de4094eb290
os15-s0067,positive,1,os15-c000312,False,0dce7e15dfcc32922ea9c709cd9819051e6d9f7d116cd1986209852bb19ebb24
os15-s0067,positive,2,os15-c000063,False,0f44aefb097f6f13a764dd17accdbb904faf26fd37a5d37fe5dbaafebee43386
os15-s0067,positive,3,os15-c000491,False,3e10c877cf4b5930c8255230c315adefeadb12afe34610d321066a52797dd4ed
os15-s0067,positive,4,os15-c000201,True,6b49cddb3f4d8c12b5c11ce374160f8e112d9a8b6f28a89aa476ae01900d55c3
os15-s0067,positive,5,os15-c000324,False,a8f273b6f58d126049f15c283ebf3984b856c37850615a17a4a60ba5de60ce95
os15-s0068,positive,1,os15-c000352,True,423b964be51ebcfc80f7135e4614bc549ad5358ed18f63b69c80b1e42eb19199
os15-s0068,positive,2,os15-c000150,False,8cd7f684be28013606b2da1d7894969c838c88cf93727522361306ea8a550c83
os15-s0068,positive,3,os15-c000295,False,acb9cfda58b48427cf3bcb0e48b78fdb660f37e601156cb8686161d70cb3b241
os15-s0068,positive,4,os15-c000025,False,d41d0b61c9111d96de2b9e3771fab004fec3f8895623f54aa61468055ccf2959
os15-s0068,positive,5,os15-c000364,False,dd16f97a53a00726b0baca3e4d3ad7bf12ff8c01543ff74de691cab5023eb5e2
os15-s0069,positive,1,os15-c000209,False,2566d5e68500a29a8bf328ca1ebc9d4db7c302c86914ec05cb69679e472d6fa4
os15-s0069,positive,2,os15-c000343,False,36a47483de91995cfa717cf76c492931d3181e2fddf16d1da346e4294e18546a
os15-s0069,positive,3,os15-c000136,True,562c3e217a9b36c7565838d5472c04dd6f1bea4929f7ec3795c7859b5445279f
os15-s0069,positive,4,os15-c000218,False,b877d746cc052e7157a72d9fc296b276d60153ccac16d3e6caa72256f07758c3
os15-s0069,positive,5,os15-c000367,False,dd5d7c291103ddea3b88092a7f56cd84d011cd6b0559eb51115372859fac5ee1
os15-s0070,positive,1,os15-c000052,False,1ed8368121fe318efad96133128b60046676d83a79f11a323190a4f00b3aaca3
os15-s0070,positive,2,os15-c000484,True,5cd7cdb62563ec793ee8d39ee67d5fe609036d7c0d5e75621acb2a57d1bd5bd8
os15-s0070,positive,3,os15-c000171,False,6bc5a72881aca98a52c44806595a4da40e2cd453ff7c2dd59b9954e79c9ba2a5
os15-s0070,positive,4,os15-c000502,False,cb3ddd8dacf61030c5a45f13a68d4793bda5c2137bf157ee6eb499b8d677399b
os15-s0070,positive,5,os15-c000366,False,cd333c044ec5b87e4615fbb21a81c33e9c97291285442bddcfadb4533172589b
os15-s0071,positive,1,os15-c000053,False,446a4db6b0a1945e8f26b57c000f03e3fcb8a2837b394d8a293d46c2e086a5e2
os15-s0071,positive,2,os15-c000483,True,56247ba833a5c78590fb86d3cf21ddc8df83d1a58babba3a3efc62e2c6db4905
os15-s0071,positive,3,os15-c000207,False,5c19b0057d81300da917a79d47b969544e5cd92bebbc96b2ef29571bd81664c7
os15-s0071,positive,4,os15-c000054,False,6867507435a105db3f1894556411807ded349662927247bca4fa8493ca575854
os15-s0071,positive,5,os15-c000428,False,6d1f378e3fba036bdaab39bbafe98fb02259c2579a3a2100e99275da1f1eaa6f
os15-s0072,positive,1,os15-c000112,False,3cac2329d66f4020a97dba7075d627e101e17901cfe6ddd7ff4bd968bcea46ba
os15-s0072,positive,2,os15-c000293,False,4df673f26f25cb83510b5958228dc918c6ffc7156e07748743599aff190d2b54
os15-s0072,positive,3,os15-c000363,True,6ce995e70b388948378262dd5b5ca8ad200a2797f206a4e53ecfd0654349644a
os15-s0072,positive,4,os15-c000236,False,c187a2cf01f5f5c35f44cdb361f90f0b9c09f09de887910dc0803d611c3614fb
os15-s0072,positive,5,os15-c000330,False,f620880f6828adbb0afe4c9122427c3e550f51747cfa31afccac917b05b4b705
os15-s0073,positive,1,os15-c000362,False,16bde569a2c000e811e2e4c98c5487e9f8cf8fcd2a84e8895bf81962c295471e
os15-s0073,positive,2,os15-c000219,True,374861645e617d3d54e271f175989db690e344c9355ff68acd3f7193c950cf8e
os15-s0073,positive,3,os15-c000452,False,42611af00158492fe3f2603dd82526162723a71ed5c5f5c44061ddb1327cd0d9
os15-s0073,positive,4,os15-c000203,False,47d4221c619a13252a71596c645ad87444b99d82ba1612893318385be73abfd6
os15-s0073,positive,5,os15-c000152,False,7268098020c83964d807a26cd55f857eef33cae0177953b0057511bed422378f
os15-s0074,positive,1,os15-c000084,False,103adbeab8e25011d4f2841774beff135296a5fe4554feeb834b8aec21047645
os15-s0074,positive,2,os15-c000085,True,73525c5b48c42ede53d941b222c9dfd4a2fc13311ea8aebd49bffb8b8f680f37
os15-s0074,positive,3,os15-c000481,False,758a25caecc38381bde8bbda41a1ac1635222a5b8f5368e4d8eb3bc87fba7342
os15-s0074,positive,4,os15-c000020,False,ada2b585e9f177d3f9236a6cb124b01bcf89229bc9190660a9218bc3065cdeb8
os15-s0074,positive,5,os15-c000432,False,c7e19058dd7bcaf783622b385e76cb87bd3a80ada7ff27f83f8ddbaa8f0730d4
os15-s0075,positive,1,os15-c000444,True,217881d3405a554b0cf34f5d7d1e856c6587cf7b35ceb8519e578e506fed14b3
os15-s0075,positive,2,os15-c000064,False,45c01ba9f2b02ab01931d250967cf03c7d47cbd3f8e33f1b4d8d95e6e0aa6976
os15-s0075,positive,3,os15-c000153,False,65693e475af6c3e760e6de083f4a50cff14c258db1a2f373c2e293d1962ccbae
os15-s0075,positive,4,os15-c000503,False,6ccecd028704844650accb72be58f68e7e2309516e0ec495e835d852dd3a6e9c
os15-s0075,positive,5,os15-c000162,False,c8a7e9179aeda88e6b2f81f651029829be479f9f658c5fd67eff92ff2e2a62c0
os15-s0076,positive,1,os15-c000051,False,03004c840fe86aecf4aeec3c77a108791f6832ee0868a70d03f667c6fdef52d8
os15-s0076,positive,2,os15-c000111,False,1a1e9be6b7607a304e92394798ad0a778678b3cff5aa3beb5829c28aa0ea401c
os15-s0076,positive,3,os15-c000373,False,336019a3fe2833cbfad22063a35f40059ee4a913acf6f91068c464505515502f
os15-s0076,positive,4,os15-c000074,False,84309cd3a344b041e428ab9054c87dd1acbf27014a811202af46a0012148ccab
os15-s0076,positive,5,os15-c000178,True,ec4704da6fff6d207735d04b3a62cc4f2c0967aa073ed8be041435e70e297d22
os15-s0077,positive,1,os15-c000358,False,6d59fc9403a45078a3e517620ba665102cd1de6f26c79a441fc858ade1d2a31b
os15-s0077,positive,2,os15-c000329,False,6f0d8a4fc2cfcc67f1049e161e2dacc13b312c9cc62ea97444382f9206f1a7e5
os15-s0077,positive,3,os15-c000466,False,7963b49518b448ef9854059cc8631b716573b62db997645a36a6894d8ba6e3ef
os15-s0077,positive,4,os15-c000062,True,91cb9db860e7098fbed1ba72210773d33a5c1b5726e63fef8382ef022ec01dab
os15-s0077,positive,5,os15-c000093,False,b4c6f3839dd8021bd1d2f1c8f87e457e4a3673e00a147c1d231b07750a437f53
os15-s0078,positive,1,os15-c000493,False,283e827b0c0a705b04da6698cc060a7364869c94653be6fe0e74d8bd4ea4102b
os15-s0078,positive,2,os15-c000083,False,3b08cc5a8a4843c7d1078a3b9a2b9a6f392890100f5992ea6b81e0307c21edb3
os15-s0078,positive,3,os15-c000443,True,52e06736d8497ae5c465a740dcaba71a4763b125263289c23af3c72e05d7c955
os15-s0078,positive,4,os15-c000410,False,85fb3ef952775ba27886229deff169ae3326a5a7f4dd14ca85c968966c2f5c98
os15-s0078,positive,5,os15-c000372,False,a8546aa9f97c13c1c7c01e4c4dff2f17cd8fcf50a37fe5ebc3ca60aec63c0d8a
os15-s0079,positive,1,os15-c000336,False,3df175b6fd40616cfcef59a1cd45d543bf46a511a9c06c8afcff0a16f0efc390
os15-s0079,positive,2,os15-c000282,True,5702c1b747cf35e665f154d2465b231932e99ae6227aec9df4fa60beb87ab9f1
os15-s0079,positive,3,os15-c000223,False,610023b2f73589f7696a1499ca5d071951bdb3c76fbb439ad2cc69f649d00c03
os15-s0079,positive,4,os15-c000087,False,76c67a8debc06ea961dd7aeddaba1124a4e796e282bd6291e981aa9845677cc2
os15-s0079,positive,5,os15-c000455,False,817ee38528216bb1cac83db87b15e866b309311486dde0f67924876fb795a3e8
os15-s0080,positive,1,os15-c000151,False,191de752306e18f085345ca7a1ab7024a6b4d2d768b72a6facd4b7fe064a9b51
os15-s0080,positive,2,os15-c000192,False,4c281014a12f63101a2de28cebcdc615fb7857d6e57445d13ad585be5ceb0fe4
os15-s0080,positive,3,os15-c000337,False,68a5c02de9316100d9e10e780b529086ed054a1cb66e6646ddaad17438330c08
os15-s0080,positive,4,os15-c000181,True,96bd42892d3053fdb966dc6f5356ef4d324d78efa2de72d759a25393c5d337ea
os15-s0080,positive,5,os15-c000216,False,c2422bdfede26d684d45ff408210a037e37c0eed739329bf4975798d868bf677
os15-s0081,positive,1,os15-c000308,False,242fbcf404f500b8d605578376d00cf44c0320800e2ff2e1d522805557e83c0d
os15-s0081,positive,2,os15-c000117,True,3040f65381d224eeb44092896ea4af33673e2a347d8d59e3323975cf3d0c7456
os15-s0081,positive,3,os15-c000323,False,425e96fe3e740645531df687d2769212c4562d13a16ca210a30aec41b8db2d92
os15-s0081,positive,4,os15-c000131,False,a489fe451e7290c1489e75adb8fd3e4ac50f73b9855535e9d0cf5894a5932a17
os15-s0081,positive,5,os15-c000388,False,dcdf7dd28a716ca021755ed3c52db9a831f4b3a51fa27773e571b7b56c221acd
os15-s0082,positive,1,os15-c000501,False,0d8c160f921490ac0de2655ce3c11be2b1f6f1d95d8092cd898683e77974b28d
os15-s0082,positive,2,os15-c000073,False,56f565e8ca2eb1dd82f26acb26146c80303a5c47edf6976fa8e79f0f432939e7
os15-s0082,positive,3,os15-c000469,False,812d63c46590f3ac897f280ee15cd1766919ac238612b254323cc41c05f1b4fa
os15-s0082,positive,4,os15-c000425,True,98ab08e05879e9cb8b562ef6575f97843d7b53186a4ec3bbaad8e9e29dd4a3c2
os15-s0082,positive,5,os15-c000154,False,a124df4369b561479e7b8429cc65c0e0c2e548705c367c71be59e96a56c766ae
os15-s0083,positive,1,os15-c000116,False,4f8502e762d2c62956e3f87fcff57c35a5b807f8862c3dde927f5b6f9ef1fb33
os15-s0083,positive,2,os15-c000436,True,81079872a2b293e392e38238acedc5d4601fa3ce64338a132939735836516179
os15-s0083,positive,3,os15-c000427,False,ac8a5172d1437e991d169b6b1d9b7b9c0dafc1abad610447d64edc7380e2d039
os15-s0083,positive,4,os15-c000103,False,b074d5f931df438f45d560fb28f9b26ea386c77ec68382c81216b7118fc8cdad
os15-s0083,positive,5,os15-c000492,False,ecd9004cd0e287f22453ae1b1f1dff52fbe7405fe2628e6742342ce50ac72896
os15-s0084,positive,1,os15-c000261,False,0ae155bd3fd04aeef640ade8dff64023bad3e0ad580066f678bdc7dfaaec1036
os15-s0084,positive,2,os15-c000331,False,29b0f34b4c7eba2bd3930913cda28ee0507839488b91bb9788ff877ba49f0e7c
os15-s0084,positive,3,os15-c000067,False,526eceddb44993175ee0a68bb991f93b049f39b3dc72b05d4cf9e795c56c41ce
os15-s0084,positive,4,os15-c000395,True,73dda582eecd6067d6728aae92a828194a65a04a613a1c8a8f29b821678e76f6
os15-s0084,positive,5,os15-c000243,False,a72e5a860cd08f7df0d47fe05c52c8f170a1264b2ad70d1915e9dfbb6961831a
os15-s0085,positive,1,os15-c000396,False,0e2fb8c8964ef4f64025806e97efe7854c9e4c54d99424795d8939625de4b5b7
os15-s0085,positive,2,os15-c000235,True,4652ce8becce7c6feca91cf778868a3f4f9bd08ba099729391c635f057bdc630
os15-s0085,positive,3,os15-c000384,False,587bd760633cfeba59e6bc9315e3e2a0e1ed80905200134ff9066205af06bf27
os15-s0085,positive,4,os15-c000305,False,95dfef8a4efa108c598864ed894ad687a481986ef2a3ee1b3e707fea64d63b53
os15-s0085,positive,5,os15-c000464,False,f049b4e18aa1eace3322bebbdb15d00e0e606dd95c1a15b268551bf747d9b013
os15-s0086,positive,1,os15-c000408,False,16278f37a26f27728c7dec0eee5de490293fafd5996a1cb29d43593bc0268bc1
os15-s0086,positive,2,os15-c000195,False,624d76c6e1fa020f90ed679f1b2c19451f427dd569c38093c2004b45fc078731
os15-s0086,positive,3,os15-c000110,False,6830d9207d548d4d70bff8d7abcd8d039eeefea8412a1d175c02dcca18aa7589
os15-s0086,positive,4,os15-c000485,False,7865c581a61777a835b16997a0221538ac02c335d28bbc3eb52793629ad17f81
os15-s0086,positive,5,os15-c000453,True,aa2141c39b89e6b8e7220fc3a4950ef6cd0831db7334f3a991172a4926671e7b
os15-s0087,positive,1,os15-c000325,False,2bca64bd153a9d3634448571784067a3577c2da87869a68a027b67820a5dc800
os15-s0087,positive,2,os15-c000092,True,3d4d70abcea186a5277e9f6300557fadd28d3c49985bb51e6ae6495442f5a55a
os15-s0087,positive,3,os15-c000414,False,dfed7ad2f413e5e20f7aa643395a1bb308d7164452b3e40f2a38c5c7f3e80307
os15-s0087,positive,4,os15-c000392,False,f949e0f1bd9aa6c5ae4abb49bf302e9a6cc17dcbb569a8c584d28ad0b2b53120
os15-s0087,positive,5,os15-c000163,False,ff671fc341760c732e79845a83899ed1fa0b72c8412c28b0e1bed5d61bfc83f1
os15-s0088,positive,1,os15-c000233,True,18adc62a4ee0bf9319628504282a0947362877582ec21abe943a747f96f7eaa8
os15-s0088,positive,2,os15-c000450,False,49c0da5201cc04de9850195411bd06b72c8012ba02768b759eeee5cdd3acec72
os15-s0088,positive,3,os15-c000284,False,6da3ded42535b2e761c8aba27ac7144c97a54db57f4176937f3d1142749588c0
os15-s0088,positive,4,os15-c000351,False,a8887b0a2706ebf591a0144c9391dd0a750448443087c4b439c7556b571b67be
os15-s0088,positive,5,os15-c000210,False,f9df8177b451dbbaed1343ddb06a505c1efa58344c2e0fff0d4859f71e0bacce
os15-s0089,positive,1,os15-c000122,False,0d610d341efcee4d0f7dff567d8db8470ef59ae02be94d3e4763c2a945501b8a
os15-s0089,positive,2,os15-c000220,False,1d6198ee69570254912c861ca58afdd1ca165ef37bfbcfe89ffbbd9500a68dbb
os15-s0089,positive,3,os15-c000135,False,7d70bc207b231e488d0dbe910ec58be90fcd594bb95d3f02963f3732fe7db5b6
os15-s0089,positive,4,os15-c000194,True,ce562b0cd61444fc752843b8c9e89896b3ee52a7c3a6b9cb2743b6084640a17e
os15-s0089,positive,5,os15-c000311,False,e154bf11a0b19b0fccab3bd477367a52ae0345806bdbeb80e2044c1ac273333f
os15-s0090,positive,1,os15-c000426,False,014aa75c5a699ae51791c070090e1ecd34bb65c0fa4cab7437df4453e52002e4
os15-s0090,positive,2,os15-c000312,False,79bdf6353ec4ea81b8b2de5baa497c1de7badbe9b3d4d442b0d2b8567f5e8915
os15-s0090,positive,3,os15-c000470,False,af7c78cf08f8e99908f734092bbfae6bacb9cf2aafd61bcdc2462154ad968342
os15-s0090,positive,4,os15-c000321,False,bfdcbe5e770804c17d813825d0a4fb5543bb5f6cb7fefcb8f4c1e87c3d77e7df
os15-s0090,positive,5,os15-c000130,True,fae262f1a1d4830af44c0aa2c843d8562ded05d77f72976cd101620c34b560e7
os15-s0091,positive,1,os15-c000491,False,23d838f02a321615661db11af4c81b88fc44dcf394d76c86a5b1c9a3cf1f3165
os15-s0091,positive,2,os15-c000063,False,2afb83900f2fec8f42ca304c9a319fda89228c872d3fb46888a7e29d7ad25585
os15-s0091,positive,3,os15-c000150,False,4210320039a44d844d05d459168164ad3d51504df707d6acc9e8a486a14953b5
os15-s0091,positive,4,os15-c000478,True,822e556c2a3eb0be2279e49979374466873296bd57bcd8dc7ccc72b6c2868587
os15-s0091,positive,5,os15-c000324,False,89f2fbe231647f354bc179537db5e9a88fa8a40780f3833468c86cae32d0fdaa
os15-s0092,positive,1,os15-c000191,True,0772fbd1a515a4d0cc4e118a6d17482c673256fa2ec4c01a1043d9e13ab5ada6
os15-s0092,positive,2,os15-c000364,False,31f9cdd184589aaa223222025ba214d137067565855fca1f4a4db1c3fe9dc6b3
os15-s0092,positive,3,os15-c000295,False,6444a2a6bc49a1aaf258a3ddc838caa2ac8e3910a4990fffda56f4c503774f22
os15-s0092,positive,4,os15-c000025,False,96583d5f0261d0a011d6918185318bb7a496bd9b9dd3888ee5303ae7cf0e9f93
os15-s0092,positive,5,os15-c000343,False,c4db32971d41268ee46ec4426a1830bddf73c20718cf27de9a63feaf42060e1f
os15-s0093,positive,1,os15-c000218,False,07b826f0cc216feded09e8e7ca9542056ba2129c5c83960fe6925e8b8da79055
os15-s0093,positive,2,os15-c000367,False,319729255d330ae3d5ea2f137fa69fc653da4991e535dcfc36642d098b327a77
os15-s0093,positive,3,os15-c000209,False,41617455a5f109ef5b0086ec74d946fd191762eb5715bd3f4db5245a0203ecbe
os15-s0093,positive,4,os15-c000366,False,48c7dd42de6726fe252fd489b6546124122b89022253ad3fa8a411edfc96d7a1
os15-s0093,positive,5,os15-c000217,True,71d9a024f1453d23eb0f43a3d3c1e3844cf8e7f142a3d789c6cdc9e5bff74498
os15-s0094,positive,1,os15-c000207,False,044b24047be658c27c5a10c67c308397e89bc6dfbcc90e8b3befcb99ddc93d52
os15-s0094,positive,2,os15-c000052,False,08e4f22c27588e094b82d324a7d9f444315abae3c450b33276e8d5f92f764f09
os15-s0094,positive,3,os15-c000502,False,59b16d050edc1d30547b099f69f4676a3c69f9ddc677017ea21ff2b8f7ab95db
os15-s0094,positive,4,os15-c000171,False,6af2d1a7842e5e52448114ff44922b6733a3a5e5cbd3a573ea13db14bbd77e3c
os15-s0094,positive,5,os15-c000307,True,6b1518c2dcdb81e426ab204363879fbb59ea3516a6cdabcb8bcf1be7e2da79ca
os15-s0095,positive,1,os15-c000054,False,2361c4fd6cd966e62eae0190031dae12d4f5d27e47245c3f56e7d5e2e0809e3a
os15-s0095,positive,2,os15-c000053,False,3f69059c3a7ac8fac0b6d6e319947568f8c216059220e1ce9f027c59d38c3f49
os15-s0095,positive,3,os15-c000428,False,61d3deb27a6f48f60e8c502f6960aadceb8f3f4746dafb6b3f4530e7d45e0f54
os15-s0095,positive,4,os15-c000306,True,a248609d381cd2e7bbcc459c328e660270c13f260176845b8f14bc52a4735c22
os15-s0095,positive,5,os15-c000330,False,bf3d5e529c2c98730936470afcb661eab73cb06129ce699f25936cecf12eed32
os15-s0096,positive,1,os15-c000142,True,04b710007dbe8f51481a019ad33768d2b6739707bdfc2364eb7ce75bdd447b1c
os15-s0096,positive,2,os15-c000112,False,344efaf27ce6b3cacf8e49ce8f83e8ed4aac422da5a0f3571f6e0bef7d8c8f51
os15-s0096,positive,3,os15-c000236,False,6736aad21f1c1e94e81a37c2157ef0f4962fcf371796769627532d1606826c7c
os15-s0096,positive,4,os15-c000293,False,c27067f5f201201791b814d5ec449346fbeec616c0629e5dd666d6cdb4f1e4df
os15-s0096,positive,5,os15-c000452,False,e1d55039371dd841424c6499028e8a924af230ae79221eee859761e95d71dff6
os15-s0097,positive,1,os15-c000084,False,2d1b544bec36b04dd9d5c372c8dcd33458c307eafd1948f7bb7647ac9b8b76de
os15-s0097,positive,2,os15-c000361,True,4d58f5dbaa4713d47c74b9de7131556e0347233ed824014e38edf94eccac4a9f
os15-s0097,positive,3,os15-c000362,False,4db97723304360967782c36b4339b8fce960e46f8ce74e2bf65f39553f74561e
os15-s0097,positive,4,os15-c000203,False,65c68e8d11d052bc8b6be969efe464ec15cd25a3d9682b8838d1d840c6ce3e91
os15-s0097,positive,5,os15-c000152,False,6ee8d93bd74d4faa3bb285eb5cc370e263e1e93894c94b4b7fbaceee0ad43f83
os15-s0098,positive,1,os15-c000481,False,091022cccb3ec13690ac67fe1b1ec0dc583f805ccf2a90c2a5b18ce368d54341
os15-s0098,positive,2,os15-c000432,False,167c6638cc4bba193a9ee5fee0ac10323774f4289cf4341b2f5c186b58a1a5d7
os15-s0098,positive,3,os15-c000020,False,bf6a3a347ab956271e7bb9aa928a3e1a6e85a125ec134709c8a1646125eb44c9
os15-s0098,positive,4,os15-c000059,True,c8bb0839851f6d538c12b0bd16b70a227b1f6b6a0f586634fa60c683b567da1c
os15-s0098,positive,5,os15-c000064,False,faba8df2b0947a0dab0f712ecece897dad33397336d3eaf958d82918d6b75cba
os15-s0099,positive,1,os15-c000503,False,3924d517c491213903f73cbb77767ccb3f4ec114a6b7c6e425202fad80523944
os15-s0099,positive,2,os15-c000373,False,a54f0b9bdef635c594294fbb883bf409ed6ce4c7cf4affdbdd59843ab38f4eb0
os15-s0099,positive,3,os15-c000129,True,d1a4a76ff48006a1b4a7ef8dc5db626eb525d72bd90a36ce8f6e7eccda99bb91
os15-s0099,positive,4,os15-c000162,False,e2fe1b89796bd06b9956ae7296fee539f953c9fbfc4ac78baef2a55220ddc6f3
os15-s0099,positive,5,os15-c000153,False,f3de832018d0706fbdd22fb25bfb6aa0b3b6e925c1d0c313f548a15f6697ec5d
os15-s0100,positive,1,os15-c000095,True,0b22f179d8ae86a251ac4be7e152786d1f3555203f8a4084a21adf6b86fe6b39
os15-s0100,positive,2,os15-c000093,False,264e8c66431151698497c05a1d1266bfbc8205f7995210c2007c149bfddfb82e
os15-s0100,positive,3,os15-c000074,False,67270d5b19d1c4f2473b209e6c3b71387c53a4bb2a445823e4e0e2f8f5432ac7
os15-s0100,positive,4,os15-c000111,False,cd842084281f1987907045c419524351a570869d00e14ecc5bf521fee31a2d8a
os15-s0100,positive,5,os15-c000051,False,e4980ac8a3612c8c3854fe011c16367cb4e71623ce9fd1e5a10325e538a7d40b
os15-s0101,positive,1,os15-c000329,False,09f296e68107095fe54de82a305aa54d62054d5cc2ed89c6ef1c36ee3ad4ee8d
os15-s0101,positive,2,os15-c000466,False,203edbc831324f35e3f0a7b52852a0332c7bc1c33074fc9e4577dd15d6c0576f
os15-s0101,positive,3,os15-c000358,False,4178edae16d393bb8f39d2ea4b5474d0b92e1b12e01b77b133825439bb98b366
os15-s0101,positive,4,os15-c000083,False,44bb334ea411b9ef92836bc013f78e692e41e4fed40974376514bacc6bb323e3
os15-s0101,positive,5,os15-c000034,True,5854043c812fb42481ae8ffe51f28e5d73edbace83a766c093f6d963255dc461
os15-s0102,positive,1,os15-c000493,False,3f2d4e9ae1fb87c9febd50252d6fb971a600e18d44bb455c025362b648a6f613
os15-s0102,positive,2,os15-c000372,False,7763be7010cfb0b46f7f0256db4311924f0e4b1bd88bd94ddae346170a6e7261
os15-s0102,positive,3,os15-c000193,True,89f94682476c69d6694b6c0631f1d8183deb88a5024937257a7217719b345a51
os15-s0102,positive,4,os15-c000223,False,a69417a85f178bffd157e769ec00f6444ba5a99193df67e6820c6f179ecd34b7
os15-s0102,positive,5,os15-c000410,False,f07f840a66b46e2764b15163be3bcb015744fea642a8e7afeb9c2c7846173da0
os15-s0103,positive,1,os15-c000192,False,23e19015344bcab803f67427eb7662074c139030d523ddcc8d33f260ba0e0b7f
os15-s0103,positive,2,os15-c000087,False,35d96d59baf9d9f3076777240e9e48cee1a8a83380bb26c80cd47825b2ab5a92
os15-s0103,positive,3,os15-c000357,True,d5bf9c6383d5c52557db6a76b23919f32ef5511b8e8a66bc3af65b4c9e29197c
os15-s0103,positive,4,os15-c000455,False,dcc2b2f8087ed807c54979aabee9a5fffcdfa249056dfb222095a1d2bbbe7d9f
os15-s0103,positive,5,os15-c000336,False,f1d298acba0c6b375d94787a2cce2b990cdd89e27604091b6164b7dbea529754
os15-s0104,positive,1,os15-c000216,False,4c0351ab59a3a089de576bea0887381fac2eec5e5b08519787ad39a700f558ad
os15-s0104,positive,2,os15-c000337,False,6aeafead0949613fdc75eb9da175e468476d8cf22d239b7d7a9c93a0d4046bc4
os15-s0104,positive,3,os15-c000323,False,799b6a001715920df4243c6249f50bc6b5f6f79bd811433908808e06effdc89b
os15-s0104,positive,4,os15-c000109,True,8e675cbc29703626aa3ddbb7bb9413a1113a4bcbef600ccdc400048d9e7e5ec3
os15-s0104,positive,5,os15-c000151,False,c4ef0192997ee1c51a0eaf79b192ade9a7af2cf473b4e2fd59201ca3a9d51f16
os15-s0105,positive,1,os15-c000131,False,4ddc8f24fd93ab6c80428ae187590dfeef048d72e91b3da0c31d1a405ca00bbe
os15-s0105,positive,2,os15-c000154,False,56a36694e013a332fd2c291b9e225f2b1bbb3a0ccd4b329080b0e993eac7e90f
os15-s0105,positive,3,os15-c000308,False,693c2b735939014266f2b552096deb5791223f95e9be6fcc3d8cfc29ae289613
os15-s0105,positive,4,os15-c000179,True,9c90f79fca507001849988609c179778dc27ab7f04f25bdb1008e881a3fa768f
os15-s0105,positive,5,os15-c000388,False,a6c9b55e0a629c20cbd360cfc057153a6d4ae8551da8d25e46ee065a79c07fc6
os15-s0106,negative_only,1,os15-c000293,False,06e70c50bb5a0e0310536bf661f561bc4666dc109cb66cde6394226343262991
os15-s0106,negative_only,2,os15-c000236,False,3a46c95461e88ae6c9e5dfd5dffcfff8b837b50c7be5babbec56d3f390caaafa
os15-s0106,negative_only,3,os15-c000112,False,4250928ddd5ee48a5936e5a54444891f2d1b2117e873846ed31ddf1e49482e17
os15-s0106,negative_only,4,os15-c000452,False,956c0e257ad17764c3a79dd200e9aab3a6d79f7032a54f947b03b8c91ea07eee
os15-s0106,negative_only,5,os15-c000152,False,aa09de85825650e2d3c729d469b7be08341b2a69bffdd35a3c3d66dd10473073
os15-s0107,negative_only,1,os15-c000084,False,1e77ad9a16edb0742008fb485b2aa47023bb16e3cc729a28e583f313c2df43a2
os15-s0107,negative_only,2,os15-c000203,False,312a3c8f83638d9c1e9a3810a41501b1d353087d60c215dcc9acd84d3bbeca5b
os15-s0107,negative_only,3,os15-c000362,False,452a0b5b956b15a7db83d083e1e90b8df125c2feeaab5521a03de0d1599cc20e
os15-s0107,negative_only,4,os15-c000481,False,a1e979eb7fcf8747e99e78d608b58c96fa440351bb720ce4337bb2c545db7cb5
os15-s0107,negative_only,5,os15-c000432,False,d3a8ab27bb6be00ceec312679ceb18400a12dbf0e1f137d34e83eb1dbc8d5ec7
os15-s0108,negative_only,1,os15-c000162,False,460b88e39eb5aa7b035e1e3d97bdb8ffd7a67d58420fc7ad44c547fd0b3ec54c
os15-s0108,negative_only,2,os15-c000064,False,b5f052f9da812a0a6db66fd606b806f7b75d3d2596521448c5db3879ce4c6c26
os15-s0108,negative_only,3,os15-c000020,False,bf13ab1cdb416e05c68728bc92b0e8ef4925c5c236bf60c62420d4e639295d08
os15-s0108,negative_only,4,os15-c000503,False,ceecf601463f153494d0592cff5e0f90797aa94d2731a61804c2fa35a973fcc1
os15-s0108,negative_only,5,os15-c000153,False,e4b36a6a2f00d139fd2378358f3d7c809c6e0a59972bdfe826b58369c3d99d53
os15-s0109,negative_only,1,os15-c000074,False,2657a499f99f89e20fcff1fd409a4b2b4d7600c2332217f8519047c1f3ea8153
os15-s0109,negative_only,2,os15-c000111,False,9d26a34c3e698113750759a8ccd5ad7daee6bc8e2dc438768452a2641a9ff417
os15-s0109,negative_only,3,os15-c000051,False,a2469a18063bbec56d1994767e04b232f7da9f09ca002fc6db87a711d9fe0dd5
os15-s0109,negative_only,4,os15-c000093,False,b2269cbf588e5eb09e4bfa3f94219d329b3cf2cfca9918f8f36538311edd19ff
os15-s0109,negative_only,5,os15-c000373,False,d11b64c331c70ba3aa422629bf8e994ebc8aee7ad5a276933061f6b02416dc8c
os15-s0110,negative_only,1,os15-c000083,False,0fc4ee4088d73946f296838246a69ff857f21852ce012a0b946c0c9c9aa4ce3c
os15-s0110,negative_only,2,os15-c000358,False,64d2ef6373468af1e9175b6bc9542313cfa1006dd6bc160a37bf1f1ab1d8a714
os15-s0110,negative_only,3,os15-c000466,False,9456cae20f3474ec21cfde66954139b6bd82e67106ab89699a5a392878ce4919
os15-s0110,negative_only,4,os15-c000493,False,94e6aa293dce3b522d299f0afce409ebc3049d48fe3c1688af4d0ffa53fa53fb
os15-s0110,negative_only,5,os15-c000329,False,ef0dcd0dd2ef8a0935f660b542d230d8c5170a13579c559bab9d8153daa91da4
os15-s0111,negative_only,1,os15-c000410,False,564f4c84082f706f953340f58eed5a325168377fbb35579bddd0ef10dc893c8b
os15-s0111,negative_only,2,os15-c000087,False,a2634606e86f824499f07021ea7c0fb6a4e5815b4d3f3d43ebb1f2b6a11eb5fa
os15-s0111,negative_only,3,os15-c000223,False,be2a9b8a4eb9e32a50c7aae3340b88d3a6cbf68716703d53d05ed0836b1c4290
os15-s0111,negative_only,4,os15-c000372,False,d0c9f845e33f66c0848a7b17e8fe3cbc76138de104f7aa95348d249ee1ed0573
os15-s0111,negative_only,5,os15-c000336,False,f1d58523efe4b7222713c93f3d7be4bf5306357991ff26e1d2e17d1b959f520e
os15-s0112,negative_only,1,os15-c000192,False,2528f3a81825a97f1d701ef99ca6a780ee64e7c5a2eae15bf811f50a3638ce01
os15-s0112,negative_only,2,os15-c000151,False,8b31049136ab5666940e7734f83dfac1fef6406d6ef9f217af4d8ea6d3769c14
os15-s0112,negative_only,3,os15-c000337,False,958a409cd15195edfbc3f1aba791ceab8a92ddd081b9123ed83bbc24fdda1a41
os15-s0112,negative_only,4,os15-c000216,False,b003270ed79d6c9a9da8719146c87450991c8529e00f770b1afb8dc50bfbab3f
os15-s0112,negative_only,5,os15-c000455,False,b3b64d1d9a2992449d0fa7b5ba5376cca28e3477da8f02bc7a28435187699e86
os15-s0113,negative_only,1,os15-c000323,False,107efc2e8b321e3cdad34517e3050ca12a0fa20cce2cf4592aab075302afc7cd
os15-s0113,negative_only,2,os15-c000388,False,2f360f18937ab55d4efbbd0071f3faccc0461bb69c44b9e034d29639b796fbeb
os15-s0113,negative_only,3,os15-c000131,False,8547b7aa055adf437d04dc46737ed802da8e9a6254833d6c58ea6345ceaba2d6
os15-s0113,negative_only,4,os15-c000154,False,ab94aa51ceb5428f6e4548fe9289233fe478d12ed7e7a6513548e4fa4dfd2be9
os15-s0113,negative_only,5,os15-c000308,False,c302da765563c880b44b8e936784cf7264649e2e34e6377d0a233537acbe163d
os15-s0114,negative_only,1,os15-c000427,False,3f8e61cba1e91b95d493bdd93cfa53dd3b60adc738df77e7532ce5b98f08a8e0
os15-s0114,negative_only,2,os15-c000501,False,8a7cc93b5676578efe9f2322cb042eb0fb38e4dc0a559fbb9e649722f77b5cf2
os15-s0114,negative_only,3,os15-c000469,False,a1f8ce678cc17dcd01eda761516669ee429e7ae6ae407ca5d82cb20639b68c84
os15-s0114,negative_only,4,os15-c000116,False,d63c299959a64815f064b687fd7d27a8284cd59703fd5ad49b1b294bf4c4a2eb
os15-s0114,negative_only,5,os15-c000073,False,ec16208130983ae6e8621b21244bae6c947334f9cc33eb82017f578dac8a8d0d
os15-s0115,negative_only,1,os15-c000103,False,036368f304700821d487b38254d56d66e0c40b1d7f5a770c9dac30710499ee35
os15-s0115,negative_only,2,os15-c000243,False,569643515f84534788b9a349da0c0497a05135596a4450c25aa0e217d07f0e0e
os15-s0115,negative_only,3,os15-c000492,False,6fa3cf3a0863e169eb373f004ed6be0641284044791a1c810416fdda9768926b
os15-s0115,negative_only,4,os15-c000067,False,74193a68a6790830c3d21638fd6922184782ce0285fc315442457469c34a5fda
os15-s0115,negative_only,5,os15-c000331,False,c9e4f1fe6cc353a7165bc88c076cc4815bf905514d3c7ab8868dfa5b9a63bbf1
os15-s0116,negative_only,1,os15-c000396,False,3c065448a88d339626c5b95325f4015322f85fdc43269038cc4eb917e67d9b03
os15-s0116,negative_only,2,os15-c000261,False,a0056f84a53717c6e2aacbcebdd78d4fa5ebfcd066d7dd0517b75baf49766e30
os15-s0116,negative_only,3,os15-c000464,False,a107abd46ad1bb921974f3c0e93e785d756aac532306fe491d6fef1033aa5851
os15-s0116,negative_only,4,os15-c000384,False,adbbdc63419d3e6e061cacf70b38b0e1c2881dd31aaa10f2fdfdba23958da5f0
os15-s0116,negative_only,5,os15-c000305,False,baa26479b3fe23c012476d0394109744d945c37dbad0a7be71d4f1603f38ba89
os15-s0117,negative_only,1,os15-c000163,False,37c4d48a715e5a4dad8342f103b06ca77d28b9ae736a002fea19787771bd7fcc
os15-s0117,negative_only,2,os15-c000195,False,895b2d8f1055923be3178933ecd18ea106945112f7615b7b7193e960b2105751
os15-s0117,negative_only,3,os15-c000408,False,d4b05de7111644329d4292abed8158aaeac8ca897a0d5a0081ca606e62e315b2
os15-s0117,negative_only,4,os15-c000485,False,e58b7ed1f6c14249510b6e6ec5c0d76872a05c418d5569dd24cebb8b9bbbf140
os15-s0117,negative_only,5,os15-c000110,False,ef80e351d07dabd673d1049ca697743194daea60ebda2aa63003372c997ad4cd
os15-s0118,negative_only,1,os15-c000351,False,05b5b6b73bf0901708da0f7f4986e4d75e46485c9835548b1bb01f834dd291fd
os15-s0118,negative_only,2,os15-c000414,False,20edfd028b89787070fe7332d7b92e43f1651ef3dc25abd657817ca04d816271
os15-s0118,negative_only,3,os15-c000284,False,826400e4cf1947524aa0f81e2613b842b54113271cd944592d6d9027ef68b79e
os15-s0118,negative_only,4,os15-c000392,False,c2c86bf76f969351fd499aca81a28416e2ee0495a0eac84632d7dfe04653d694
os15-s0118,negative_only,5,os15-c000325,False,e46fc90acda174bb533e1ed1e9dc54ffcb6d6113f424ecf537d01a96b7fd38ea
os15-s0119,negative_only,1,os15-c000220,False,1628f9c46bdb0b49c40c2a2dff256a1304cadb045dd1a0123615120111e804dc
os15-s0119,negative_only,2,os15-c000210,False,1a044ae6e58b88cb0d87b021c2ddec0706417afbfcb1cc77e5102847adc709b0
os15-s0119,negative_only,3,os15-c000450,False,51aed60d6f8b943e78bbf12366aa46ec9d78451192dc4947515929b7e7f03e7a
os15-s0119,negative_only,4,os15-c000122,False,aa2570c81dfd3d399e2e297a9c385f61d16deefd0c626b4d616861c7de24faa7
os15-s0119,negative_only,5,os15-c000135,False,b15a8850cc7f0f2daf3cacb25899d789537ccab6642b940909125a2ad0b943dd
os15-s0120,negative_only,1,os15-c000312,False,056684219b6180647428f8c77cef3cedd20f8d7ccc2cfcb3656b5ecec1e49cb3
os15-s0120,negative_only,2,os15-c000321,False,6085f8a00a77cd2211840d34cab166d1ef9874958a75ba9e2191126a717279cc
os15-s0120,negative_only,3,os15-c000470,False,6568327c610cc6f5974c082dae66263e0496e99fe9c3030a0352c7a52a0a4acb
os15-s0120,negative_only,4,os15-c000426,False,e6c5d4e7480e07e2933c94f92ea2d948e8dcfaf90fe2fb52d80ddc19e5010520
os15-s0120,negative_only,5,os15-c000311,False,fa1609c01f585cd65a1b0ecb7903fc6513e3091370e52b19608a1a7404f3e625
os15-s0121,negative_only,1,os15-c000491,False,1a50aaca8abf4d94f134c1864f60884a208b145af6f55d09789a9e8ad7f45ed4
os15-s0121,negative_only,2,os15-c000063,False,b1bab4cd8f81c2c15f91caab9dd7211f4f5dd8b6ce8ca69135528603248946cf
os15-s0121,negative_only,3,os15-c000324,False,c5a96be318d8522a5f76b574794b41e7fe7bdccc608b0b7e6b3590f3691db94e
os15-s0121,negative_only,4,os15-c000364,False,d0ab6a5111b665524d188d2f61bc8c8ff0df3aeee4e9dabd3c6ba8703bdc1b83
os15-s0121,negative_only,5,os15-c000150,False,ee05ac9b91cdc12bcdfd8a641b99ca2315541bc0a4a3f7e051873afa6f08c488
os15-s0122,negative_only,1,os15-c000295,False,10347714fe370d5b1224229f44f345bbe740ab6548eb34ee385058b07f926b6a
os15-s0122,negative_only,2,os15-c000367,False,175018482c8fe8d7c6c0edc4bb673f982f4c148bc4fa80e365d9183fec5d5e3a
os15-s0122,negative_only,3,os15-c000218,False,aa4876a72988b5a1eff3fbb9932c2958b0f83f4749c49a933b880d00e16f3302
os15-s0122,negative_only,4,os15-c000343,False,c43f676a1344fe9705972a228e6b47d858f1c14965cd8739933b2322ab8c91f3
os15-s0122,negative_only,5,os15-c000025,False,e3bb5013fd80ad105e1e182242d25d4156928c49b881d6268cf06d417554ff6a
os15-s0123,negative_only,1,os15-c000171,False,2531be8ad5bd5125c6b74377759f3a8da0431736560b4307ded01884fe030bff
os15-s0123,negative_only,2,os15-c000209,False,26eafb940202b15548b3000abc688a8f24001d6849c5fdc386f2142e19e231e2
os15-s0123,negative_only,3,os15-c000052,False,a580ef3695f350c77a8879786e89760a30e55240a5fc369a21cd195462010211
os15-s0123,negative_only,4,os15-c000366,False,e484c5423ff165728865a756a7f5757bfa48161e5b7a54820e1483b440b4ec15
os15-s0123,negative_only,5,os15-c000502,False,fa0b9ca477196059bae7194509311bccc90200e97f73e238dfe509158fcad758
os15-s0124,negative_only,1,os15-c000428,False,1b4cd2a3d11aea77b265b86489442694df8f4470910bf2500eefbe545d289823
os15-s0124,negative_only,2,os15-c000054,False,88d31f82bd8e446a85ffade3f09b1f3205820de1a30f2aaf551744eda6c92067
os15-s0124,negative_only,3,os15-c000053,False,8b232338e52d81b7e81c16e8d1b4c2b61f18cb7bdaea7e2606789aebcc53461d
os15-s0124,negative_only,4,os15-c000330,False,d809cef9735428a2557dd3dfdca37aedffa6e7cf31a57c70df7a321108cd9d85
os15-s0124,negative_only,5,os15-c000207,False,e90a87418cd879e193ad86b2a04a1a046680d0a0343aff8d5d29385385013921
