sequence,candidate_id,execution_specification_ref,adapter_class,phases,expected_runtime_requests,scored
1,os15-c000003,os15-c000003,form,"['baseline_1', 'baseline_2', 'true_1', 'true_2', 'false_1', 'false_2']",6,true
2,os15-c000005,os15-c000005,multi_query,"['baseline_1', 'baseline_2', 'true_1', 'true_2', 'false_1', 'false_2']",6,true
3,os15-c000008,os15-c000008,multi_form,"['baseline_1', 'baseline_2', 'true_1', 'true_2', 'false_1', 'false_2']",6,true
4,os15-c000010,os15-c000010,multi_form,"['baseline_1', 'baseline_2', 'true_1', 'true_2', 'false_1', 'false_2']",6,true
5,os15-c000015,os15-c000015,cookie,"['baseline_1', 'baseline_2', 'true_1', 'true_2', 'false_1', 'false_2']",6,true
6,os15-c000016,os15-c000016,cookie,"['baseline_1', 'baseline_2', 'true_1', 'true_2', 'false_1', 'false_2']",6,true
7,os15-c000020,os15-c000020,cookie,"['baseline_1', 'baseline_2', 'true_1', 'true_2', 'false_1', 'false_2']",6,true
8,os15-c000021,os15-c000021,cookie,"['baseline_1', 'baseline_2', 'true_1', 'true_2', 'false_1', 'false_2']",6,true
9,os15-c000023,os15-c000023,cookie,"['baseline_1', 'baseline_2', 'true_1', 'true_2', 'false_1', 'false_2']",6,true
10,os15-c000024,os15-c000024,cookie,"['baseline_1', 'baseline_2', 'true_1', 'true_2', 'false_1', 'false_2']",6,true
11,os15-c000025,os15-c000025,cookie,"['baseline_1', 'baseline_2', 'true_1', 'true_2', 'false_1', 'false_2']",6,true
12,os15-c000034,os15-c000034,header,"['baseline_1', 'baseline_2', 'true_1', 'true_2', 'false_1', 'false_2']",6,true
13,os15-c000051,os15-c000051,header,"['baseline_1', 'baseline_2', 'true_1', 'true_2', 'false_1', 'false_2']",6,true
14,os15-c000052,os15-c000052,header,"['baseline_1', 'baseline_2', 'true_1', 'true_2', 'false_1', 'false_2']",6,true
15,os15-c000053,os15-c000053,header,"['baseline_1', 'baseline_2', 'true_1', 'true_2', 'false_1', 'false_2']",6,true
16,os15-c000054,os15-c000054,header,"['baseline_1', 'baseline_2', 'true_1', 'true_2', 'false_1', 'false_2']",6,true
17,os15-c000055,os15-c000055,header,"['baseline_1', 'baseline_2', 'true_1', 'true_2', 'false_1', 'false_2']",6,true
18,os15-c000059,os15-c000059,header,"['baseline_1', 'baseline_2', 'true_1', 'true_2', 'false_1', 'false_2']",6,true
19,os15-c000062,os15-c000062,header,"['baseline_1', 'baseline_2', 'true_1', 'true_2', 'false_1', 'false_2']",6,true
20,os15-c000063,os15-c000063,header,"['baseline_1', 'baseline_2', 'true_1', 'true_2', 'false_1', 'false_2']",6,true
21,os15-c000064,os15-c000064,header,"['baseline_1', 'baseline_2', 'true_1', 'true_2', 'false_1', 'false_2']",6,true
22,os15-c000065,os15-c000065,multi_form,"['baseline_1', 'baseline_2', 'true_1', 'true_2', 'false_1', 'false_2']",6,true
23,os15-c000066,os15-c000066,multi_form,"['baseline_1', 'baseline_2', 'true_1', 'true_2', 'false_1', 'false_2']",6,true
24,os15-c000067,os15-c000067,form,"['baseline_1', 'baseline_2', 'true_1', 'true_2', 'false_1', 'false_2']",6,true
25,os15-c000072,os15-c000072,form,"['baseline_1', 'baseline_2', 'true_1', 'true_2', 'false_1', 'false_2']",6,true
26,os15-c000073,os15-c000073,form,"['baseline_1', 'baseline_2', 'true_1', 'true_2', 'false_1', 'false_2']",6,true
27,os15-c000074,os15-c000074,multi_query,"['baseline_1', 'baseline_2', 'true_1', 'true_2', 'false_1', 'false_2']",6,true
28,os15-c000075,os15-c000075,multi_form,"['baseline_1', 'baseline_2', 'true_1', 'true_2', 'false_1', 'false_2']",6,true
29,os15-c000076,os15-c000076,multi_form,"['baseline_1', 'baseline_2', 'true_1', 'true_2', 'false_1', 'false_2']",6,true
30,os15-c000082,os15-c000082,multi_query,"['baseline_1', 'baseline_2', 'true_1', 'true_2', 'false_1', 'false_2']",6,true
31,os15-c000083,os15-c000083,multi_form,"['baseline_1', 'baseline_2', 'true_1', 'true_2', 'false_1', 'false_2']",6,true
32,os15-c000084,os15-c000084,multi_form,"['baseline_1', 'baseline_2', 'true_1', 'true_2', 'false_1', 'false_2']",6,true
33,os15-c000085,os15-c000085,form,"['baseline_1', 'baseline_2', 'true_1', 'true_2', 'false_1', 'false_2']",6,true
34,os15-c000086,os15-c000086,form,"['baseline_1', 'baseline_2', 'true_1', 'true_2', 'false_1', 'false_2']",6,true
35,os15-c000087,os15-c000087,multi_query,"['baseline_1', 'baseline_2', 'true_1', 'true_2', 'false_1', 'false_2']",6,true
36,os15-c000092,os15-c000092,multi_form,"['baseline_1', 'baseline_2', 'true_1', 'true_2', 'false_1', 'false_2']",6,true
37,os15-c000093,os15-c000093,multi_form,"['baseline_1', 'baseline_2', 'true_1', 'true_2', 'false_1', 'false_2']",6,true
38,os15-c000094,os15-c000094,multi_form,"['baseline_1', 'baseline_2', 'true_1', 'true_2', 'false_1', 'false_2']",6,true
39,os15-c000095,os15-c000095,multi_form,"['baseline_1', 'baseline_2', 'true_1', 'true_2', 'false_1', 'false_2']",6,true
40,os15-c000096,os15-c000096,multi_form,"['baseline_1', 'baseline_2', 'true_1', 'true_2', 'false_1', 'false_2']",6,true
41,os15-c000103,os15-c000103,multi_form,"['baseline_1', 'baseline_2', 'true_1', 'true_2', 'false_1', 'false_2']",6,true
42,os15-c000105,os15-c000105,multi_form,"['baseline_1', 'baseline_2', 'true_1', 'true_2', 'false_1', 'false_2']",6,true
43,os15-c000109,os15-c000109,form,"['baseline_1', 'baseline_2', 'true_1', 'true_2', 'false_1', 'false_2']",6,true
44,os15-c000110,os15-c000110,multi_query,"['baseline_1', 'baseline_2', 'true_1', 'true_2', 'false_1', 'false_2']",6,true
45,os15-c000111,os15-c000111,multi_form,"['baseline_1', 'baseline_2', 'true_1', 'true_2', 'false_1', 'false_2']",6,true
46,os15-c000112,os15-c000112,multi_form,"['baseline_1', 'baseline_2', 'true_1', 'true_2', 'false_1', 'false_2']",6,true
47,os15-c000116,os15-c000116,multi_form,"['baseline_1', 'baseline_2', 'true_1', 'true_2', 'false_1', 'false_2']",6,true
48,os15-c000117,os15-c000117,multi_form,"['baseline_1', 'baseline_2', 'true_1', 'true_2', 'false_1', 'false_2']",6,true
49,os15-c000122,os15-c000122,form,"['baseline_1', 'baseline_2', 'true_1', 'true_2', 'false_1', 'false_2']",6,true
50,os15-c000129,os15-c000129,multi_form,"['baseline_1', 'baseline_2', 'true_1', 'true_2', 'false_1', 'false_2']",6,true
51,os15-c000130,os15-c000130,multi_form,"['baseline_1', 'baseline_2', 'true_1', 'true_2', 'false_1', 'false_2']",6,true
52,os15-c000131,os15-c000131,form,"['baseline_1', 'baseline_2', 'true_1', 'true_2', 'false_1', 'false_2']",6,true
53,os15-c000135,os15-c000135,multi_query,"['baseline_1', 'baseline_2', 'true_1', 'true_2', 'false_1', 'false_2']",6,true
54,os15-c000136,os15-c000136,multi_query,"['baseline_1', 'baseline_2', 'true_1', 'true_2', 'false_1', 'false_2']",6,true
55,os15-c000142,os15-c000142,multi_query,"['baseline_1', 'baseline_2', 'true_1', 'true_2', 'false_1', 'false_2']",6,true
56,os15-c000145,os15-c000145,multi_query,"['baseline_1', 'baseline_2', 'true_1', 'true_2', 'false_1', 'false_2']",6,true
57,os15-c000146,os15-c000146,multi_query,"['baseline_1', 'baseline_2', 'true_1', 'true_2', 'false_1', 'false_2']",6,true
58,os15-c000147,os15-c000147,multi_query,"['baseline_1', 'baseline_2', 'true_1', 'true_2', 'false_1', 'false_2']",6,true
59,os15-c000150,os15-c000150,form,"['baseline_1', 'baseline_2', 'true_1', 'true_2', 'false_1', 'false_2']",6,true
60,os15-c000151,os15-c000151,form,"['baseline_1', 'baseline_2', 'true_1', 'true_2', 'false_1', 'false_2']",6,true
61,os15-c000152,os15-c000152,multi_query,"['baseline_1', 'baseline_2', 'true_1', 'true_2', 'false_1', 'false_2']",6,true
62,os15-c000153,os15-c000153,multi_form,"['baseline_1', 'baseline_2', 'true_1', 'true_2', 'false_1', 'false_2']",6,true
63,os15-c000154,os15-c000154,multi_form,"['baseline_1', 'baseline_2', 'true_1', 'true_2', 'false_1', 'false_2']",6,true
64,os15-c000162,os15-c000162,multi_query,"['baseline_1', 'baseline_2', 'true_1', 'true_2', 'false_1', 'false_2']",6,true
65,os15-c000163,os15-c000163,multi_form,"['baseline_1', 'baseline_2', 'true_1', 'true_2', 'false_1', 'false_2']",6,true
66,os15-c000171,os15-c000171,cookie,"['baseline_1', 'baseline_2', 'true_1', 'true_2', 'false_1', 'false_2']",6,true
67,os15-c000174,os15-c000174,cookie,"['baseline_1', 'baseline_2', 'true_1', 'true_2', 'false_1', 'false_2']",6,true
68,os15-c000178,os15-c000178,cookie,"['baseline_1', 'baseline_2', 'true_1', 'true_2', 'false_1', 'false_2']",6,true
69,os15-c000179,os15-c000179,cookie,"['baseline_1', 'baseline_2', 'true_1', 'true_2', 'false_1', 'false_2']",6,true
70,os15-c000181,os15-c000181,cookie,"['baseline_1', 'baseline_2', 'true_1', 'true_2', 'false_1', 'false_2']",6,true
71,os15-c000183,os15-c000183,header,"['baseline_1', 'baseline_2', 'true_1', 'true_2', 'false_1', 'false_2']",6,true
72,os15-c000184,os15-c000184,header,"['baseline_1', 'baseline_2', 'true_1', 'true_2', 'false_1', 'false_2']",6,true
73,os15-c000190,os15-c000190,header,"['baseline_1', 'baseline_2', 'true_1', 'true_2', 'false_1', 'false_2']",6,true
74,os15-c000191,os15-c000191,header,"['baseline_1', 'baseline_2', 'true_1', 'true_2', 'false_1', 'false_2']",6,true
75,os15-c000192,os15-c000192,header,"['baseline_1', 'baseline_2', 'true_1', 'true_2', 'false_1', 'false_2']",6,true
76,os15-c000193,os15-c000193,header,"['baseline_1', 'baseline_2', 'true_1', 'true_2', 'false_1', 'false_2']",6,true
77,os15-c000194,os15-c000194,header,"['baseline_1', 'baseline_2', 'true_1', 'true_2', 'false_1', 'false_2']",6,true
78,os15-c000195,os15-c000195,header,"['baseline_1', 'baseline_2', 'true_1', 'true_2', 'false_1', 'false_2']",6,true
79,os15-c000200,os15-c000200,header,"['baseline_1', 'baseline_2', 'true_1', 'true_2', 'false_1', 'false_2']",6,true
80,os15-c000201,os15-c000201,header,"['baseline_1', 'baseline_2', 'true_1', 'true_2', 'false_1', 'false_2']",6,true
81,os15-c000202,os15-c000202,header,"['baseline_1', 'baseline_2', 'true_1', 'true_2', 'false_1', 'false_2']",6,true
82,os15-c000203,os15-c000203,header,"['baseline_1', 'baseline_2', 'true_1', 'true_2', 'false_1', 'false_2']",6,true
83,os15-c000207,os15-c000207,header,"['baseline_1', 'baseline_2', 'true_1', 'true_2', 'false_1', 'false_2']",6,true
84,os15-c000209,os15-c000209,header,"['baseline_1', 'baseline_2', 'true_1', 'true_2', 'false_1', 'false_2']",6,true
85,os15-c000210,os15-c000210,header,"['baseline_1', 'baseline_2', 'true_1', 'true_2', 'false_1', 'false_2']",6,true
86,os15-c000216,os15-c000216,multi_query,"['baseline_1', 'baseline_2', 'true_1', 'true_2', 'false_1', 'false_2']",6,true
87,os15-c000217,os15-c000217,multi_form,"['baseline_1', 'baseline_2', 'true_1', 'true_2', 'false_1', 'false_2']",6,true
88,os15-c000218,os15-c000218,multi_form,"['baseline_1', 'baseline_2', 'true_1', 'true_2', 'false_1', 'false_2']",6,true
89,os15-c000219,os15-c000219,form,"['baseline_1', 'baseline_2', 'true_1', 'true_2', 'false_1', 'false_2']",6,true
90,os15-c000220,os15-c000220,form,"['baseline_1', 'baseline_2', 'true_1', 'true_2', 'false_1', 'false_2']",6,true
91,os15-c000223,os15-c000223,multi_form,"['baseline_1', 'baseline_2', 'true_1', 'true_2', 'false_1', 'false_2']",6,true
92,os15-c000224,os15-c000224,form,"['baseline_1', 'baseline_2', 'true_1', 'true_2', 'false_1', 'false_2']",6,true
93,os15-c000225,os15-c000225,form,"['baseline_1', 'baseline_2', 'true_1', 'true_2', 'false_1', 'false_2']",6,true
94,os15-c000232,os15-c000232,form,"['baseline_1', 'baseline_2', 'true_1', 'true_2', 'false_1', 'false_2']",6,true
95,os15-c000233,os15-c000233,form,"['baseline_1', 'baseline_2', 'true_1', 'true_2', 'false_1', 'false_2']",6,true
96,os15-c000234,os15-c000234,multi_query,"['baseline_1', 'baseline_2', 'true_1', 'true_2', 'false_1', 'false_2']",6,true
97,os15-c000235,os15-c000235,multi_form,"['baseline_1', 'baseline_2', 'true_1', 'true_2', 'false_1', 'false_2']",6,true
98,os15-c000236,os15-c000236,multi_form,"['baseline_1', 'baseline_2', 'true_1', 'true_2', 'false_1', 'false_2']",6,true
99,os15-c000242,os15-c000242,form,"['baseline_1', 'baseline_2', 'true_1', 'true_2', 'false_1', 'false_2']",6,true
100,os15-c000243,os15-c000243,form,"['baseline_1', 'baseline_2', 'true_1', 'true_2', 'false_1', 'false_2']",6,true
101,os15-c000253,os15-c000253,multi_form,"['baseline_1', 'baseline_2', 'true_1', 'true_2', 'false_1', 'false_2']",6,true
102,os15-c000261,os15-c000261,multi_form,"['baseline_1', 'baseline_2', 'true_1', 'true_2', 'false_1', 'false_2']",6,true
103,os15-c000262,os15-c000262,multi_form,"['baseline_1', 'baseline_2', 'true_1', 'true_2', 'false_1', 'false_2']",6,true
104,os15-c000267,os15-c000267,multi_form,"['baseline_1', 'baseline_2', 'true_1', 'true_2', 'false_1', 'false_2']",6,true
105,os15-c000272,os15-c000272,multi_form,"['baseline_1', 'baseline_2', 'true_1', 'true_2', 'false_1', 'false_2']",6,true
106,os15-c000273,os15-c000273,multi_form,"['baseline_1', 'baseline_2', 'true_1', 'true_2', 'false_1', 'false_2']",6,true
107,os15-c000274,os15-c000274,form,"['baseline_1', 'baseline_2', 'true_1', 'true_2', 'false_1', 'false_2']",6,true
108,os15-c000282,os15-c000282,multi_query,"['baseline_1', 'baseline_2', 'true_1', 'true_2', 'false_1', 'false_2']",6,true
109,os15-c000283,os15-c000283,multi_form,"['baseline_1', 'baseline_2', 'true_1', 'true_2', 'false_1', 'false_2']",6,true
110,os15-c000284,os15-c000284,multi_form,"['baseline_1', 'baseline_2', 'true_1', 'true_2', 'false_1', 'false_2']",6,true
111,os15-c000291,os15-c000291,multi_query,"['baseline_1', 'baseline_2', 'true_1', 'true_2', 'false_1', 'false_2']",6,true
112,os15-c000292,os15-c000292,multi_query,"['baseline_1', 'baseline_2', 'true_1', 'true_2', 'false_1', 'false_2']",6,true
113,os15-c000293,os15-c000293,multi_query,"['baseline_1', 'baseline_2', 'true_1', 'true_2', 'false_1', 'false_2']",6,true
114,os15-c000295,os15-c000295,multi_query,"['baseline_1', 'baseline_2', 'true_1', 'true_2', 'false_1', 'false_2']",6,true
115,os15-c000302,os15-c000302,multi_query,"['baseline_1', 'baseline_2', 'true_1', 'true_2', 'false_1', 'false_2']",6,true
116,os15-c000304,os15-c000304,multi_query,"['baseline_1', 'baseline_2', 'true_1', 'true_2', 'false_1', 'false_2']",6,true
117,os15-c000305,os15-c000305,multi_query,"['baseline_1', 'baseline_2', 'true_1', 'true_2', 'false_1', 'false_2']",6,true
118,os15-c000306,os15-c000306,multi_query,"['baseline_1', 'baseline_2', 'true_1', 'true_2', 'false_1', 'false_2']",6,true
119,os15-c000307,os15-c000307,multi_query,"['baseline_1', 'baseline_2', 'true_1', 'true_2', 'false_1', 'false_2']",6,true
120,os15-c000308,os15-c000308,multi_query,"['baseline_1', 'baseline_2', 'true_1', 'true_2', 'false_1', 'false_2']",6,true
121,os15-c000311,os15-c000311,form,"['baseline_1', 'baseline_2', 'true_1', 'true_2', 'false_1', 'false_2']",6,true
122,os15-c000312,os15-c000312,form,"['baseline_1', 'baseline_2', 'true_1', 'true_2', 'false_1', 'false_2']",6,true
123,os15-c000321,os15-c000321,form,"['baseline_1', 'baseline_2', 'true_1', 'true_2', 'false_1', 'false_2']",6,true
124,os15-c000323,os15-c000323,multi_query,"['baseline_1', 'baseline_2', 'true_1', 'true_2', 'false_1', 'false_2']",6,true
125,os15-c000324,os15-c000324,multi_form,"['baseline_1', 'baseline_2', 'true_1', 'true_2', 'false_1', 'false_2']",6,true
126,os15-c000325,os15-c000325,multi_form,"['baseline_1', 'baseline_2', 'true_1', 'true_2', 'false_1', 'false_2']",6,true
127,os15-c000329,os15-c000329,cookie,"['baseline_1', 'baseline_2', 'true_1', 'true_2', 'false_1', 'false_2']",6,true
128,os15-c000330,os15-c000330,cookie,"['baseline_1', 'baseline_2', 'true_1', 'true_2', 'false_1', 'false_2']",6,true
129,os15-c000331,os15-c000331,cookie,"['baseline_1', 'baseline_2', 'true_1', 'true_2', 'false_1', 'false_2']",6,true
130,os15-c000334,os15-c000334,cookie,"['baseline_1', 'baseline_2', 'true_1', 'true_2', 'false_1', 'false_2']",6,true
131,os15-c000336,os15-c000336,cookie,"['baseline_1', 'baseline_2', 'true_1', 'true_2', 'false_1', 'false_2']",6,true
132,os15-c000337,os15-c000337,cookie,"['baseline_1', 'baseline_2', 'true_1', 'true_2', 'false_1', 'false_2']",6,true
133,os15-c000343,os15-c000343,header,"['baseline_1', 'baseline_2', 'true_1', 'true_2', 'false_1', 'false_2']",6,true
134,os15-c000351,os15-c000351,header,"['baseline_1', 'baseline_2', 'true_1', 'true_2', 'false_1', 'false_2']",6,true
135,os15-c000352,os15-c000352,header,"['baseline_1', 'baseline_2', 'true_1', 'true_2', 'false_1', 'false_2']",6,true
136,os15-c000353,os15-c000353,header,"['baseline_1', 'baseline_2', 'true_1', 'true_2', 'false_1', 'false_2']",6,true
137,os15-c000354,os15-c000354,header,"['baseline_1', 'baseline_2', 'true_1', 'true_2', 'false_1', 'false_2']",6,true
138,os15-c000356,os15-c000356,header,"['baseline_1', 'baseline_2', 'true_1', 'true_2', 'false_1', 'false_2']",6,true
139,os15-c000357,os15-c000357,header,"['baseline_1', 'baseline_2', 'true_1', 'true_2', 'false_1', 'false_2']",6,true
140,os15-c000358,os15-c000358,header,"['baseline_1', 'baseline_2', 'true_1', 'true_2', 'false_1', 'false_2']",6,true
141,os15-c000361,os15-c000361,header,"['baseline_1', 'baseline_2', 'true_1', 'true_2', 'false_1', 'false_2']",6,true
142,os15-c000362,os15-c000362,header,"['baseline_1', 'baseline_2', 'true_1', 'true_2', 'false_1', 'false_2']",6,true
143,os15-c000363,os15-c000363,header,"['baseline_1', 'baseline_2', 'true_1', 'true_2', 'false_1', 'false_2']",6,true
144,os15-c000364,os15-c000364,header,"['baseline_1', 'baseline_2', 'true_1', 'true_2', 'false_1', 'false_2']",6,true
145,os15-c000365,os15-c000365,header,"['baseline_1', 'baseline_2', 'true_1', 'true_2', 'false_1', 'false_2']",6,true
146,os15-c000366,os15-c000366,header,"['baseline_1', 'baseline_2', 'true_1', 'true_2', 'false_1', 'false_2']",6,true
147,os15-c000367,os15-c000367,header,"['baseline_1', 'baseline_2', 'true_1', 'true_2', 'false_1', 'false_2']",6,true
148,os15-c000371,os15-c000371,form,"['baseline_1', 'baseline_2', 'true_1', 'true_2', 'false_1', 'false_2']",6,true
149,os15-c000372,os15-c000372,form,"['baseline_1', 'baseline_2', 'true_1', 'true_2', 'false_1', 'false_2']",6,true
150,os15-c000373,os15-c000373,multi_query,"['baseline_1', 'baseline_2', 'true_1', 'true_2', 'false_1', 'false_2']",6,true
151,os15-c000384,os15-c000384,multi_form,"['baseline_1', 'baseline_2', 'true_1', 'true_2', 'false_1', 'false_2']",6,true
152,os15-c000386,os15-c000386,form,"['baseline_1', 'baseline_2', 'true_1', 'true_2', 'false_1', 'false_2']",6,true
153,os15-c000387,os15-c000387,form,"['baseline_1', 'baseline_2', 'true_1', 'true_2', 'false_1', 'false_2']",6,true
154,os15-c000388,os15-c000388,multi_query,"['baseline_1', 'baseline_2', 'true_1', 'true_2', 'false_1', 'false_2']",6,true
155,os15-c000392,os15-c000392,form,"['baseline_1', 'baseline_2', 'true_1', 'true_2', 'false_1', 'false_2']",6,true
156,os15-c000394,os15-c000394,multi_form,"['baseline_1', 'baseline_2', 'true_1', 'true_2', 'false_1', 'false_2']",6,true
157,os15-c000395,os15-c000395,multi_form,"['baseline_1', 'baseline_2', 'true_1', 'true_2', 'false_1', 'false_2']",6,true
158,os15-c000396,os15-c000396,form,"['baseline_1', 'baseline_2', 'true_1', 'true_2', 'false_1', 'false_2']",6,true
159,os15-c000408,os15-c000408,multi_query,"['baseline_1', 'baseline_2', 'true_1', 'true_2', 'false_1', 'false_2']",6,true
160,os15-c000409,os15-c000409,multi_form,"['baseline_1', 'baseline_2', 'true_1', 'true_2', 'false_1', 'false_2']",6,true
161,os15-c000410,os15-c000410,multi_form,"['baseline_1', 'baseline_2', 'true_1', 'true_2', 'false_1', 'false_2']",6,true
162,os15-c000414,os15-c000414,multi_form,"['baseline_1', 'baseline_2', 'true_1', 'true_2', 'false_1', 'false_2']",6,true
163,os15-c000415,os15-c000415,multi_form,"['baseline_1', 'baseline_2', 'true_1', 'true_2', 'false_1', 'false_2']",6,true
164,os15-c000423,os15-c000423,multi_form,"['baseline_1', 'baseline_2', 'true_1', 'true_2', 'false_1', 'false_2']",6,true
165,os15-c000425,os15-c000425,multi_form,"['baseline_1', 'baseline_2', 'true_1', 'true_2', 'false_1', 'false_2']",6,true
166,os15-c000426,os15-c000426,multi_form,"['baseline_1', 'baseline_2', 'true_1', 'true_2', 'false_1', 'false_2']",6,true
167,os15-c000427,os15-c000427,multi_form,"['baseline_1', 'baseline_2', 'true_1', 'true_2', 'false_1', 'false_2']",6,true
168,os15-c000428,os15-c000428,multi_form,"['baseline_1', 'baseline_2', 'true_1', 'true_2', 'false_1', 'false_2']",6,true
169,os15-c000432,os15-c000432,form,"['baseline_1', 'baseline_2', 'true_1', 'true_2', 'false_1', 'false_2']",6,true
170,os15-c000436,os15-c000436,multi_form,"['baseline_1', 'baseline_2', 'true_1', 'true_2', 'false_1', 'false_2']",6,true
171,os15-c000443,os15-c000443,multi_query,"['baseline_1', 'baseline_2', 'true_1', 'true_2', 'false_1', 'false_2']",6,true
172,os15-c000444,os15-c000444,multi_form,"['baseline_1', 'baseline_2', 'true_1', 'true_2', 'false_1', 'false_2']",6,true
173,os15-c000445,os15-c000445,multi_form,"['baseline_1', 'baseline_2', 'true_1', 'true_2', 'false_1', 'false_2']",6,true
174,os15-c000446,os15-c000446,form,"['baseline_1', 'baseline_2', 'true_1', 'true_2', 'false_1', 'false_2']",6,true
175,os15-c000450,os15-c000450,multi_form,"['baseline_1', 'baseline_2', 'true_1', 'true_2', 'false_1', 'false_2']",6,true
176,os15-c000452,os15-c000452,form,"['baseline_1', 'baseline_2', 'true_1', 'true_2', 'false_1', 'false_2']",6,true
177,os15-c000453,os15-c000453,multi_query,"['baseline_1', 'baseline_2', 'true_1', 'true_2', 'false_1', 'false_2']",6,true
178,os15-c000454,os15-c000454,multi_form,"['baseline_1', 'baseline_2', 'true_1', 'true_2', 'false_1', 'false_2']",6,true
179,os15-c000455,os15-c000455,multi_form,"['baseline_1', 'baseline_2', 'true_1', 'true_2', 'false_1', 'false_2']",6,true
180,os15-c000464,os15-c000464,multi_query,"['baseline_1', 'baseline_2', 'true_1', 'true_2', 'false_1', 'false_2']",6,true
181,os15-c000465,os15-c000465,multi_query,"['baseline_1', 'baseline_2', 'true_1', 'true_2', 'false_1', 'false_2']",6,true
182,os15-c000466,os15-c000466,multi_query,"['baseline_1', 'baseline_2', 'true_1', 'true_2', 'false_1', 'false_2']",6,true
183,os15-c000468,os15-c000468,multi_query,"['baseline_1', 'baseline_2', 'true_1', 'true_2', 'false_1', 'false_2']",6,true
184,os15-c000469,os15-c000469,multi_query,"['baseline_1', 'baseline_2', 'true_1', 'true_2', 'false_1', 'false_2']",6,true
185,os15-c000470,os15-c000470,multi_query,"['baseline_1', 'baseline_2', 'true_1', 'true_2', 'false_1', 'false_2']",6,true
186,os15-c000477,os15-c000477,multi_query,"['baseline_1', 'baseline_2', 'true_1', 'true_2', 'false_1', 'false_2']",6,true
187,os15-c000478,os15-c000478,multi_query,"['baseline_1', 'baseline_2', 'true_1', 'true_2', 'false_1', 'false_2']",6,true
188,os15-c000480,os15-c000480,multi_query,"['baseline_1', 'baseline_2', 'true_1', 'true_2', 'false_1', 'false_2']",6,true
189,os15-c000481,os15-c000481,multi_query,"['baseline_1', 'baseline_2', 'true_1', 'true_2', 'false_1', 'false_2']",6,true
190,os15-c000482,os15-c000482,multi_query,"['baseline_1', 'baseline_2', 'true_1', 'true_2', 'false_1', 'false_2']",6,true
191,os15-c000483,os15-c000483,multi_query,"['baseline_1', 'baseline_2', 'true_1', 'true_2', 'false_1', 'false_2']",6,true
192,os15-c000484,os15-c000484,multi_query,"['baseline_1', 'baseline_2', 'true_1', 'true_2', 'false_1', 'false_2']",6,true
193,os15-c000485,os15-c000485,multi_query,"['baseline_1', 'baseline_2', 'true_1', 'true_2', 'false_1', 'false_2']",6,true
194,os15-c000486,os15-c000486,multi_query,"['baseline_1', 'baseline_2', 'true_1', 'true_2', 'false_1', 'false_2']",6,true
195,os15-c000491,os15-c000491,multi_query,"['baseline_1', 'baseline_2', 'true_1', 'true_2', 'false_1', 'false_2']",6,true
196,os15-c000492,os15-c000492,multi_form,"['baseline_1', 'baseline_2', 'true_1', 'true_2', 'false_1', 'false_2']",6,true
197,os15-c000493,os15-c000493,multi_form,"['baseline_1', 'baseline_2', 'true_1', 'true_2', 'false_1', 'false_2']",6,true
198,os15-c000501,os15-c000501,multi_query,"['baseline_1', 'baseline_2', 'true_1', 'true_2', 'false_1', 'false_2']",6,true
199,os15-c000502,os15-c000502,multi_form,"['baseline_1', 'baseline_2', 'true_1', 'true_2', 'false_1', 'false_2']",6,true
200,os15-c000503,os15-c000503,multi_form,"['baseline_1', 'baseline_2', 'true_1', 'true_2', 'false_1', 'false_2']",6,true
