arm_id,scenario_id,trial_number,scenario_has_vulnerability,ranking_valid,schema_invalid,provider_failed,runtime_failed,candidate_count,test_budget,top_k,tested_candidate_count,verified_finding_id,verified_finding_present,trial_start_timestamp,trial_start_source,first_verified_finding_timestamp,time_to_first_verified_finding_ms,requests_to_first_verified_finding,browser_navigations_to_first_verified_finding,candidates_tested_before_first_verification,timing_availability,cost_per_verified_finding_usd,notes
deterministic_structural,x13-001,1,True,True,False,False,False,4,4,4,1,finding-b21c4c344db8,True,2026-08-08T10:34:17.751724+00:00,action_timestamp,2026-08-08T10:34:18.510859+00:00,759,2,2,1,available,not_applicable,derived_from_retained_timestamps
deterministic_structural,x13-002,1,True,True,False,False,False,5,4,4,4,,False,2026-08-08T10:34:18.524127+00:00,action_timestamp,not_applicable,not_applicable,not_applicable,not_applicable,not_applicable,not_applicable,not_applicable,negative_or_no_verified_finding
deterministic_structural,x13-003,1,True,True,False,False,False,6,4,4,4,finding-f8fb24e25006,True,2026-08-08T10:34:19.896777+00:00,action_timestamp,2026-08-08T10:34:21.391533+00:00,1495,8,8,4,available,not_applicable,derived_from_retained_timestamps
deterministic_structural,x13-004,1,True,True,False,False,False,6,4,4,4,finding-f35f98fa1bd9,True,2026-08-08T10:34:21.433437+00:00,action_timestamp,2026-08-08T10:34:22.875347+00:00,1442,8,8,4,available,not_applicable,derived_from_retained_timestamps
deterministic_structural,x13-005,1,True,True,False,False,False,7,4,4,1,finding-e84e6a525dc7,True,2026-08-08T10:34:22.897126+00:00,action_timestamp,2026-08-08T10:34:23.339520+00:00,442,2,2,1,available,not_applicable,derived_from_retained_timestamps
deterministic_structural,x13-006,1,True,True,False,False,False,8,4,4,4,,False,2026-08-08T10:34:23.363171+00:00,action_timestamp,not_applicable,not_applicable,not_applicable,not_applicable,not_applicable,not_applicable,not_applicable,negative_or_no_verified_finding
deterministic_structural,x13-007,1,True,True,False,False,False,5,4,4,1,finding-bf4683d7c4cf,True,2026-08-08T10:34:24.920493+00:00,action_timestamp,2026-08-08T10:34:25.356443+00:00,436,2,2,1,available,not_applicable,derived_from_retained_timestamps
deterministic_structural,x13-008,1,True,True,False,False,False,6,4,4,4,,False,2026-08-08T10:34:25.394501+00:00,action_timestamp,not_applicable,not_applicable,not_applicable,not_applicable,not_applicable,not_applicable,not_applicable,negative_or_no_verified_finding
deterministic_structural,x13-009,1,True,True,False,False,False,4,4,4,3,finding-97869c1147de,True,2026-08-08T10:34:26.917689+00:00,action_timestamp,2026-08-08T10:34:28.057927+00:00,1140,6,6,3,available,not_applicable,derived_from_retained_timestamps
deterministic_structural,x13-010,1,True,True,False,False,False,7,4,4,1,finding-2e54c4e4c9b2,True,2026-08-08T10:34:28.080891+00:00,action_timestamp,2026-08-08T10:34:28.423524+00:00,343,2,2,1,available,not_applicable,derived_from_retained_timestamps
deterministic_structural,x13-011,1,True,True,False,False,False,6,4,4,4,,False,2026-08-08T10:34:28.442367+00:00,action_timestamp,not_applicable,not_applicable,not_applicable,not_applicable,not_applicable,not_applicable,not_applicable,negative_or_no_verified_finding
deterministic_structural,x13-012,1,True,True,False,False,False,8,4,4,4,,False,2026-08-08T10:34:29.963191+00:00,action_timestamp,not_applicable,not_applicable,not_applicable,not_applicable,not_applicable,not_applicable,not_applicable,negative_or_no_verified_finding
deterministic_structural,x13-013,1,True,True,False,False,False,5,4,4,4,finding-adab9841e586,True,2026-08-08T10:34:31.441384+00:00,action_timestamp,2026-08-08T10:34:32.860492+00:00,1419,8,8,4,available,not_applicable,derived_from_retained_timestamps
deterministic_structural,x13-014,1,True,True,False,False,False,6,4,4,3,finding-f208629638ff,True,2026-08-08T10:34:32.879835+00:00,action_timestamp,2026-08-08T10:34:34.087374+00:00,1208,6,6,3,available,not_applicable,derived_from_retained_timestamps
deterministic_structural,x13-015,1,True,True,False,False,False,7,4,4,2,finding-d260ed9d7447,True,2026-08-08T10:34:34.105380+00:00,action_timestamp,2026-08-08T10:34:34.826512+00:00,721,4,4,2,available,not_applicable,derived_from_retained_timestamps
deterministic_structural,x13-016,1,True,True,False,False,False,5,4,4,4,finding-c53de0e09f47,True,2026-08-08T10:34:34.845778+00:00,action_timestamp,2026-08-08T10:34:36.494085+00:00,1648,8,8,4,available,not_applicable,derived_from_retained_timestamps
deterministic_structural,x13-017,1,False,True,False,False,False,4,4,4,4,,False,2026-08-08T10:34:36.513252+00:00,action_timestamp,not_applicable,not_applicable,not_applicable,not_applicable,not_applicable,not_applicable,not_applicable,negative_or_no_verified_finding
deterministic_structural,x13-018,1,False,True,False,False,False,5,4,4,4,,False,2026-08-08T10:34:38.065738+00:00,action_timestamp,not_applicable,not_applicable,not_applicable,not_applicable,not_applicable,not_applicable,not_applicable,negative_or_no_verified_finding
deterministic_structural,x13-019,1,False,True,False,False,False,6,4,4,4,,False,2026-08-08T10:34:39.455352+00:00,action_timestamp,not_applicable,not_applicable,not_applicable,not_applicable,not_applicable,not_applicable,not_applicable,negative_or_no_verified_finding
deterministic_structural,x13-020,1,False,True,False,False,False,7,4,4,4,,False,2026-08-08T10:34:40.941751+00:00,action_timestamp,not_applicable,not_applicable,not_applicable,not_applicable,not_applicable,not_applicable,not_applicable,negative_or_no_verified_finding
deterministic_structural,x13-021,1,False,True,False,False,False,6,4,4,4,,False,2026-08-08T10:34:42.397956+00:00,action_timestamp,not_applicable,not_applicable,not_applicable,not_applicable,not_applicable,not_applicable,not_applicable,negative_or_no_verified_finding
deterministic_structural,x13-022,1,False,True,False,False,False,6,4,4,4,,False,2026-08-08T10:34:43.946848+00:00,action_timestamp,not_applicable,not_applicable,not_applicable,not_applicable,not_applicable,not_applicable,not_applicable,negative_or_no_verified_finding
deterministic_structural,x13-023,1,False,True,False,False,False,8,4,4,4,,False,2026-08-08T10:34:45.472001+00:00,action_timestamp,not_applicable,not_applicable,not_applicable,not_applicable,not_applicable,not_applicable,not_applicable,negative_or_no_verified_finding
deterministic_structural,x13-024,1,False,True,False,False,False,4,4,4,4,,False,2026-08-08T10:34:46.941848+00:00,action_timestamp,not_applicable,not_applicable,not_applicable,not_applicable,not_applicable,not_applicable,not_applicable,negative_or_no_verified_finding
local_qwen,x13-001,1,True,True,False,False,False,4,4,4,1,finding-cae126222f2f,True,2026-08-08T10:46:35.505882+00:00,provider_or_action_timestamp,2026-08-08T10:46:35.679056+00:00,173,2,2,1,available,not_available,derived_from_retained_timestamps
local_qwen,x13-001,2,True,True,False,False,False,4,4,4,1,finding-995d3668a7e4,True,2026-08-08T11:21:28.588308+00:00,provider_or_action_timestamp,2026-08-08T11:21:28.785010+00:00,197,2,2,1,available,not_available,derived_from_retained_timestamps
local_qwen,x13-001,3,True,True,False,False,False,4,4,4,1,finding-98e8ee772302,True,2026-08-08T11:55:35.579241+00:00,provider_or_action_timestamp,2026-08-08T11:55:35.725611+00:00,146,2,2,1,available,not_available,derived_from_retained_timestamps
local_qwen,x13-001,4,True,True,False,False,False,4,4,4,1,finding-bd2648648abe,True,2026-08-08T12:29:47.417571+00:00,provider_or_action_timestamp,2026-08-08T12:29:47.621087+00:00,204,2,2,1,available,not_available,derived_from_retained_timestamps
local_qwen,x13-001,5,True,True,False,False,False,4,4,4,1,finding-2c6dc839f17f,True,2026-08-08T13:04:00.463814+00:00,provider_or_action_timestamp,2026-08-08T13:04:00.639016+00:00,175,2,2,1,available,not_available,derived_from_retained_timestamps
local_qwen,x13-002,1,True,True,False,False,False,5,4,4,4,,False,2026-08-08T10:47:54.177446+00:00,provider_or_action_timestamp,not_applicable,not_applicable,not_applicable,not_applicable,not_applicable,not_applicable,not_available,negative_or_no_verified_finding
local_qwen,x13-002,2,True,True,False,False,False,5,4,4,4,,False,2026-08-08T11:22:45.854450+00:00,provider_or_action_timestamp,not_applicable,not_applicable,not_applicable,not_applicable,not_applicable,not_applicable,not_available,negative_or_no_verified_finding
local_qwen,x13-002,3,True,True,False,False,False,5,4,4,4,,False,2026-08-08T11:56:51.661934+00:00,provider_or_action_timestamp,not_applicable,not_applicable,not_applicable,not_applicable,not_applicable,not_applicable,not_available,negative_or_no_verified_finding
local_qwen,x13-002,4,True,True,False,False,False,5,4,4,4,,False,2026-08-08T12:31:03.290585+00:00,provider_or_action_timestamp,not_applicable,not_applicable,not_applicable,not_applicable,not_applicable,not_applicable,not_available,negative_or_no_verified_finding
local_qwen,x13-002,5,True,True,False,False,False,5,4,4,4,,False,2026-08-08T13:05:17.157199+00:00,provider_or_action_timestamp,not_applicable,not_applicable,not_applicable,not_applicable,not_applicable,not_applicable,not_available,negative_or_no_verified_finding
local_qwen,x13-003,1,True,True,False,False,False,6,4,4,4,finding-06b84d4f349f,True,2026-08-08T10:49:11.869036+00:00,provider_or_action_timestamp,2026-08-08T10:49:12.517545+00:00,649,8,8,4,available,not_available,derived_from_retained_timestamps
local_qwen,x13-003,2,True,True,False,False,False,6,4,4,4,finding-0f7a9fbeebbf,True,2026-08-08T11:23:58.422088+00:00,provider_or_action_timestamp,2026-08-08T11:23:59.064023+00:00,642,8,8,4,available,not_available,derived_from_retained_timestamps
local_qwen,x13-003,3,True,True,False,False,False,6,4,4,4,finding-44c168fc2df0,True,2026-08-08T11:58:04.800848+00:00,provider_or_action_timestamp,2026-08-08T11:58:05.398684+00:00,598,8,8,4,available,not_available,derived_from_retained_timestamps
local_qwen,x13-003,4,True,True,False,False,False,6,4,4,4,finding-a80a99959525,True,2026-08-08T12:32:16.375321+00:00,provider_or_action_timestamp,2026-08-08T12:32:17.032400+00:00,657,8,8,4,available,not_available,derived_from_retained_timestamps
local_qwen,x13-003,5,True,True,False,False,False,6,4,4,4,finding-912ca27adda2,True,2026-08-08T13:06:30.131045+00:00,provider_or_action_timestamp,2026-08-08T13:06:30.767472+00:00,636,8,8,4,available,not_available,derived_from_retained_timestamps
local_qwen,x13-004,1,True,True,False,False,False,6,4,4,1,finding-858ca5f2911a,True,2026-08-08T10:50:35.320638+00:00,provider_or_action_timestamp,2026-08-08T10:50:35.497139+00:00,177,2,2,1,available,not_available,derived_from_retained_timestamps
local_qwen,x13-004,2,True,True,False,False,False,6,4,4,1,finding-e3314cc26c2d,True,2026-08-08T11:25:20.452538+00:00,provider_or_action_timestamp,2026-08-08T11:25:20.642800+00:00,190,2,2,1,available,not_available,derived_from_retained_timestamps
local_qwen,x13-004,3,True,True,False,False,False,6,4,4,1,finding-5d944da3a06a,True,2026-08-08T11:59:28.701486+00:00,provider_or_action_timestamp,2026-08-08T11:59:28.896490+00:00,195,2,2,1,available,not_available,derived_from_retained_timestamps
local_qwen,x13-004,4,True,True,False,False,False,6,4,4,1,finding-6f89f6daa106,True,2026-08-08T12:33:38.960651+00:00,provider_or_action_timestamp,2026-08-08T12:33:39.181620+00:00,221,2,2,1,available,not_available,derived_from_retained_timestamps
local_qwen,x13-004,5,True,True,False,False,False,6,4,4,1,finding-c252517b6179,True,2026-08-08T13:07:52.558675+00:00,provider_or_action_timestamp,2026-08-08T13:07:52.713107+00:00,154,2,2,1,available,not_available,derived_from_retained_timestamps
local_qwen,x13-005,1,True,True,False,False,False,7,4,4,1,finding-bd7dc3c63e35,True,2026-08-08T10:52:30.922056+00:00,provider_or_action_timestamp,2026-08-08T10:52:31.102449+00:00,180,2,2,1,available,not_available,derived_from_retained_timestamps
local_qwen,x13-005,2,True,True,False,False,False,7,4,4,1,finding-d5c5ac13dc32,True,2026-08-08T11:27:08.897965+00:00,provider_or_action_timestamp,2026-08-08T11:27:09.104389+00:00,206,2,2,1,available,not_available,derived_from_retained_timestamps
local_qwen,x13-005,3,True,True,False,False,False,7,4,4,1,finding-ee6c46c71853,True,2026-08-08T12:01:16.816317+00:00,provider_or_action_timestamp,2026-08-08T12:01:17.004366+00:00,188,2,2,1,available,not_available,derived_from_retained_timestamps
local_qwen,x13-005,4,True,True,False,False,False,7,4,4,1,finding-60746978414d,True,2026-08-08T12:35:27.426264+00:00,provider_or_action_timestamp,2026-08-08T12:35:27.592006+00:00,166,2,2,1,available,not_available,derived_from_retained_timestamps
local_qwen,x13-005,5,True,True,False,False,False,7,4,4,1,finding-4936f5146b5e,True,2026-08-08T13:09:41.129883+00:00,provider_or_action_timestamp,2026-08-08T13:09:41.327308+00:00,197,2,2,1,available,not_available,derived_from_retained_timestamps
local_qwen,x13-006,1,True,True,False,False,False,8,4,4,4,,False,2026-08-08T10:54:40.604147+00:00,provider_or_action_timestamp,not_applicable,not_applicable,not_applicable,not_applicable,not_applicable,not_applicable,not_available,negative_or_no_verified_finding
local_qwen,x13-006,2,True,True,False,False,False,8,4,4,4,,False,2026-08-08T11:29:05.219079+00:00,provider_or_action_timestamp,not_applicable,not_applicable,not_applicable,not_applicable,not_applicable,not_applicable,not_available,negative_or_no_verified_finding
local_qwen,x13-006,3,True,True,False,False,False,8,4,4,4,,False,2026-08-08T12:03:13.749838+00:00,provider_or_action_timestamp,not_applicable,not_applicable,not_applicable,not_applicable,not_applicable,not_applicable,not_available,negative_or_no_verified_finding
local_qwen,x13-006,4,True,True,False,False,False,8,4,4,4,,False,2026-08-08T12:37:24.623106+00:00,provider_or_action_timestamp,not_applicable,not_applicable,not_applicable,not_applicable,not_applicable,not_applicable,not_available,negative_or_no_verified_finding
local_qwen,x13-006,5,True,True,False,False,False,8,4,4,4,,False,2026-08-08T13:11:36.681362+00:00,provider_or_action_timestamp,not_applicable,not_applicable,not_applicable,not_applicable,not_applicable,not_applicable,not_available,negative_or_no_verified_finding
local_qwen,x13-007,1,True,True,False,False,False,5,4,4,1,finding-7bfefb73c578,True,2026-08-08T10:56:01.409746+00:00,provider_or_action_timestamp,2026-08-08T10:56:01.597337+00:00,188,2,2,1,available,not_available,derived_from_retained_timestamps
local_qwen,x13-007,2,True,True,False,False,False,5,4,4,1,finding-e601441b3f00,True,2026-08-08T11:30:19.192633+00:00,provider_or_action_timestamp,2026-08-08T11:30:19.363881+00:00,171,2,2,1,available,not_available,derived_from_retained_timestamps
local_qwen,x13-007,3,True,True,False,False,False,5,4,4,1,finding-500a147b0340,True,2026-08-08T12:04:28.138076+00:00,provider_or_action_timestamp,2026-08-08T12:04:28.332629+00:00,195,2,2,1,available,not_available,derived_from_retained_timestamps
local_qwen,x13-007,4,True,True,False,False,False,5,4,4,1,finding-eea70004bc1a,True,2026-08-08T12:38:39.067861+00:00,provider_or_action_timestamp,2026-08-08T12:38:39.234541+00:00,167,2,2,1,available,not_available,derived_from_retained_timestamps
local_qwen,x13-007,5,True,True,False,False,False,5,4,4,1,finding-5aa7e1598a24,True,2026-08-08T13:12:50.975688+00:00,provider_or_action_timestamp,2026-08-08T13:12:51.184571+00:00,209,2,2,1,available,not_available,derived_from_retained_timestamps
local_qwen,x13-008,1,True,True,False,False,False,6,4,4,3,finding-fb93ecbee866,True,2026-08-08T10:57:25.068019+00:00,provider_or_action_timestamp,2026-08-08T10:57:25.559368+00:00,491,6,6,3,available,not_available,derived_from_retained_timestamps
local_qwen,x13-008,2,True,True,False,False,False,6,4,4,3,finding-b02d5d9d6f2b,True,2026-08-08T11:31:42.233436+00:00,provider_or_action_timestamp,2026-08-08T11:31:42.661508+00:00,428,6,6,3,available,not_available,derived_from_retained_timestamps
local_qwen,x13-008,3,True,True,False,False,False,6,4,4,3,finding-37d8dc019697,True,2026-08-08T12:05:51.158832+00:00,provider_or_action_timestamp,2026-08-08T12:05:51.662858+00:00,504,6,6,3,available,not_available,derived_from_retained_timestamps
local_qwen,x13-008,4,True,True,False,False,False,6,4,4,3,finding-916e3c936194,True,2026-08-08T12:40:02.216607+00:00,provider_or_action_timestamp,2026-08-08T12:40:02.711821+00:00,495,6,6,3,available,not_available,derived_from_retained_timestamps
local_qwen,x13-008,5,True,True,False,False,False,6,4,4,3,finding-869093296388,True,2026-08-08T13:14:14.043486+00:00,provider_or_action_timestamp,2026-08-08T13:14:14.615535+00:00,572,6,6,3,available,not_available,derived_from_retained_timestamps
local_qwen,x13-009,1,True,True,False,False,False,4,4,4,3,finding-b909172e5801,True,2026-08-08T10:58:15.622832+00:00,provider_or_action_timestamp,2026-08-08T10:58:16.107475+00:00,485,6,6,3,available,not_available,derived_from_retained_timestamps
local_qwen,x13-009,2,True,True,False,False,False,4,4,4,3,finding-81e620fb7f85,True,2026-08-08T11:32:32.116337+00:00,provider_or_action_timestamp,2026-08-08T11:32:32.592722+00:00,476,6,6,3,available,not_available,derived_from_retained_timestamps
local_qwen,x13-009,3,True,True,False,False,False,4,4,4,3,finding-08714952b418,True,2026-08-08T12:06:41.071168+00:00,provider_or_action_timestamp,2026-08-08T12:06:41.577580+00:00,506,6,6,3,available,not_available,derived_from_retained_timestamps
local_qwen,x13-009,4,True,True,False,False,False,4,4,4,3,finding-120065a52e58,True,2026-08-08T12:40:52.530971+00:00,provider_or_action_timestamp,2026-08-08T12:40:52.995908+00:00,465,6,6,3,available,not_available,derived_from_retained_timestamps
local_qwen,x13-009,5,True,True,False,False,False,4,4,4,3,finding-0333662103a1,True,2026-08-08T13:15:04.281604+00:00,provider_or_action_timestamp,2026-08-08T13:15:04.764940+00:00,483,6,6,3,available,not_available,derived_from_retained_timestamps
local_qwen,x13-010,1,True,True,False,False,False,7,4,4,1,finding-48845999d54b,True,2026-08-08T10:59:51.778306+00:00,provider_or_action_timestamp,2026-08-08T10:59:51.971297+00:00,193,2,2,1,available,not_available,derived_from_retained_timestamps
local_qwen,x13-010,2,True,True,False,False,False,7,4,4,1,finding-eae22327d574,True,2026-08-08T11:34:08.652742+00:00,provider_or_action_timestamp,2026-08-08T11:34:08.822297+00:00,170,2,2,1,available,not_available,derived_from_retained_timestamps
local_qwen,x13-010,3,True,True,False,False,False,7,4,4,1,finding-50d469439a19,True,2026-08-08T12:08:20.416541+00:00,provider_or_action_timestamp,2026-08-08T12:08:20.573632+00:00,157,2,2,1,available,not_available,derived_from_retained_timestamps
local_qwen,x13-010,4,True,True,False,False,False,7,4,4,1,finding-1f6588658a47,True,2026-08-08T12:42:28.982598+00:00,provider_or_action_timestamp,2026-08-08T12:42:29.174393+00:00,192,2,2,1,available,not_available,derived_from_retained_timestamps
local_qwen,x13-010,5,True,True,False,False,False,7,4,4,1,finding-251a8676cbca,True,2026-08-08T13:16:40.043839+00:00,provider_or_action_timestamp,2026-08-08T13:16:40.225191+00:00,181,2,2,1,available,not_available,derived_from_retained_timestamps
local_qwen,x13-011,1,True,True,False,False,False,6,4,4,4,,False,2026-08-08T11:01:14.087901+00:00,provider_or_action_timestamp,not_applicable,not_applicable,not_applicable,not_applicable,not_applicable,not_applicable,not_available,negative_or_no_verified_finding
local_qwen,x13-011,2,True,True,False,False,False,6,4,4,4,,False,2026-08-08T11:35:29.346300+00:00,provider_or_action_timestamp,not_applicable,not_applicable,not_applicable,not_applicable,not_applicable,not_applicable,not_available,negative_or_no_verified_finding
local_qwen,x13-011,3,True,True,False,False,False,6,4,4,4,,False,2026-08-08T12:09:41.148557+00:00,provider_or_action_timestamp,not_applicable,not_applicable,not_applicable,not_applicable,not_applicable,not_applicable,not_available,negative_or_no_verified_finding
local_qwen,x13-011,4,True,True,False,False,False,6,4,4,4,,False,2026-08-08T12:43:49.685904+00:00,provider_or_action_timestamp,not_applicable,not_applicable,not_applicable,not_applicable,not_applicable,not_applicable,not_available,negative_or_no_verified_finding
local_qwen,x13-011,5,True,True,False,False,False,6,4,4,4,,False,2026-08-08T13:18:02.291767+00:00,provider_or_action_timestamp,not_applicable,not_applicable,not_applicable,not_applicable,not_applicable,not_applicable,not_available,negative_or_no_verified_finding
local_qwen,x13-012,1,True,True,False,False,False,8,4,4,4,,False,2026-08-08T11:03:17.441039+00:00,provider_or_action_timestamp,not_applicable,not_applicable,not_applicable,not_applicable,not_applicable,not_applicable,not_available,negative_or_no_verified_finding
local_qwen,x13-012,2,True,True,False,False,False,8,4,4,4,,False,2026-08-08T11:37:33.038694+00:00,provider_or_action_timestamp,not_applicable,not_applicable,not_applicable,not_applicable,not_applicable,not_applicable,not_available,negative_or_no_verified_finding
local_qwen,x13-012,3,True,True,False,False,False,8,4,4,4,,False,2026-08-08T12:11:43.955301+00:00,provider_or_action_timestamp,not_applicable,not_applicable,not_applicable,not_applicable,not_applicable,not_applicable,not_available,negative_or_no_verified_finding
local_qwen,x13-012,4,True,True,False,False,False,8,4,4,4,,False,2026-08-08T12:45:52.974161+00:00,provider_or_action_timestamp,not_applicable,not_applicable,not_applicable,not_applicable,not_applicable,not_applicable,not_available,negative_or_no_verified_finding
local_qwen,x13-012,5,True,True,False,False,False,8,4,4,4,,False,2026-08-08T13:20:05.586253+00:00,provider_or_action_timestamp,not_applicable,not_applicable,not_applicable,not_applicable,not_applicable,not_applicable,not_available,negative_or_no_verified_finding
local_qwen,x13-013,1,True,True,False,False,False,5,4,4,2,finding-2e3f3c814956,True,2026-08-08T11:04:33.395062+00:00,provider_or_action_timestamp,2026-08-08T11:04:33.726889+00:00,332,4,4,2,available,not_available,derived_from_retained_timestamps
local_qwen,x13-013,2,True,True,False,False,False,5,4,4,2,finding-8dd6e7b4db6b,True,2026-08-08T11:38:47.864229+00:00,provider_or_action_timestamp,2026-08-08T11:38:48.196459+00:00,332,4,4,2,available,not_available,derived_from_retained_timestamps
local_qwen,x13-013,3,True,True,False,False,False,5,4,4,2,finding-9b0cc9b0f21b,True,2026-08-08T12:13:00.140584+00:00,provider_or_action_timestamp,2026-08-08T12:13:00.463280+00:00,323,4,4,2,available,not_available,derived_from_retained_timestamps
local_qwen,x13-013,4,True,True,False,False,False,5,4,4,2,finding-d0687c5ea8e9,True,2026-08-08T12:47:08.169513+00:00,provider_or_action_timestamp,2026-08-08T12:47:08.466127+00:00,297,4,4,2,available,not_available,derived_from_retained_timestamps
local_qwen,x13-013,5,True,True,False,False,False,5,4,4,2,finding-7dd8069f0f14,True,2026-08-08T13:21:20.737379+00:00,provider_or_action_timestamp,2026-08-08T13:21:21.031364+00:00,294,4,4,2,available,not_available,derived_from_retained_timestamps
local_qwen,x13-014,1,True,True,False,False,False,6,4,4,3,finding-033f4adcf730,True,2026-08-08T11:06:05.267646+00:00,provider_or_action_timestamp,2026-08-08T11:06:05.771275+00:00,504,6,6,3,available,not_available,derived_from_retained_timestamps
local_qwen,x13-014,2,True,True,False,False,False,6,4,4,3,finding-e419f12d712c,True,2026-08-08T11:40:19.420771+00:00,provider_or_action_timestamp,2026-08-08T11:40:19.874350+00:00,454,6,6,3,available,not_available,derived_from_retained_timestamps
local_qwen,x13-014,3,True,True,False,False,False,6,4,4,3,finding-ea4599d0951c,True,2026-08-08T12:14:31.654893+00:00,provider_or_action_timestamp,2026-08-08T12:14:32.143583+00:00,489,6,6,3,available,not_available,derived_from_retained_timestamps
local_qwen,x13-014,4,True,True,False,False,False,6,4,4,3,finding-decd18862d79,True,2026-08-08T12:48:40.805855+00:00,provider_or_action_timestamp,2026-08-08T12:48:41.293429+00:00,488,6,6,3,available,not_available,derived_from_retained_timestamps
local_qwen,x13-014,5,True,True,False,False,False,6,4,4,3,finding-8185c23abd2c,True,2026-08-08T13:22:53.210499+00:00,provider_or_action_timestamp,2026-08-08T13:22:53.662433+00:00,452,6,6,3,available,not_available,derived_from_retained_timestamps
local_qwen,x13-015,1,True,True,False,False,False,7,4,4,3,finding-85380ff892d1,True,2026-08-08T11:07:57.586252+00:00,provider_or_action_timestamp,2026-08-08T11:07:58.072296+00:00,486,6,6,3,available,not_available,derived_from_retained_timestamps
local_qwen,x13-015,2,True,True,False,False,False,7,4,4,3,finding-7797ac999752,True,2026-08-08T11:42:08.629227+00:00,provider_or_action_timestamp,2026-08-08T11:42:09.087413+00:00,458,6,6,3,available,not_available,derived_from_retained_timestamps
local_qwen,x13-015,3,True,True,False,False,False,7,4,4,3,finding-93039583b66d,True,2026-08-08T12:16:20.378912+00:00,provider_or_action_timestamp,2026-08-08T12:16:20.854048+00:00,475,6,6,3,available,not_available,derived_from_retained_timestamps
local_qwen,x13-015,4,True,True,False,False,False,7,4,4,3,finding-abc2ab40ab88,True,2026-08-08T12:50:30.243680+00:00,provider_or_action_timestamp,2026-08-08T12:50:30.721279+00:00,478,6,6,3,available,not_available,derived_from_retained_timestamps
local_qwen,x13-015,5,True,True,False,False,False,7,4,4,3,finding-e5d53ad2147a,True,2026-08-08T13:24:42.289116+00:00,provider_or_action_timestamp,2026-08-08T13:24:42.756659+00:00,468,6,6,3,available,not_available,derived_from_retained_timestamps
local_qwen,x13-016,1,True,True,False,False,False,5,4,4,4,,False,2026-08-08T11:09:11.240464+00:00,provider_or_action_timestamp,not_applicable,not_applicable,not_applicable,not_applicable,not_applicable,not_applicable,not_available,negative_or_no_verified_finding
local_qwen,x13-016,2,True,True,False,False,False,5,4,4,4,,False,2026-08-08T11:43:22.779174+00:00,provider_or_action_timestamp,not_applicable,not_applicable,not_applicable,not_applicable,not_applicable,not_applicable,not_available,negative_or_no_verified_finding
local_qwen,x13-016,3,True,True,False,False,False,5,4,4,4,,False,2026-08-08T12:17:35.562755+00:00,provider_or_action_timestamp,not_applicable,not_applicable,not_applicable,not_applicable,not_applicable,not_applicable,not_available,negative_or_no_verified_finding
local_qwen,x13-016,4,True,True,False,False,False,5,4,4,4,,False,2026-08-08T12:51:43.687396+00:00,provider_or_action_timestamp,not_applicable,not_applicable,not_applicable,not_applicable,not_applicable,not_applicable,not_available,negative_or_no_verified_finding
local_qwen,x13-016,5,True,True,False,False,False,5,4,4,4,,False,2026-08-08T13:25:55.566755+00:00,provider_or_action_timestamp,not_applicable,not_applicable,not_applicable,not_applicable,not_applicable,not_applicable,not_available,negative_or_no_verified_finding
local_qwen,x13-017,1,False,True,False,False,False,4,4,4,4,,False,2026-08-08T11:10:08.611624+00:00,provider_or_action_timestamp,not_applicable,not_applicable,not_applicable,not_applicable,not_applicable,not_applicable,not_available,negative_or_no_verified_finding
local_qwen,x13-017,2,False,True,False,False,False,4,4,4,4,,False,2026-08-08T11:44:19.961392+00:00,provider_or_action_timestamp,not_applicable,not_applicable,not_applicable,not_applicable,not_applicable,not_applicable,not_available,negative_or_no_verified_finding
local_qwen,x13-017,3,False,True,False,False,False,4,4,4,4,,False,2026-08-08T12:18:33.307362+00:00,provider_or_action_timestamp,not_applicable,not_applicable,not_applicable,not_applicable,not_applicable,not_applicable,not_available,negative_or_no_verified_finding
local_qwen,x13-017,4,False,True,False,False,False,4,4,4,4,,False,2026-08-08T12:52:42.264584+00:00,provider_or_action_timestamp,not_applicable,not_applicable,not_applicable,not_applicable,not_applicable,not_applicable,not_available,negative_or_no_verified_finding
local_qwen,x13-017,5,False,True,False,False,False,4,4,4,4,,False,2026-08-08T13:26:52.931788+00:00,provider_or_action_timestamp,not_applicable,not_applicable,not_applicable,not_applicable,not_applicable,not_applicable,not_available,negative_or_no_verified_finding
local_qwen,x13-018,1,False,True,False,False,False,5,4,4,4,,False,2026-08-08T11:11:27.378813+00:00,provider_or_action_timestamp,not_applicable,not_applicable,not_applicable,not_applicable,not_applicable,not_applicable,not_available,negative_or_no_verified_finding
local_qwen,x13-018,2,False,True,False,False,False,5,4,4,4,,False,2026-08-08T11:45:38.378097+00:00,provider_or_action_timestamp,not_applicable,not_applicable,not_applicable,not_applicable,not_applicable,not_applicable,not_available,negative_or_no_verified_finding
local_qwen,x13-018,3,False,True,False,False,False,5,4,4,4,,False,2026-08-08T12:19:51.502380+00:00,provider_or_action_timestamp,not_applicable,not_applicable,not_applicable,not_applicable,not_applicable,not_applicable,not_available,negative_or_no_verified_finding
local_qwen,x13-018,4,False,True,False,False,False,5,4,4,4,,False,2026-08-08T12:54:00.894053+00:00,provider_or_action_timestamp,not_applicable,not_applicable,not_applicable,not_applicable,not_applicable,not_applicable,not_available,negative_or_no_verified_finding
local_qwen,x13-018,5,False,True,False,False,False,5,4,4,4,,False,2026-08-08T13:28:11.217402+00:00,provider_or_action_timestamp,not_applicable,not_applicable,not_applicable,not_applicable,not_applicable,not_applicable,not_available,negative_or_no_verified_finding
local_qwen,x13-019,1,False,True,False,False,False,6,4,4,4,,False,2026-08-08T11:13:03.748301+00:00,provider_or_action_timestamp,not_applicable,not_applicable,not_applicable,not_applicable,not_applicable,not_applicable,not_available,negative_or_no_verified_finding
local_qwen,x13-019,2,False,True,False,False,False,6,4,4,4,,False,2026-08-08T11:47:12.948930+00:00,provider_or_action_timestamp,not_applicable,not_applicable,not_applicable,not_applicable,not_applicable,not_applicable,not_available,negative_or_no_verified_finding
local_qwen,x13-019,3,False,True,False,False,False,6,4,4,4,,False,2026-08-08T12:21:26.151585+00:00,provider_or_action_timestamp,not_applicable,not_applicable,not_applicable,not_applicable,not_applicable,not_applicable,not_available,negative_or_no_verified_finding
local_qwen,x13-019,4,False,True,False,False,False,6,4,4,4,,False,2026-08-08T12:55:36.501217+00:00,provider_or_action_timestamp,not_applicable,not_applicable,not_applicable,not_applicable,not_applicable,not_applicable,not_available,negative_or_no_verified_finding
local_qwen,x13-019,5,False,True,False,False,False,6,4,4,4,,False,2026-08-08T13:29:45.619572+00:00,provider_or_action_timestamp,not_applicable,not_applicable,not_applicable,not_applicable,not_applicable,not_applicable,not_available,negative_or_no_verified_finding
local_qwen,x13-020,1,False,True,False,False,False,7,4,4,4,,False,2026-08-08T11:14:41.116909+00:00,provider_or_action_timestamp,not_applicable,not_applicable,not_applicable,not_applicable,not_applicable,not_applicable,not_available,negative_or_no_verified_finding
local_qwen,x13-020,2,False,True,False,False,False,7,4,4,4,,False,2026-08-08T11:48:51.080571+00:00,provider_or_action_timestamp,not_applicable,not_applicable,not_applicable,not_applicable,not_applicable,not_applicable,not_available,negative_or_no_verified_finding
local_qwen,x13-020,3,False,True,False,False,False,7,4,4,4,,False,2026-08-08T12:23:02.965888+00:00,provider_or_action_timestamp,not_applicable,not_applicable,not_applicable,not_applicable,not_applicable,not_applicable,not_available,negative_or_no_verified_finding
local_qwen,x13-020,4,False,True,False,False,False,7,4,4,4,,False,2026-08-08T12:57:14.839075+00:00,provider_or_action_timestamp,not_applicable,not_applicable,not_applicable,not_applicable,not_applicable,not_applicable,not_available,negative_or_no_verified_finding
local_qwen,x13-020,5,False,True,False,False,False,7,4,4,4,,False,2026-08-08T13:31:22.334550+00:00,provider_or_action_timestamp,not_applicable,not_applicable,not_applicable,not_applicable,not_applicable,not_applicable,not_available,negative_or_no_verified_finding
local_qwen,x13-021,1,False,True,False,False,False,6,4,4,4,,False,2026-08-08T11:16:12.820066+00:00,provider_or_action_timestamp,not_applicable,not_applicable,not_applicable,not_applicable,not_applicable,not_applicable,not_available,negative_or_no_verified_finding
local_qwen,x13-021,2,False,True,False,False,False,6,4,4,4,,False,2026-08-08T11:50:22.906174+00:00,provider_or_action_timestamp,not_applicable,not_applicable,not_applicable,not_applicable,not_applicable,not_applicable,not_available,negative_or_no_verified_finding
local_qwen,x13-021,3,False,True,False,False,False,6,4,4,4,,False,2026-08-08T12:24:34.882381+00:00,provider_or_action_timestamp,not_applicable,not_applicable,not_applicable,not_applicable,not_applicable,not_applicable,not_available,negative_or_no_verified_finding
local_qwen,x13-021,4,False,True,False,False,False,6,4,4,4,,False,2026-08-08T12:58:47.205195+00:00,provider_or_action_timestamp,not_applicable,not_applicable,not_applicable,not_applicable,not_applicable,not_applicable,not_available,negative_or_no_verified_finding
local_qwen,x13-021,5,False,True,False,False,False,6,4,4,4,,False,2026-08-08T13:32:54.542007+00:00,provider_or_action_timestamp,not_applicable,not_applicable,not_applicable,not_applicable,not_applicable,not_applicable,not_available,negative_or_no_verified_finding
local_qwen,x13-022,1,False,True,False,False,False,6,4,4,4,,False,2026-08-08T11:17:38.822082+00:00,provider_or_action_timestamp,not_applicable,not_applicable,not_applicable,not_applicable,not_applicable,not_applicable,not_available,negative_or_no_verified_finding
local_qwen,x13-022,2,False,True,False,False,False,6,4,4,4,,False,2026-08-08T11:51:49.108094+00:00,provider_or_action_timestamp,not_applicable,not_applicable,not_applicable,not_applicable,not_applicable,not_applicable,not_available,negative_or_no_verified_finding
local_qwen,x13-022,3,False,True,False,False,False,6,4,4,4,,False,2026-08-08T12:26:02.644643+00:00,provider_or_action_timestamp,not_applicable,not_applicable,not_applicable,not_applicable,not_applicable,not_applicable,not_available,negative_or_no_verified_finding
local_qwen,x13-022,4,False,True,False,False,False,6,4,4,4,,False,2026-08-08T13:00:13.726031+00:00,provider_or_action_timestamp,not_applicable,not_applicable,not_applicable,not_applicable,not_applicable,not_applicable,not_available,negative_or_no_verified_finding
local_qwen,x13-022,5,False,True,False,False,False,6,4,4,4,,False,2026-08-08T13:34:21.039392+00:00,provider_or_action_timestamp,not_applicable,not_applicable,not_applicable,not_applicable,not_applicable,not_applicable,not_available,negative_or_no_verified_finding
local_qwen,x13-023,1,False,True,False,False,False,8,4,4,4,,False,2026-08-08T11:19:47.642654+00:00,provider_or_action_timestamp,not_applicable,not_applicable,not_applicable,not_applicable,not_applicable,not_applicable,not_available,negative_or_no_verified_finding
local_qwen,x13-023,2,False,True,False,False,False,8,4,4,4,,False,2026-08-08T11:53:54.355149+00:00,provider_or_action_timestamp,not_applicable,not_applicable,not_applicable,not_applicable,not_applicable,not_applicable,not_available,negative_or_no_verified_finding
local_qwen,x13-023,3,False,True,False,False,False,8,4,4,4,,False,2026-08-08T12:28:06.761411+00:00,provider_or_action_timestamp,not_applicable,not_applicable,not_applicable,not_applicable,not_applicable,not_applicable,not_available,negative_or_no_verified_finding
local_qwen,x13-023,4,False,True,False,False,False,8,4,4,4,,False,2026-08-08T13:02:18.030255+00:00,provider_or_action_timestamp,not_applicable,not_applicable,not_applicable,not_applicable,not_applicable,not_applicable,not_available,negative_or_no_verified_finding
local_qwen,x13-023,5,False,True,False,False,False,8,4,4,4,,False,2026-08-08T13:36:24.956003+00:00,provider_or_action_timestamp,not_applicable,not_applicable,not_applicable,not_applicable,not_applicable,not_applicable,not_available,negative_or_no_verified_finding
local_qwen,x13-024,1,False,True,False,False,False,4,4,4,4,,False,2026-08-08T11:20:38.763533+00:00,provider_or_action_timestamp,not_applicable,not_applicable,not_applicable,not_applicable,not_applicable,not_applicable,not_available,negative_or_no_verified_finding
local_qwen,x13-024,2,False,True,False,False,False,4,4,4,4,,False,2026-08-08T11:54:45.405919+00:00,provider_or_action_timestamp,not_applicable,not_applicable,not_applicable,not_applicable,not_applicable,not_applicable,not_available,negative_or_no_verified_finding
local_qwen,x13-024,3,False,True,False,False,False,4,4,4,4,,False,2026-08-08T12:28:57.748632+00:00,provider_or_action_timestamp,not_applicable,not_applicable,not_applicable,not_applicable,not_applicable,not_applicable,not_available,negative_or_no_verified_finding
local_qwen,x13-024,4,False,True,False,False,False,4,4,4,4,,False,2026-08-08T13:03:10.580901+00:00,provider_or_action_timestamp,not_applicable,not_applicable,not_applicable,not_applicable,not_applicable,not_applicable,not_available,negative_or_no_verified_finding
local_qwen,x13-024,5,False,True,False,False,False,4,4,4,4,,False,2026-08-08T13:37:17.108285+00:00,provider_or_action_timestamp,not_applicable,not_applicable,not_applicable,not_applicable,not_applicable,not_applicable,not_available,negative_or_no_verified_finding
proprietary_gpt,x13-001,1,True,True,False,False,False,4,4,4,4,finding-cf660ae2c2aa,True,2026-08-08T10:34:53.485710+00:00,provider_or_action_timestamp,2026-08-08T10:34:55.144671+00:00,1659,8,8,4,available,not_available,derived_from_retained_timestamps
proprietary_gpt,x13-001,2,True,True,False,False,False,4,4,4,2,finding-86768ba78c5e,True,2026-08-08T10:37:22.197514+00:00,provider_or_action_timestamp,2026-08-08T10:37:22.525837+00:00,328,4,4,2,available,not_available,derived_from_retained_timestamps
proprietary_gpt,x13-001,3,True,True,False,False,False,4,4,4,2,finding-1eba8f4779ef,True,2026-08-08T10:39:23.324689+00:00,provider_or_action_timestamp,2026-08-08T10:39:23.689288+00:00,365,4,4,2,available,not_available,derived_from_retained_timestamps
proprietary_gpt,x13-001,4,True,True,False,False,False,4,4,4,2,finding-b341ff9d2695,True,2026-08-08T10:41:21.728295+00:00,provider_or_action_timestamp,2026-08-08T10:41:22.083325+00:00,355,4,4,2,available,not_available,derived_from_retained_timestamps
proprietary_gpt,x13-001,5,True,True,False,False,False,4,4,4,2,finding-768622788be4,True,2026-08-08T10:43:33.052837+00:00,provider_or_action_timestamp,2026-08-08T10:43:33.411295+00:00,358,4,4,2,available,not_available,derived_from_retained_timestamps
proprietary_gpt,x13-002,1,True,True,False,False,False,5,4,4,1,finding-bda9e617ca5c,True,2026-08-08T10:35:00.571693+00:00,provider_or_action_timestamp,2026-08-08T10:35:01.083604+00:00,512,2,2,1,available,not_available,derived_from_retained_timestamps
proprietary_gpt,x13-002,2,True,True,False,False,False,5,4,4,1,finding-fceb127b7358,True,2026-08-08T10:37:26.604449+00:00,provider_or_action_timestamp,2026-08-08T10:37:26.792661+00:00,188,2,2,1,available,not_available,derived_from_retained_timestamps
proprietary_gpt,x13-002,3,True,True,False,False,False,5,4,4,1,finding-678c9b20cc14,True,2026-08-08T10:39:28.241373+00:00,provider_or_action_timestamp,2026-08-08T10:39:28.437864+00:00,196,2,2,1,available,not_available,derived_from_retained_timestamps
proprietary_gpt,x13-002,4,True,True,False,False,False,5,4,4,1,finding-1dd0a6f706b3,True,2026-08-08T10:41:25.548171+00:00,provider_or_action_timestamp,2026-08-08T10:41:25.701227+00:00,153,2,2,1,available,not_available,derived_from_retained_timestamps
proprietary_gpt,x13-002,5,True,True,False,False,False,5,4,4,1,finding-35f820c2ecbc,True,2026-08-08T10:43:37.018318+00:00,provider_or_action_timestamp,2026-08-08T10:43:37.213038+00:00,195,2,2,1,available,not_available,derived_from_retained_timestamps
proprietary_gpt,x13-003,1,True,True,False,False,False,6,4,4,4,finding-a8ffc6249cf7,True,2026-08-08T10:35:06.287499+00:00,provider_or_action_timestamp,2026-08-08T10:35:08.844951+00:00,2557,8,8,4,available,not_available,derived_from_retained_timestamps
proprietary_gpt,x13-003,2,True,True,False,False,False,6,4,4,4,,False,2026-08-08T10:37:30.492659+00:00,provider_or_action_timestamp,not_applicable,not_applicable,not_applicable,not_applicable,not_applicable,not_applicable,not_available,negative_or_no_verified_finding
proprietary_gpt,x13-003,3,True,True,False,False,False,6,4,4,4,finding-4ff4298e9ace,True,2026-08-08T10:39:32.673178+00:00,provider_or_action_timestamp,2026-08-08T10:39:33.307102+00:00,634,8,8,4,available,not_available,derived_from_retained_timestamps
proprietary_gpt,x13-003,4,True,True,False,False,False,6,4,4,4,,False,2026-08-08T10:41:30.581105+00:00,provider_or_action_timestamp,not_applicable,not_applicable,not_applicable,not_applicable,not_applicable,not_applicable,not_available,negative_or_no_verified_finding
proprietary_gpt,x13-003,5,True,True,False,False,False,6,4,4,4,,False,2026-08-08T10:43:40.824868+00:00,provider_or_action_timestamp,not_applicable,not_applicable,not_applicable,not_applicable,not_applicable,not_applicable,not_available,negative_or_no_verified_finding
proprietary_gpt,x13-004,1,True,True,False,False,False,6,4,4,2,finding-07e9c9946179,True,2026-08-08T10:35:13.550376+00:00,provider_or_action_timestamp,2026-08-08T10:35:14.620947+00:00,1071,4,4,2,available,not_available,derived_from_retained_timestamps
proprietary_gpt,x13-004,2,True,True,False,False,False,6,4,4,2,finding-f82a2bdfb85a,True,2026-08-08T10:37:36.017044+00:00,provider_or_action_timestamp,2026-08-08T10:37:36.340976+00:00,324,4,4,2,available,not_available,derived_from_retained_timestamps
proprietary_gpt,x13-004,3,True,True,False,False,False,6,4,4,2,finding-750b14344b39,True,2026-08-08T10:39:38.291788+00:00,provider_or_action_timestamp,2026-08-08T10:39:38.636813+00:00,345,4,4,2,available,not_available,derived_from_retained_timestamps
proprietary_gpt,x13-004,4,True,True,False,False,False,6,4,4,2,finding-3503ee76ed06,True,2026-08-08T10:41:35.875469+00:00,provider_or_action_timestamp,2026-08-08T10:41:36.218512+00:00,343,4,4,2,available,not_available,derived_from_retained_timestamps
proprietary_gpt,x13-004,5,True,True,False,False,False,6,4,4,2,finding-ebdd842a12fe,True,2026-08-08T10:43:46.131056+00:00,provider_or_action_timestamp,2026-08-08T10:43:46.427683+00:00,297,4,4,2,available,not_available,derived_from_retained_timestamps
proprietary_gpt,x13-005,1,True,False,True,False,False,7,4,4,2,finding-0a2fae0d77e2,True,2026-08-08T10:35:20.309715+00:00,provider_or_action_timestamp,2026-08-08T10:35:21.420470+00:00,1111,4,4,2,available,not_available,derived_from_retained_timestamps
proprietary_gpt,x13-005,2,True,True,False,False,False,7,4,4,1,finding-b8b6fc08db16,True,2026-08-08T10:37:40.146162+00:00,provider_or_action_timestamp,2026-08-08T10:37:40.292479+00:00,146,2,2,1,available,not_available,derived_from_retained_timestamps
proprietary_gpt,x13-005,3,True,True,False,False,False,7,4,4,1,finding-e89e35d27572,True,2026-08-08T10:39:42.807607+00:00,provider_or_action_timestamp,2026-08-08T10:39:42.988778+00:00,181,2,2,1,available,not_available,derived_from_retained_timestamps
proprietary_gpt,x13-005,4,True,True,False,False,False,7,4,4,1,finding-d051b9d4c23d,True,2026-08-08T10:41:41.822994+00:00,provider_or_action_timestamp,2026-08-08T10:41:42.017087+00:00,194,2,2,1,available,not_available,derived_from_retained_timestamps
proprietary_gpt,x13-005,5,True,True,False,False,False,7,4,4,1,finding-0e05d1de78e8,True,2026-08-08T10:43:53.024477+00:00,provider_or_action_timestamp,2026-08-08T10:43:53.192867+00:00,168,2,2,1,available,not_available,derived_from_retained_timestamps
proprietary_gpt,x13-006,1,True,True,False,False,False,8,4,4,4,,False,2026-08-08T10:35:29.438451+00:00,provider_or_action_timestamp,not_applicable,not_applicable,not_applicable,not_applicable,not_applicable,not_applicable,not_available,negative_or_no_verified_finding
proprietary_gpt,x13-006,2,True,True,False,False,False,8,4,4,4,,False,2026-08-08T10:37:46.650407+00:00,provider_or_action_timestamp,not_applicable,not_applicable,not_applicable,not_applicable,not_applicable,not_applicable,not_available,negative_or_no_verified_finding
proprietary_gpt,x13-006,3,True,True,False,False,False,8,4,4,4,,False,2026-08-08T10:39:48.565288+00:00,provider_or_action_timestamp,not_applicable,not_applicable,not_applicable,not_applicable,not_applicable,not_applicable,not_available,negative_or_no_verified_finding
proprietary_gpt,x13-006,4,True,True,False,False,False,8,4,4,4,,False,2026-08-08T10:41:47.172394+00:00,provider_or_action_timestamp,not_applicable,not_applicable,not_applicable,not_applicable,not_applicable,not_applicable,not_available,negative_or_no_verified_finding
proprietary_gpt,x13-006,5,True,True,False,False,False,8,4,4,1,finding-b054255edf8e,True,2026-08-08T10:43:59.313386+00:00,provider_or_action_timestamp,2026-08-08T10:43:59.512284+00:00,199,2,2,1,available,not_available,derived_from_retained_timestamps
proprietary_gpt,x13-007,1,True,True,False,False,False,5,4,4,3,finding-c9bc899ca94f,True,2026-08-08T10:35:37.346233+00:00,provider_or_action_timestamp,2026-08-08T10:35:38.972799+00:00,1627,6,6,3,available,not_available,derived_from_retained_timestamps
proprietary_gpt,x13-007,2,True,True,False,False,False,5,4,4,1,finding-6128555180b1,True,2026-08-08T10:37:50.990904+00:00,provider_or_action_timestamp,2026-08-08T10:37:51.176385+00:00,185,2,2,1,available,not_available,derived_from_retained_timestamps
proprietary_gpt,x13-007,3,True,True,False,False,False,5,4,4,1,finding-97989f087da4,True,2026-08-08T10:39:52.544492+00:00,provider_or_action_timestamp,2026-08-08T10:39:52.736459+00:00,192,2,2,1,available,not_available,derived_from_retained_timestamps
proprietary_gpt,x13-007,4,True,True,False,False,False,5,4,4,1,finding-8e96236c2b7a,True,2026-08-08T10:41:51.288003+00:00,provider_or_action_timestamp,2026-08-08T10:41:51.483488+00:00,195,2,2,1,available,not_available,derived_from_retained_timestamps
proprietary_gpt,x13-007,5,True,True,False,False,False,5,4,4,1,finding-9be12adb7331,True,2026-08-08T10:44:03.766841+00:00,provider_or_action_timestamp,2026-08-08T10:44:03.977296+00:00,210,2,2,1,available,not_available,derived_from_retained_timestamps
proprietary_gpt,x13-008,1,True,True,False,False,False,6,4,4,4,,False,2026-08-08T10:35:45.290817+00:00,provider_or_action_timestamp,not_applicable,not_applicable,not_applicable,not_applicable,not_applicable,not_applicable,not_available,negative_or_no_verified_finding
proprietary_gpt,x13-008,2,True,True,False,False,False,6,4,4,3,finding-327fc57a60fe,True,2026-08-08T10:37:56.747652+00:00,provider_or_action_timestamp,2026-08-08T10:37:57.241032+00:00,493,6,6,3,available,not_available,derived_from_retained_timestamps
proprietary_gpt,x13-008,3,True,True,False,False,False,6,4,4,4,,False,2026-08-08T10:39:57.785858+00:00,provider_or_action_timestamp,not_applicable,not_applicable,not_applicable,not_applicable,not_applicable,not_applicable,not_available,negative_or_no_verified_finding
proprietary_gpt,x13-008,4,True,True,False,False,False,6,4,4,4,,False,2026-08-08T10:41:56.570700+00:00,provider_or_action_timestamp,not_applicable,not_applicable,not_applicable,not_applicable,not_applicable,not_applicable,not_available,negative_or_no_verified_finding
proprietary_gpt,x13-008,5,True,True,False,False,False,6,4,4,4,,False,2026-08-08T10:44:08.897405+00:00,provider_or_action_timestamp,not_applicable,not_applicable,not_applicable,not_applicable,not_applicable,not_applicable,not_available,negative_or_no_verified_finding
proprietary_gpt,x13-009,1,True,True,False,False,False,4,4,4,4,finding-0e2b2b428285,True,2026-08-08T10:35:51.533542+00:00,provider_or_action_timestamp,2026-08-08T10:35:52.925346+00:00,1392,8,8,4,available,not_available,derived_from_retained_timestamps
proprietary_gpt,x13-009,2,True,True,False,False,False,4,4,4,4,finding-5794a63ef73e,True,2026-08-08T10:38:00.771698+00:00,provider_or_action_timestamp,2026-08-08T10:38:01.407359+00:00,636,8,8,4,available,not_available,derived_from_retained_timestamps
proprietary_gpt,x13-009,3,True,True,False,False,False,4,4,4,4,finding-5b0e212cd68d,True,2026-08-08T10:40:01.737167+00:00,provider_or_action_timestamp,2026-08-08T10:40:02.402899+00:00,666,8,8,4,available,not_available,derived_from_retained_timestamps
proprietary_gpt,x13-009,4,True,True,False,False,False,4,4,4,4,finding-a1794a018eeb,True,2026-08-08T10:42:00.493230+00:00,provider_or_action_timestamp,2026-08-08T10:42:01.162928+00:00,670,8,8,4,available,not_available,derived_from_retained_timestamps
proprietary_gpt,x13-009,5,True,True,False,False,False,4,4,4,4,finding-56871b54558c,True,2026-08-08T10:44:13.090999+00:00,provider_or_action_timestamp,2026-08-08T10:44:13.727404+00:00,636,8,8,4,available,not_available,derived_from_retained_timestamps
proprietary_gpt,x13-010,1,True,True,False,False,False,7,4,4,1,finding-a7743676aa82,True,2026-08-08T10:35:58.616165+00:00,provider_or_action_timestamp,2026-08-08T10:35:59.039181+00:00,423,2,2,1,available,not_available,derived_from_retained_timestamps
proprietary_gpt,x13-010,2,True,True,False,False,False,7,4,4,1,finding-eb660eadbda7,True,2026-08-08T10:38:05.891806+00:00,provider_or_action_timestamp,2026-08-08T10:38:06.039837+00:00,148,2,2,1,available,not_available,derived_from_retained_timestamps
proprietary_gpt,x13-010,3,True,True,False,False,False,7,4,4,2,finding-e850fe034b55,True,2026-08-08T10:40:07.529568+00:00,provider_or_action_timestamp,2026-08-08T10:40:07.869777+00:00,340,4,4,2,available,not_available,derived_from_retained_timestamps
proprietary_gpt,x13-010,4,True,True,False,False,False,7,4,4,2,finding-d1a203e2aaa1,True,2026-08-08T10:42:06.146888+00:00,provider_or_action_timestamp,2026-08-08T10:42:06.481338+00:00,334,4,4,2,available,not_available,derived_from_retained_timestamps
proprietary_gpt,x13-010,5,True,True,False,False,False,7,4,4,2,finding-7f44ee884eaa,True,2026-08-08T10:44:18.734394+00:00,provider_or_action_timestamp,2026-08-08T10:44:19.093727+00:00,359,4,4,2,available,not_available,derived_from_retained_timestamps
proprietary_gpt,x13-011,1,True,True,False,False,False,6,4,4,4,,False,2026-08-08T10:36:04.130519+00:00,provider_or_action_timestamp,not_applicable,not_applicable,not_applicable,not_applicable,not_applicable,not_applicable,not_available,negative_or_no_verified_finding
proprietary_gpt,x13-011,2,True,True,False,False,False,6,4,4,4,,False,2026-08-08T10:38:10.564552+00:00,provider_or_action_timestamp,not_applicable,not_applicable,not_applicable,not_applicable,not_applicable,not_applicable,not_available,negative_or_no_verified_finding
proprietary_gpt,x13-011,3,True,True,False,False,False,6,4,4,4,,False,2026-08-08T10:40:11.548739+00:00,provider_or_action_timestamp,not_applicable,not_applicable,not_applicable,not_applicable,not_applicable,not_applicable,not_available,negative_or_no_verified_finding
proprietary_gpt,x13-011,4,True,True,False,False,False,6,4,4,2,finding-ebfe11794782,True,2026-08-08T10:42:10.751361+00:00,provider_or_action_timestamp,2026-08-08T10:42:11.031210+00:00,280,4,4,2,available,not_available,derived_from_retained_timestamps
proprietary_gpt,x13-011,5,True,True,False,False,False,6,4,4,4,,False,2026-08-08T10:44:24.060001+00:00,provider_or_action_timestamp,not_applicable,not_applicable,not_applicable,not_applicable,not_applicable,not_applicable,not_available,negative_or_no_verified_finding
proprietary_gpt,x13-012,1,True,True,False,False,False,8,4,4,4,,False,2026-08-08T10:36:12.830572+00:00,provider_or_action_timestamp,not_applicable,not_applicable,not_applicable,not_applicable,not_applicable,not_applicable,not_available,negative_or_no_verified_finding
proprietary_gpt,x13-012,2,True,True,False,False,False,8,4,4,4,,False,2026-08-08T10:38:16.551621+00:00,provider_or_action_timestamp,not_applicable,not_applicable,not_applicable,not_applicable,not_applicable,not_applicable,not_available,negative_or_no_verified_finding
proprietary_gpt,x13-012,3,True,True,False,False,False,8,4,4,4,,False,2026-08-08T10:40:17.364238+00:00,provider_or_action_timestamp,not_applicable,not_applicable,not_applicable,not_applicable,not_applicable,not_applicable,not_available,negative_or_no_verified_finding
proprietary_gpt,x13-012,4,True,True,False,False,False,8,4,4,4,,False,2026-08-08T10:42:15.794326+00:00,provider_or_action_timestamp,not_applicable,not_applicable,not_applicable,not_applicable,not_applicable,not_applicable,not_available,negative_or_no_verified_finding
proprietary_gpt,x13-012,5,True,True,False,False,False,8,4,4,4,,False,2026-08-08T10:44:29.293396+00:00,provider_or_action_timestamp,not_applicable,not_applicable,not_applicable,not_applicable,not_applicable,not_applicable,not_available,negative_or_no_verified_finding
proprietary_gpt,x13-013,1,True,True,False,False,False,5,4,4,3,finding-faf88624d58f,True,2026-08-08T10:36:19.696890+00:00,provider_or_action_timestamp,2026-08-08T10:36:20.810918+00:00,1114,6,6,3,available,not_available,derived_from_retained_timestamps
proprietary_gpt,x13-013,2,True,True,False,False,False,5,4,4,1,finding-24fd3cc76bcd,True,2026-08-08T10:38:22.877720+00:00,provider_or_action_timestamp,2026-08-08T10:38:23.075489+00:00,198,2,2,1,available,not_available,derived_from_retained_timestamps
proprietary_gpt,x13-013,3,True,True,False,False,False,5,4,4,3,finding-46858c2ca77c,True,2026-08-08T10:40:22.011457+00:00,provider_or_action_timestamp,2026-08-08T10:40:22.505059+00:00,494,6,6,3,available,not_available,derived_from_retained_timestamps
proprietary_gpt,x13-013,4,True,True,False,False,False,5,4,4,2,finding-d44ae65acc3e,True,2026-08-08T10:42:21.926872+00:00,provider_or_action_timestamp,2026-08-08T10:42:22.280992+00:00,354,4,4,2,available,not_available,derived_from_retained_timestamps
proprietary_gpt,x13-013,5,True,True,False,False,False,5,4,4,4,,False,2026-08-08T10:44:33.654281+00:00,provider_or_action_timestamp,not_applicable,not_applicable,not_applicable,not_applicable,not_applicable,not_applicable,not_available,negative_or_no_verified_finding
proprietary_gpt,x13-014,1,True,True,False,False,False,6,4,4,4,finding-2e38b854644c,True,2026-08-08T10:36:26.699237+00:00,provider_or_action_timestamp,2026-08-08T10:36:27.329531+00:00,630,8,8,4,available,not_available,derived_from_retained_timestamps
proprietary_gpt,x13-014,2,True,True,False,False,False,6,4,4,4,finding-77b22d8bc138,True,2026-08-08T10:38:28.122130+00:00,provider_or_action_timestamp,2026-08-08T10:38:28.789336+00:00,667,8,8,4,available,not_available,derived_from_retained_timestamps
proprietary_gpt,x13-014,3,True,True,False,False,False,6,4,4,4,finding-875f9bf16083,True,2026-08-08T10:40:26.661642+00:00,provider_or_action_timestamp,2026-08-08T10:40:27.321257+00:00,660,8,8,4,available,not_available,derived_from_retained_timestamps
proprietary_gpt,x13-014,4,True,True,False,False,False,6,4,4,4,finding-60f5c5fa99f6,True,2026-08-08T10:42:26.442341+00:00,provider_or_action_timestamp,2026-08-08T10:42:27.030621+00:00,588,8,8,4,available,not_available,derived_from_retained_timestamps
proprietary_gpt,x13-014,5,True,True,False,False,False,6,4,4,4,finding-f66d45a17c1b,True,2026-08-08T10:44:39.131785+00:00,provider_or_action_timestamp,2026-08-08T10:44:39.809495+00:00,678,8,8,4,available,not_available,derived_from_retained_timestamps
proprietary_gpt,x13-015,1,True,True,False,False,False,7,4,4,2,finding-c3e77cd68985,True,2026-08-08T10:36:32.091633+00:00,provider_or_action_timestamp,2026-08-08T10:36:32.396364+00:00,305,4,4,2,available,not_available,derived_from_retained_timestamps
proprietary_gpt,x13-015,2,True,True,False,False,False,7,4,4,2,finding-d8c73a0b97ee,True,2026-08-08T10:38:33.660168+00:00,provider_or_action_timestamp,2026-08-08T10:38:33.993277+00:00,333,4,4,2,available,not_available,derived_from_retained_timestamps
proprietary_gpt,x13-015,3,True,True,False,False,False,7,4,4,2,finding-666ab86ef009,True,2026-08-08T10:40:31.478741+00:00,provider_or_action_timestamp,2026-08-08T10:40:31.784301+00:00,306,4,4,2,available,not_available,derived_from_retained_timestamps
proprietary_gpt,x13-015,4,True,True,False,False,False,7,4,4,3,finding-9ccfc809d4ee,True,2026-08-08T10:42:43.388422+00:00,provider_or_action_timestamp,2026-08-08T10:42:43.881395+00:00,493,6,6,3,available,not_available,derived_from_retained_timestamps
proprietary_gpt,x13-015,5,True,True,False,False,False,7,4,4,2,finding-78978090f48b,True,2026-08-08T10:44:45.303118+00:00,provider_or_action_timestamp,2026-08-08T10:44:45.608393+00:00,305,4,4,2,available,not_available,derived_from_retained_timestamps
proprietary_gpt,x13-016,1,True,True,False,False,False,5,4,4,4,finding-0ce12d2fce77,True,2026-08-08T10:36:36.871567+00:00,provider_or_action_timestamp,2026-08-08T10:36:37.518898+00:00,647,8,8,4,available,not_available,derived_from_retained_timestamps
proprietary_gpt,x13-016,2,True,True,False,False,False,5,4,4,4,,False,2026-08-08T10:38:38.136454+00:00,provider_or_action_timestamp,not_applicable,not_applicable,not_applicable,not_applicable,not_applicable,not_applicable,not_available,negative_or_no_verified_finding
proprietary_gpt,x13-016,3,True,True,False,False,False,5,4,4,4,finding-89fe566b81a8,True,2026-08-08T10:40:36.406682+00:00,provider_or_action_timestamp,2026-08-08T10:40:37.072810+00:00,666,8,8,4,available,not_available,derived_from_retained_timestamps
proprietary_gpt,x13-016,4,True,False,True,False,False,5,4,4,4,finding-945ba9a969b8,True,2026-08-08T10:42:47.331528+00:00,provider_or_action_timestamp,2026-08-08T10:42:47.930239+00:00,599,8,8,4,available,not_available,derived_from_retained_timestamps
proprietary_gpt,x13-016,5,True,True,False,False,False,5,4,4,4,finding-f11cc789cd5d,True,2026-08-08T10:44:50.385694+00:00,provider_or_action_timestamp,2026-08-08T10:44:51.025062+00:00,639,8,8,4,available,not_available,derived_from_retained_timestamps
proprietary_gpt,x13-017,1,False,True,False,False,False,4,4,4,4,,False,2026-08-08T10:36:41.697313+00:00,provider_or_action_timestamp,not_applicable,not_applicable,not_applicable,not_applicable,not_applicable,not_applicable,not_available,negative_or_no_verified_finding
proprietary_gpt,x13-017,2,False,False,True,False,False,4,4,4,4,,False,2026-08-08T10:38:42.419030+00:00,provider_or_action_timestamp,not_applicable,not_applicable,not_applicable,not_applicable,not_applicable,not_applicable,not_available,negative_or_no_verified_finding
proprietary_gpt,x13-017,3,False,True,False,False,False,4,4,4,4,,False,2026-08-08T10:40:41.893739+00:00,provider_or_action_timestamp,not_applicable,not_applicable,not_applicable,not_applicable,not_applicable,not_applicable,not_available,negative_or_no_verified_finding
proprietary_gpt,x13-017,4,False,True,False,False,False,4,4,4,4,,False,2026-08-08T10:42:52.023304+00:00,provider_or_action_timestamp,not_applicable,not_applicable,not_applicable,not_applicable,not_applicable,not_applicable,not_available,negative_or_no_verified_finding
proprietary_gpt,x13-017,5,False,True,False,False,False,4,4,4,4,,False,2026-08-08T10:44:56.084713+00:00,provider_or_action_timestamp,not_applicable,not_applicable,not_applicable,not_applicable,not_applicable,not_applicable,not_available,negative_or_no_verified_finding
proprietary_gpt,x13-018,1,False,True,False,False,False,5,4,4,4,,False,2026-08-08T10:36:47.060438+00:00,provider_or_action_timestamp,not_applicable,not_applicable,not_applicable,not_applicable,not_applicable,not_applicable,not_available,negative_or_no_verified_finding
proprietary_gpt,x13-018,2,False,True,False,False,False,5,4,4,4,,False,2026-08-08T10:38:47.224699+00:00,provider_or_action_timestamp,not_applicable,not_applicable,not_applicable,not_applicable,not_applicable,not_applicable,not_available,negative_or_no_verified_finding
proprietary_gpt,x13-018,3,False,True,False,False,False,5,4,4,4,,False,2026-08-08T10:40:46.949637+00:00,provider_or_action_timestamp,not_applicable,not_applicable,not_applicable,not_applicable,not_applicable,not_applicable,not_available,negative_or_no_verified_finding
proprietary_gpt,x13-018,4,False,True,False,False,False,5,4,4,4,,False,2026-08-08T10:42:57.969696+00:00,provider_or_action_timestamp,not_applicable,not_applicable,not_applicable,not_applicable,not_applicable,not_applicable,not_available,negative_or_no_verified_finding
proprietary_gpt,x13-018,5,False,True,False,False,False,5,4,4,4,,False,2026-08-08T10:45:00.575087+00:00,provider_or_action_timestamp,not_applicable,not_applicable,not_applicable,not_applicable,not_applicable,not_applicable,not_available,negative_or_no_verified_finding
proprietary_gpt,x13-019,1,False,True,False,False,False,6,4,4,4,,False,2026-08-08T10:36:51.426010+00:00,provider_or_action_timestamp,not_applicable,not_applicable,not_applicable,not_applicable,not_applicable,not_applicable,not_available,negative_or_no_verified_finding
proprietary_gpt,x13-019,2,False,True,False,False,False,6,4,4,4,,False,2026-08-08T10:38:53.155151+00:00,provider_or_action_timestamp,not_applicable,not_applicable,not_applicable,not_applicable,not_applicable,not_applicable,not_available,negative_or_no_verified_finding
proprietary_gpt,x13-019,3,False,True,False,False,False,6,4,4,4,,False,2026-08-08T10:40:52.240609+00:00,provider_or_action_timestamp,not_applicable,not_applicable,not_applicable,not_applicable,not_applicable,not_applicable,not_available,negative_or_no_verified_finding
proprietary_gpt,x13-019,4,False,True,False,False,False,6,4,4,4,,False,2026-08-08T10:43:02.723462+00:00,provider_or_action_timestamp,not_applicable,not_applicable,not_applicable,not_applicable,not_applicable,not_applicable,not_available,negative_or_no_verified_finding
proprietary_gpt,x13-019,5,False,True,False,False,False,6,4,4,4,,False,2026-08-08T10:45:05.378648+00:00,provider_or_action_timestamp,not_applicable,not_applicable,not_applicable,not_applicable,not_applicable,not_applicable,not_available,negative_or_no_verified_finding
proprietary_gpt,x13-020,1,False,True,False,False,False,7,4,4,4,,False,2026-08-08T10:36:57.784969+00:00,provider_or_action_timestamp,not_applicable,not_applicable,not_applicable,not_applicable,not_applicable,not_applicable,not_available,negative_or_no_verified_finding
proprietary_gpt,x13-020,2,False,True,False,False,False,7,4,4,4,,False,2026-08-08T10:38:58.216650+00:00,provider_or_action_timestamp,not_applicable,not_applicable,not_applicable,not_applicable,not_applicable,not_applicable,not_available,negative_or_no_verified_finding
proprietary_gpt,x13-020,3,False,True,False,False,False,7,4,4,4,,False,2026-08-08T10:40:58.398510+00:00,provider_or_action_timestamp,not_applicable,not_applicable,not_applicable,not_applicable,not_applicable,not_applicable,not_available,negative_or_no_verified_finding
proprietary_gpt,x13-020,4,False,True,False,False,False,7,4,4,4,,False,2026-08-08T10:43:08.062484+00:00,provider_or_action_timestamp,not_applicable,not_applicable,not_applicable,not_applicable,not_applicable,not_applicable,not_available,negative_or_no_verified_finding
proprietary_gpt,x13-020,5,False,True,False,False,False,7,4,4,4,,False,2026-08-08T10:45:10.829570+00:00,provider_or_action_timestamp,not_applicable,not_applicable,not_applicable,not_applicable,not_applicable,not_applicable,not_available,negative_or_no_verified_finding
proprietary_gpt,x13-021,1,False,True,False,False,False,6,4,4,4,,False,2026-08-08T10:37:02.983901+00:00,provider_or_action_timestamp,not_applicable,not_applicable,not_applicable,not_applicable,not_applicable,not_applicable,not_available,negative_or_no_verified_finding
proprietary_gpt,x13-021,2,False,True,False,False,False,6,4,4,4,,False,2026-08-08T10:39:04.155070+00:00,provider_or_action_timestamp,not_applicable,not_applicable,not_applicable,not_applicable,not_applicable,not_applicable,not_available,negative_or_no_verified_finding
proprietary_gpt,x13-021,3,False,True,False,False,False,6,4,4,4,,False,2026-08-08T10:41:03.657286+00:00,provider_or_action_timestamp,not_applicable,not_applicable,not_applicable,not_applicable,not_applicable,not_applicable,not_available,negative_or_no_verified_finding
proprietary_gpt,x13-021,4,False,True,False,False,False,6,4,4,4,,False,2026-08-08T10:43:13.677482+00:00,provider_or_action_timestamp,not_applicable,not_applicable,not_applicable,not_applicable,not_applicable,not_applicable,not_available,negative_or_no_verified_finding
proprietary_gpt,x13-021,5,False,True,False,False,False,6,4,4,4,,False,2026-08-08T10:45:18.077869+00:00,provider_or_action_timestamp,not_applicable,not_applicable,not_applicable,not_applicable,not_applicable,not_applicable,not_available,negative_or_no_verified_finding
proprietary_gpt,x13-022,1,False,True,False,False,False,6,4,4,4,,False,2026-08-08T10:37:07.182689+00:00,provider_or_action_timestamp,not_applicable,not_applicable,not_applicable,not_applicable,not_applicable,not_applicable,not_available,negative_or_no_verified_finding
proprietary_gpt,x13-022,2,False,True,False,False,False,6,4,4,4,,False,2026-08-08T10:39:09.162479+00:00,provider_or_action_timestamp,not_applicable,not_applicable,not_applicable,not_applicable,not_applicable,not_applicable,not_available,negative_or_no_verified_finding
proprietary_gpt,x13-022,3,False,True,False,False,False,6,4,4,4,,False,2026-08-08T10:41:08.873023+00:00,provider_or_action_timestamp,not_applicable,not_applicable,not_applicable,not_applicable,not_applicable,not_applicable,not_available,negative_or_no_verified_finding
proprietary_gpt,x13-022,4,False,True,False,False,False,6,4,4,4,,False,2026-08-08T10:43:18.140238+00:00,provider_or_action_timestamp,not_applicable,not_applicable,not_applicable,not_applicable,not_applicable,not_applicable,not_available,negative_or_no_verified_finding
proprietary_gpt,x13-022,5,False,True,False,False,False,6,4,4,4,,False,2026-08-08T10:45:22.946856+00:00,provider_or_action_timestamp,not_applicable,not_applicable,not_applicable,not_applicable,not_applicable,not_applicable,not_available,negative_or_no_verified_finding
proprietary_gpt,x13-023,1,False,True,False,False,False,8,4,4,4,,False,2026-08-08T10:37:13.810754+00:00,provider_or_action_timestamp,not_applicable,not_applicable,not_applicable,not_applicable,not_applicable,not_applicable,not_available,negative_or_no_verified_finding
proprietary_gpt,x13-023,2,False,True,False,False,False,8,4,4,4,,False,2026-08-08T10:39:15.049294+00:00,provider_or_action_timestamp,not_applicable,not_applicable,not_applicable,not_applicable,not_applicable,not_applicable,not_available,negative_or_no_verified_finding
proprietary_gpt,x13-023,3,False,False,True,False,False,8,4,4,4,,False,2026-08-08T10:41:13.916933+00:00,provider_or_action_timestamp,not_applicable,not_applicable,not_applicable,not_applicable,not_applicable,not_applicable,not_available,negative_or_no_verified_finding
proprietary_gpt,x13-023,4,False,True,False,False,False,8,4,4,4,,False,2026-08-08T10:43:23.817662+00:00,provider_or_action_timestamp,not_applicable,not_applicable,not_applicable,not_applicable,not_applicable,not_applicable,not_available,negative_or_no_verified_finding
proprietary_gpt,x13-023,5,False,True,False,False,False,8,4,4,4,,False,2026-08-08T10:45:29.846206+00:00,provider_or_action_timestamp,not_applicable,not_applicable,not_applicable,not_applicable,not_applicable,not_applicable,not_available,negative_or_no_verified_finding
proprietary_gpt,x13-024,1,False,True,False,False,False,4,4,4,4,,False,2026-08-08T10:37:18.120086+00:00,provider_or_action_timestamp,not_applicable,not_applicable,not_applicable,not_applicable,not_applicable,not_applicable,not_available,negative_or_no_verified_finding
proprietary_gpt,x13-024,2,False,True,False,False,False,4,4,4,4,,False,2026-08-08T10:39:19.417882+00:00,provider_or_action_timestamp,not_applicable,not_applicable,not_applicable,not_applicable,not_applicable,not_applicable,not_available,negative_or_no_verified_finding
proprietary_gpt,x13-024,3,False,True,False,False,False,4,4,4,4,,False,2026-08-08T10:41:17.800460+00:00,provider_or_action_timestamp,not_applicable,not_applicable,not_applicable,not_applicable,not_applicable,not_applicable,not_available,negative_or_no_verified_finding
proprietary_gpt,x13-024,4,False,True,False,False,False,4,4,4,4,,False,2026-08-08T10:43:29.022027+00:00,provider_or_action_timestamp,not_applicable,not_applicable,not_applicable,not_applicable,not_applicable,not_applicable,not_available,negative_or_no_verified_finding
proprietary_gpt,x13-024,5,False,True,False,False,False,4,4,4,4,,False,2026-08-08T10:45:34.847552+00:00,provider_or_action_timestamp,not_applicable,not_applicable,not_applicable,not_applicable,not_applicable,not_applicable,not_available,negative_or_no_verified_finding
