candidate_id,action_path,method,parameter_name,source,input_type,editable_input_count,required_input_count,parameter_count,evaluation_role,compatibility_class
ox14-c000001,/external-v14/case-000001,GET,header_000001,request_header,header,1,0,1,FINAL_CONFIRMATORY_ELIGIBLE,ADAPTER_SUPPORTED
ox14-c000002,/external-v14/case-000002,GET,header_000002,request_header,header,1,0,1,FINAL_CONFIRMATORY_ELIGIBLE,ADAPTER_SUPPORTED
ox14-c000003,/external-v14/case-000003,GET,input_000003,request_parameter_map,text,1,0,1,FINAL_CONFIRMATORY_ELIGIBLE,DIRECT
ox14-c000004,/external-v14/case-000004,GET,input_000004,dynamic_parameter_name,text,1,1,2,FINAL_CONFIRMATORY_ELIGIBLE,ADAPTER_SUPPORTED
ox14-c000005,/external-v14/case-000005,GET,input_000005,request_parameter,text,1,0,1,FINAL_CONFIRMATORY_ELIGIBLE,DIRECT
ox14-c000006,/external-v14/case-000006,GET,input_000006,query_string,text,1,0,1,FINAL_CONFIRMATORY_ELIGIBLE,DIRECT
ox14-c000007,/external-v14/case-000007,GET,input_000007,query_string,text,1,0,1,FINAL_CONFIRMATORY_ELIGIBLE,DIRECT
ox14-c000008,/external-v14/case-000008,GET,input_000008,query_string,text,1,0,1,FINAL_CONFIRMATORY_ELIGIBLE,DIRECT
ox14-c000009,/external-v14/case-000009,GET,header_000009,request_header,header,1,0,1,FINAL_CONFIRMATORY_ELIGIBLE,ADAPTER_SUPPORTED
ox14-c000010,/external-v14/case-000010,GET,header_000010,request_header,header,1,0,1,FINAL_CONFIRMATORY_ELIGIBLE,ADAPTER_SUPPORTED
ox14-c000011,/external-v14/case-000011,GET,header_000011,request_header,header,1,0,1,FINAL_CONFIRMATORY_ELIGIBLE,ADAPTER_SUPPORTED
ox14-c000012,/external-v14/case-000012,GET,header_000012,request_header,header,1,0,1,FINAL_CONFIRMATORY_ELIGIBLE,ADAPTER_SUPPORTED
ox14-c000013,/external-v14/case-000013,GET,header_000013,request_header,header,1,0,1,FINAL_CONFIRMATORY_ELIGIBLE,ADAPTER_SUPPORTED
ox14-c000014,/external-v14/case-000014,GET,header_000014,request_header,header,1,0,1,FINAL_CONFIRMATORY_ELIGIBLE,ADAPTER_SUPPORTED
ox14-c000015,/external-v14/case-000015,GET,header_000015,request_header,header,1,0,1,FINAL_CONFIRMATORY_ELIGIBLE,ADAPTER_SUPPORTED
ox14-c000016,/external-v14/case-000016,GET,header_000016,request_header,header,1,0,1,FINAL_CONFIRMATORY_ELIGIBLE,ADAPTER_SUPPORTED
ox14-c000017,/external-v14/case-000017,GET,header_000017,request_header,header,1,0,1,FINAL_CONFIRMATORY_ELIGIBLE,ADAPTER_SUPPORTED
ox14-c000018,/external-v14/case-000018,GET,header_000018,request_header,header,1,0,1,FINAL_CONFIRMATORY_ELIGIBLE,ADAPTER_SUPPORTED
ox14-c000019,/external-v14/case-000019,GET,header_000019,request_header,header,1,0,1,FINAL_CONFIRMATORY_ELIGIBLE,ADAPTER_SUPPORTED
ox14-c000020,/external-v14/case-000020,GET,header_000020,request_header,header,1,0,1,FINAL_CONFIRMATORY_ELIGIBLE,ADAPTER_SUPPORTED
ox14-c000021,/external-v14/case-000021,GET,header_000021,request_header,header,1,0,1,FINAL_CONFIRMATORY_ELIGIBLE,ADAPTER_SUPPORTED
ox14-c000022,/external-v14/case-000022,GET,header_000022,request_header,header,1,0,1,FINAL_CONFIRMATORY_ELIGIBLE,ADAPTER_SUPPORTED
ox14-c000023,/external-v14/case-000023,GET,header_000023,request_header,header,1,0,1,FINAL_CONFIRMATORY_ELIGIBLE,ADAPTER_SUPPORTED
ox14-c000024,/external-v14/case-000024,GET,header_000024,request_header,header,1,0,1,FINAL_CONFIRMATORY_ELIGIBLE,ADAPTER_SUPPORTED
ox14-c000025,/external-v14/case-000025,GET,header_000025,request_header,header,1,0,1,FINAL_CONFIRMATORY_ELIGIBLE,ADAPTER_SUPPORTED
ox14-c000026,/external-v14/case-000026,GET,header_000026,request_header,header,1,0,1,FINAL_CONFIRMATORY_ELIGIBLE,ADAPTER_SUPPORTED
ox14-c000027,/external-v14/case-000027,GET,header_000027,request_header,header,1,0,1,FINAL_CONFIRMATORY_ELIGIBLE,ADAPTER_SUPPORTED
ox14-c000029,/external-v14/case-000029,GET,header_000029,request_header,header,1,0,1,FINAL_CONFIRMATORY_ELIGIBLE,ADAPTER_SUPPORTED
ox14-c000030,/external-v14/case-000030,GET,header_000030,request_header,header,1,0,1,FINAL_CONFIRMATORY_ELIGIBLE,ADAPTER_SUPPORTED
ox14-c000031,/external-v14/case-000031,GET,header_000031,request_header,header,1,0,1,FINAL_CONFIRMATORY_ELIGIBLE,ADAPTER_SUPPORTED
ox14-c000032,/external-v14/case-000032,GET,header_000032,request_header,header,1,0,1,FINAL_CONFIRMATORY_ELIGIBLE,ADAPTER_SUPPORTED
ox14-c000033,/external-v14/case-000033,GET,header_000033,request_header,header,1,0,1,FINAL_CONFIRMATORY_ELIGIBLE,ADAPTER_SUPPORTED
ox14-c000034,/external-v14/case-000034,GET,header_000034,request_header,header,1,0,1,FINAL_CONFIRMATORY_ELIGIBLE,ADAPTER_SUPPORTED
ox14-c000035,/external-v14/case-000035,GET,header_000035,request_header,header,1,0,1,FINAL_CONFIRMATORY_ELIGIBLE,ADAPTER_SUPPORTED
ox14-c000036,/external-v14/case-000036,GET,header_000036,request_header,header,1,0,1,FINAL_CONFIRMATORY_ELIGIBLE,ADAPTER_SUPPORTED
ox14-c000037,/external-v14/case-000037,GET,header_000037,request_header,header,1,0,1,FINAL_CONFIRMATORY_ELIGIBLE,ADAPTER_SUPPORTED
ox14-c000038,/external-v14/case-000038,GET,header_000038,request_header,header,1,0,1,FINAL_CONFIRMATORY_ELIGIBLE,ADAPTER_SUPPORTED
ox14-c000039,/external-v14/case-000039,GET,header_000039,request_header,header,1,0,1,FINAL_CONFIRMATORY_ELIGIBLE,ADAPTER_SUPPORTED
ox14-c000040,/external-v14/case-000040,GET,header_000040,request_header,header,1,0,1,FINAL_CONFIRMATORY_ELIGIBLE,ADAPTER_SUPPORTED
ox14-c000041,/external-v14/case-000041,GET,header_000041,request_header,header,1,0,1,FINAL_CONFIRMATORY_ELIGIBLE,ADAPTER_SUPPORTED
ox14-c000042,/external-v14/case-000042,GET,input_000042,request_parameter,text,1,0,1,FINAL_CONFIRMATORY_ELIGIBLE,DIRECT
ox14-c000043,/external-v14/case-000043,GET,input_000043,request_parameter,text,1,0,1,FINAL_CONFIRMATORY_ELIGIBLE,DIRECT
ox14-c000044,/external-v14/case-000044,GET,input_000044,request_parameter,text,1,0,1,FINAL_CONFIRMATORY_ELIGIBLE,DIRECT
ox14-c000045,/external-v14/case-000045,GET,input_000045,request_parameter,text,1,0,1,FINAL_CONFIRMATORY_ELIGIBLE,DIRECT
ox14-c000046,/external-v14/case-000046,GET,input_000046,request_parameter,text,1,0,1,FINAL_CONFIRMATORY_ELIGIBLE,DIRECT
ox14-c000047,/external-v14/case-000047,GET,input_000047,request_parameter,text,1,0,1,FINAL_CONFIRMATORY_ELIGIBLE,DIRECT
ox14-c000048,/external-v14/case-000048,GET,input_000048,request_parameter,text,1,0,1,FINAL_CONFIRMATORY_ELIGIBLE,DIRECT
ox14-c000049,/external-v14/case-000049,GET,input_000049,request_parameter,text,1,0,1,FINAL_CONFIRMATORY_ELIGIBLE,DIRECT
ox14-c000050,/external-v14/case-000050,GET,input_000050,request_parameter,text,1,0,1,FINAL_CONFIRMATORY_ELIGIBLE,DIRECT
ox14-c000051,/external-v14/case-000051,GET,input_000051,request_parameter,text,1,0,1,FINAL_CONFIRMATORY_ELIGIBLE,DIRECT
ox14-c000052,/external-v14/case-000052,GET,input_000052,request_parameter,text,1,0,1,FINAL_CONFIRMATORY_ELIGIBLE,DIRECT
ox14-c000053,/external-v14/case-000053,GET,input_000053,request_parameter,text,1,0,1,FINAL_CONFIRMATORY_ELIGIBLE,DIRECT
ox14-c000054,/external-v14/case-000054,GET,input_000054,request_parameter,text,1,0,1,FINAL_CONFIRMATORY_ELIGIBLE,DIRECT
ox14-c000055,/external-v14/case-000055,GET,input_000055,request_parameter,text,1,0,1,FINAL_CONFIRMATORY_ELIGIBLE,DIRECT
ox14-c000056,/external-v14/case-000056,GET,input_000056,request_parameter,text,1,0,1,FINAL_CONFIRMATORY_ELIGIBLE,DIRECT
ox14-c000057,/external-v14/case-000057,GET,input_000057,request_parameter,text,1,0,1,FINAL_CONFIRMATORY_ELIGIBLE,DIRECT
ox14-c000058,/external-v14/case-000058,GET,input_000058,request_parameter,text,1,0,1,FINAL_CONFIRMATORY_ELIGIBLE,DIRECT
ox14-c000059,/external-v14/case-000059,GET,input_000059,request_parameter,text,1,0,1,FINAL_CONFIRMATORY_ELIGIBLE,DIRECT
ox14-c000060,/external-v14/case-000060,GET,input_000060,request_parameter,text,1,0,1,FINAL_CONFIRMATORY_ELIGIBLE,DIRECT
ox14-c000061,/external-v14/case-000061,GET,input_000061,request_parameter,text,1,0,1,FINAL_CONFIRMATORY_ELIGIBLE,DIRECT
ox14-c000062,/external-v14/case-000062,GET,input_000062,request_parameter,text,1,0,1,FINAL_CONFIRMATORY_ELIGIBLE,DIRECT
ox14-c000063,/external-v14/case-000063,GET,input_000063,request_parameter_map,text,1,0,1,FINAL_CONFIRMATORY_ELIGIBLE,DIRECT
ox14-c000064,/external-v14/case-000064,GET,input_000064,request_parameter_map,text,1,0,1,FINAL_CONFIRMATORY_ELIGIBLE,DIRECT
ox14-c000065,/external-v14/case-000065,GET,input_000065,request_parameter_map,text,1,0,1,FINAL_CONFIRMATORY_ELIGIBLE,DIRECT
ox14-c000066,/external-v14/case-000066,GET,input_000066,request_parameter_map,text,1,0,1,FINAL_CONFIRMATORY_ELIGIBLE,DIRECT
ox14-c000067,/external-v14/case-000067,GET,input_000067,request_parameter_map,text,1,0,1,FINAL_CONFIRMATORY_ELIGIBLE,DIRECT
ox14-c000068,/external-v14/case-000068,GET,input_000068,request_parameter_map,text,1,0,1,FINAL_CONFIRMATORY_ELIGIBLE,DIRECT
ox14-c000069,/external-v14/case-000069,GET,input_000069,request_parameter_map,text,1,0,1,FINAL_CONFIRMATORY_ELIGIBLE,DIRECT
ox14-c000070,/external-v14/case-000070,GET,input_000070,request_parameter_map,text,1,0,1,FINAL_CONFIRMATORY_ELIGIBLE,DIRECT
ox14-c000071,/external-v14/case-000071,GET,input_000071,request_parameter_map,text,1,0,1,FINAL_CONFIRMATORY_ELIGIBLE,DIRECT
ox14-c000072,/external-v14/case-000072,GET,input_000072,request_parameter_map,text,1,0,1,FINAL_CONFIRMATORY_ELIGIBLE,DIRECT
ox14-c000073,/external-v14/case-000073,GET,input_000073,request_parameter_map,text,1,0,1,FINAL_CONFIRMATORY_ELIGIBLE,DIRECT
ox14-c000074,/external-v14/case-000074,GET,input_000074,request_parameter_map,text,1,0,1,FINAL_CONFIRMATORY_ELIGIBLE,DIRECT
ox14-c000075,/external-v14/case-000075,GET,input_000075,request_parameter_map,text,1,0,1,FINAL_CONFIRMATORY_ELIGIBLE,DIRECT
ox14-c000076,/external-v14/case-000076,GET,input_000076,request_parameter_map,text,1,0,1,FINAL_CONFIRMATORY_ELIGIBLE,DIRECT
ox14-c000077,/external-v14/case-000077,GET,input_000077,request_parameter_map,text,1,0,1,FINAL_CONFIRMATORY_ELIGIBLE,DIRECT
ox14-c000078,/external-v14/case-000078,GET,input_000078,dynamic_parameter_name,text,1,1,2,FINAL_CONFIRMATORY_ELIGIBLE,ADAPTER_SUPPORTED
ox14-c000079,/external-v14/case-000079,GET,input_000079,dynamic_parameter_name,text,1,1,2,FINAL_CONFIRMATORY_ELIGIBLE,ADAPTER_SUPPORTED
ox14-c000081,/external-v14/case-000081,GET,input_000081,dynamic_parameter_name,text,1,1,2,FINAL_CONFIRMATORY_ELIGIBLE,ADAPTER_SUPPORTED
ox14-c000082,/external-v14/case-000082,GET,input_000082,dynamic_parameter_name,text,1,1,2,FINAL_CONFIRMATORY_ELIGIBLE,ADAPTER_SUPPORTED
ox14-c000083,/external-v14/case-000083,GET,input_000083,dynamic_parameter_name,text,1,1,2,FINAL_CONFIRMATORY_ELIGIBLE,ADAPTER_SUPPORTED
ox14-c000084,/external-v14/case-000084,GET,input_000084,dynamic_parameter_name,text,1,1,2,FINAL_CONFIRMATORY_ELIGIBLE,ADAPTER_SUPPORTED
ox14-c000085,/external-v14/case-000085,GET,input_000085,dynamic_parameter_name,text,1,1,2,FINAL_CONFIRMATORY_ELIGIBLE,ADAPTER_SUPPORTED
ox14-c000086,/external-v14/case-000086,GET,input_000086,dynamic_parameter_name,text,1,1,2,FINAL_CONFIRMATORY_ELIGIBLE,ADAPTER_SUPPORTED
ox14-c000087,/external-v14/case-000087,GET,input_000087,dynamic_parameter_name,text,1,1,2,FINAL_CONFIRMATORY_ELIGIBLE,ADAPTER_SUPPORTED
ox14-c000088,/external-v14/case-000088,GET,input_000088,dynamic_parameter_name,text,1,1,2,FINAL_CONFIRMATORY_ELIGIBLE,ADAPTER_SUPPORTED
ox14-c000089,/external-v14/case-000089,GET,input_000089,dynamic_parameter_name,text,1,1,2,FINAL_CONFIRMATORY_ELIGIBLE,ADAPTER_SUPPORTED
ox14-c000090,/external-v14/case-000090,GET,input_000090,dynamic_parameter_name,text,1,1,2,FINAL_CONFIRMATORY_ELIGIBLE,ADAPTER_SUPPORTED
ox14-c000091,/external-v14/case-000091,GET,input_000091,dynamic_parameter_name,text,1,1,2,FINAL_CONFIRMATORY_ELIGIBLE,ADAPTER_SUPPORTED
ox14-c000092,/external-v14/case-000092,GET,input_000092,dynamic_parameter_name,text,1,1,2,FINAL_CONFIRMATORY_ELIGIBLE,ADAPTER_SUPPORTED
ox14-c000093,/external-v14/case-000093,GET,input_000093,dynamic_parameter_name,text,1,1,2,FINAL_CONFIRMATORY_ELIGIBLE,ADAPTER_SUPPORTED
ox14-c000094,/external-v14/case-000094,GET,input_000094,dynamic_parameter_name,text,1,1,2,FINAL_CONFIRMATORY_ELIGIBLE,ADAPTER_SUPPORTED
ox14-c000095,/external-v14/case-000095,GET,input_000095,request_parameter,text,1,0,1,FINAL_CONFIRMATORY_ELIGIBLE,DIRECT
ox14-c000096,/external-v14/case-000096,GET,input_000096,request_parameter,text,1,0,1,FINAL_CONFIRMATORY_ELIGIBLE,DIRECT
ox14-c000097,/external-v14/case-000097,GET,input_000097,request_parameter,text,1,0,1,FINAL_CONFIRMATORY_ELIGIBLE,DIRECT
ox14-c000098,/external-v14/case-000098,GET,input_000098,request_parameter,text,1,0,1,FINAL_CONFIRMATORY_ELIGIBLE,DIRECT
ox14-c000099,/external-v14/case-000099,GET,input_000099,request_parameter,text,1,0,1,FINAL_CONFIRMATORY_ELIGIBLE,DIRECT
ox14-c000100,/external-v14/case-000100,GET,input_000100,request_parameter,text,1,0,1,FINAL_CONFIRMATORY_ELIGIBLE,DIRECT
ox14-c000101,/external-v14/case-000101,GET,input_000101,request_parameter,text,1,0,1,FINAL_CONFIRMATORY_ELIGIBLE,DIRECT
ox14-c000102,/external-v14/case-000102,GET,input_000102,request_parameter,text,1,0,1,FINAL_CONFIRMATORY_ELIGIBLE,DIRECT
ox14-c000103,/external-v14/case-000103,GET,input_000103,request_parameter,text,1,0,1,FINAL_CONFIRMATORY_ELIGIBLE,DIRECT
ox14-c000104,/external-v14/case-000104,GET,input_000104,request_parameter,text,1,0,1,FINAL_CONFIRMATORY_ELIGIBLE,DIRECT
ox14-c000105,/external-v14/case-000105,GET,input_000105,request_parameter,text,1,0,1,FINAL_CONFIRMATORY_ELIGIBLE,DIRECT
ox14-c000106,/external-v14/case-000106,GET,input_000106,request_parameter,text,1,0,1,FINAL_CONFIRMATORY_ELIGIBLE,DIRECT
ox14-c000107,/external-v14/case-000107,GET,input_000107,request_parameter,text,1,0,1,FINAL_CONFIRMATORY_ELIGIBLE,DIRECT
ox14-c000108,/external-v14/case-000108,GET,input_000108,request_parameter,text,1,0,1,FINAL_CONFIRMATORY_ELIGIBLE,DIRECT
ox14-c000109,/external-v14/case-000109,GET,input_000109,request_parameter,text,1,0,1,FINAL_CONFIRMATORY_ELIGIBLE,DIRECT
ox14-c000110,/external-v14/case-000110,GET,input_000110,request_parameter,text,1,0,1,FINAL_CONFIRMATORY_ELIGIBLE,DIRECT
ox14-c000111,/external-v14/case-000111,GET,input_000111,request_parameter,text,1,0,1,FINAL_CONFIRMATORY_ELIGIBLE,DIRECT
ox14-c000112,/external-v14/case-000112,GET,input_000112,request_parameter,text,1,0,1,FINAL_CONFIRMATORY_ELIGIBLE,DIRECT
ox14-c000113,/external-v14/case-000113,GET,input_000113,request_parameter,text,1,0,1,FINAL_CONFIRMATORY_ELIGIBLE,DIRECT
ox14-c000114,/external-v14/case-000114,GET,input_000114,request_parameter,text,1,0,1,FINAL_CONFIRMATORY_ELIGIBLE,DIRECT
ox14-c000115,/external-v14/case-000115,GET,input_000115,request_parameter,text,1,0,1,FINAL_CONFIRMATORY_ELIGIBLE,DIRECT
ox14-c000116,/external-v14/case-000116,GET,input_000116,request_parameter,text,1,0,1,FINAL_CONFIRMATORY_ELIGIBLE,DIRECT
ox14-c000117,/external-v14/case-000117,GET,input_000117,request_parameter,text,1,0,1,FINAL_CONFIRMATORY_ELIGIBLE,DIRECT
ox14-c000118,/external-v14/case-000118,GET,input_000118,request_parameter,text,1,0,1,FINAL_CONFIRMATORY_ELIGIBLE,DIRECT
ox14-c000119,/external-v14/case-000119,GET,input_000119,request_parameter,text,1,0,1,FINAL_CONFIRMATORY_ELIGIBLE,DIRECT
ox14-c000120,/external-v14/case-000120,GET,input_000120,request_parameter,text,1,0,1,FINAL_CONFIRMATORY_ELIGIBLE,DIRECT
ox14-c000121,/external-v14/case-000121,GET,input_000121,request_parameter,text,1,0,1,FINAL_CONFIRMATORY_ELIGIBLE,DIRECT
ox14-c000122,/external-v14/case-000122,GET,input_000122,request_parameter,text,1,0,1,FINAL_CONFIRMATORY_ELIGIBLE,DIRECT
ox14-c000123,/external-v14/case-000123,GET,input_000123,request_parameter,text,1,0,1,FINAL_CONFIRMATORY_ELIGIBLE,DIRECT
ox14-c000124,/external-v14/case-000124,GET,input_000124,request_parameter,text,1,0,1,FINAL_CONFIRMATORY_ELIGIBLE,DIRECT
ox14-c000125,/external-v14/case-000125,GET,input_000125,request_parameter,text,1,0,1,FINAL_CONFIRMATORY_ELIGIBLE,DIRECT
ox14-c000126,/external-v14/case-000126,GET,input_000126,request_parameter,text,1,0,1,FINAL_CONFIRMATORY_ELIGIBLE,DIRECT
ox14-c000127,/external-v14/case-000127,GET,input_000127,query_string,text,1,0,1,FINAL_CONFIRMATORY_ELIGIBLE,DIRECT
ox14-c000128,/external-v14/case-000128,GET,input_000128,query_string,text,1,0,1,FINAL_CONFIRMATORY_ELIGIBLE,DIRECT
ox14-c000129,/external-v14/case-000129,GET,input_000129,query_string,text,1,0,1,FINAL_CONFIRMATORY_ELIGIBLE,DIRECT
ox14-c000130,/external-v14/case-000130,GET,input_000130,query_string,text,1,0,1,FINAL_CONFIRMATORY_ELIGIBLE,DIRECT
ox14-c000131,/external-v14/case-000131,GET,input_000131,query_string,text,1,0,1,FINAL_CONFIRMATORY_ELIGIBLE,DIRECT
ox14-c000132,/external-v14/case-000132,GET,input_000132,query_string,text,1,0,1,FINAL_CONFIRMATORY_ELIGIBLE,DIRECT
ox14-c000133,/external-v14/case-000133,GET,input_000133,query_string,text,1,0,1,FINAL_CONFIRMATORY_ELIGIBLE,DIRECT
ox14-c000134,/external-v14/case-000134,GET,input_000134,query_string,text,1,0,1,FINAL_CONFIRMATORY_ELIGIBLE,DIRECT
ox14-c000135,/external-v14/case-000135,GET,input_000135,query_string,text,1,0,1,FINAL_CONFIRMATORY_ELIGIBLE,DIRECT
ox14-c000136,/external-v14/case-000136,GET,input_000136,query_string,text,1,0,1,FINAL_CONFIRMATORY_ELIGIBLE,DIRECT
ox14-c000137,/external-v14/case-000137,GET,input_000137,query_string,text,1,0,1,FINAL_CONFIRMATORY_ELIGIBLE,DIRECT
ox14-c000138,/external-v14/case-000138,GET,input_000138,query_string,text,1,0,1,FINAL_CONFIRMATORY_ELIGIBLE,DIRECT
ox14-c000139,/external-v14/case-000139,GET,input_000139,query_string,text,1,0,1,FINAL_CONFIRMATORY_ELIGIBLE,DIRECT
ox14-c000140,/external-v14/case-000140,GET,input_000140,query_string,text,1,0,1,FINAL_CONFIRMATORY_ELIGIBLE,DIRECT
ox14-c000141,/external-v14/case-000141,GET,input_000141,query_string,text,1,0,1,FINAL_CONFIRMATORY_ELIGIBLE,DIRECT
ox14-c000142,/external-v14/case-000142,GET,input_000142,query_string,text,1,0,1,FINAL_CONFIRMATORY_ELIGIBLE,DIRECT
ox14-c000159,/external-v14/case-000159,GET,header_000159,request_header,header,1,0,1,FINAL_CONFIRMATORY_ELIGIBLE,ADAPTER_SUPPORTED
ox14-c000160,/external-v14/case-000160,GET,header_000160,request_header,header,1,0,1,FINAL_CONFIRMATORY_ELIGIBLE,ADAPTER_SUPPORTED
ox14-c000161,/external-v14/case-000161,GET,header_000161,request_header,header,1,0,1,FINAL_CONFIRMATORY_ELIGIBLE,ADAPTER_SUPPORTED
ox14-c000162,/external-v14/case-000162,GET,header_000162,request_header,header,1,0,1,FINAL_CONFIRMATORY_ELIGIBLE,ADAPTER_SUPPORTED
ox14-c000163,/external-v14/case-000163,GET,header_000163,request_header,header,1,0,1,FINAL_CONFIRMATORY_ELIGIBLE,ADAPTER_SUPPORTED
ox14-c000164,/external-v14/case-000164,GET,header_000164,request_header,header,1,0,1,FINAL_CONFIRMATORY_ELIGIBLE,ADAPTER_SUPPORTED
ox14-c000165,/external-v14/case-000165,GET,header_000165,request_header,header,1,0,1,FINAL_CONFIRMATORY_ELIGIBLE,ADAPTER_SUPPORTED
ox14-c000167,/external-v14/case-000167,GET,header_000167,request_header,header,1,0,1,FINAL_CONFIRMATORY_ELIGIBLE,ADAPTER_SUPPORTED
ox14-c000168,/external-v14/case-000168,GET,header_000168,request_header,header,1,0,1,FINAL_CONFIRMATORY_ELIGIBLE,ADAPTER_SUPPORTED
ox14-c000169,/external-v14/case-000169,GET,header_000169,request_header,header,1,0,1,FINAL_CONFIRMATORY_ELIGIBLE,ADAPTER_SUPPORTED
ox14-c000170,/external-v14/case-000170,GET,header_000170,request_header,header,1,0,1,FINAL_CONFIRMATORY_ELIGIBLE,ADAPTER_SUPPORTED
ox14-c000171,/external-v14/case-000171,GET,header_000171,request_header,header,1,0,1,FINAL_CONFIRMATORY_ELIGIBLE,ADAPTER_SUPPORTED
ox14-c000172,/external-v14/case-000172,GET,header_000172,request_header,header,1,0,1,FINAL_CONFIRMATORY_ELIGIBLE,ADAPTER_SUPPORTED
ox14-c000173,/external-v14/case-000173,GET,header_000173,request_header,header,1,0,1,FINAL_CONFIRMATORY_ELIGIBLE,ADAPTER_SUPPORTED
ox14-c000174,/external-v14/case-000174,GET,header_000174,request_header,header,1,0,1,FINAL_CONFIRMATORY_ELIGIBLE,ADAPTER_SUPPORTED
ox14-c000175,/external-v14/case-000175,GET,header_000175,request_header,header,1,0,1,FINAL_CONFIRMATORY_ELIGIBLE,ADAPTER_SUPPORTED
ox14-c000177,/external-v14/case-000177,GET,header_000177,request_header,header,1,0,1,FINAL_CONFIRMATORY_ELIGIBLE,ADAPTER_SUPPORTED
ox14-c000178,/external-v14/case-000178,GET,header_000178,request_header,header,1,0,1,FINAL_CONFIRMATORY_ELIGIBLE,ADAPTER_SUPPORTED
ox14-c000179,/external-v14/case-000179,GET,header_000179,request_header,header,1,0,1,FINAL_CONFIRMATORY_ELIGIBLE,ADAPTER_SUPPORTED
ox14-c000181,/external-v14/case-000181,GET,header_000181,request_header,header,1,0,1,FINAL_CONFIRMATORY_ELIGIBLE,ADAPTER_SUPPORTED
ox14-c000182,/external-v14/case-000182,GET,header_000182,request_header,header,1,0,1,FINAL_CONFIRMATORY_ELIGIBLE,ADAPTER_SUPPORTED
ox14-c000183,/external-v14/case-000183,GET,header_000183,request_header,header,1,0,1,FINAL_CONFIRMATORY_ELIGIBLE,ADAPTER_SUPPORTED
ox14-c000184,/external-v14/case-000184,GET,input_000184,request_parameter,text,1,0,1,FINAL_CONFIRMATORY_ELIGIBLE,DIRECT
ox14-c000185,/external-v14/case-000185,GET,input_000185,request_parameter,text,1,0,1,FINAL_CONFIRMATORY_ELIGIBLE,DIRECT
ox14-c000186,/external-v14/case-000186,GET,input_000186,request_parameter,text,1,0,1,FINAL_CONFIRMATORY_ELIGIBLE,DIRECT
ox14-c000188,/external-v14/case-000188,GET,input_000188,request_parameter,text,1,0,1,FINAL_CONFIRMATORY_ELIGIBLE,DIRECT
ox14-c000189,/external-v14/case-000189,GET,input_000189,request_parameter,text,1,0,1,FINAL_CONFIRMATORY_ELIGIBLE,DIRECT
ox14-c000190,/external-v14/case-000190,GET,input_000190,request_parameter,text,1,0,1,FINAL_CONFIRMATORY_ELIGIBLE,DIRECT
ox14-c000191,/external-v14/case-000191,GET,input_000191,request_parameter,text,1,0,1,FINAL_CONFIRMATORY_ELIGIBLE,DIRECT
ox14-c000192,/external-v14/case-000192,GET,input_000192,request_parameter,text,1,0,1,FINAL_CONFIRMATORY_ELIGIBLE,DIRECT
ox14-c000193,/external-v14/case-000193,GET,input_000193,request_parameter,text,1,0,1,FINAL_CONFIRMATORY_ELIGIBLE,DIRECT
ox14-c000194,/external-v14/case-000194,GET,input_000194,request_parameter,text,1,0,1,FINAL_CONFIRMATORY_ELIGIBLE,DIRECT
ox14-c000195,/external-v14/case-000195,GET,input_000195,request_parameter,text,1,0,1,FINAL_CONFIRMATORY_ELIGIBLE,DIRECT
ox14-c000196,/external-v14/case-000196,GET,input_000196,request_parameter,text,1,0,1,FINAL_CONFIRMATORY_ELIGIBLE,DIRECT
ox14-c000197,/external-v14/case-000197,GET,input_000197,request_parameter,text,1,0,1,FINAL_CONFIRMATORY_ELIGIBLE,DIRECT
ox14-c000198,/external-v14/case-000198,GET,input_000198,request_parameter,text,1,0,1,FINAL_CONFIRMATORY_ELIGIBLE,DIRECT
ox14-c000199,/external-v14/case-000199,GET,input_000199,request_parameter,text,1,0,1,FINAL_CONFIRMATORY_ELIGIBLE,DIRECT
ox14-c000200,/external-v14/case-000200,GET,input_000200,request_parameter,text,1,0,1,FINAL_CONFIRMATORY_ELIGIBLE,DIRECT
ox14-c000201,/external-v14/case-000201,GET,input_000201,request_parameter,text,1,0,1,FINAL_CONFIRMATORY_ELIGIBLE,DIRECT
ox14-c000202,/external-v14/case-000202,GET,input_000202,request_parameter,text,1,0,1,FINAL_CONFIRMATORY_ELIGIBLE,DIRECT
ox14-c000203,/external-v14/case-000203,GET,input_000203,request_parameter_map,text,1,0,1,FINAL_CONFIRMATORY_ELIGIBLE,DIRECT
ox14-c000204,/external-v14/case-000204,GET,input_000204,request_parameter_map,text,1,0,1,FINAL_CONFIRMATORY_ELIGIBLE,DIRECT
ox14-c000205,/external-v14/case-000205,GET,input_000205,request_parameter_map,text,1,0,1,FINAL_CONFIRMATORY_ELIGIBLE,DIRECT
ox14-c000207,/external-v14/case-000207,GET,input_000207,request_parameter_map,text,1,0,1,FINAL_CONFIRMATORY_ELIGIBLE,DIRECT
ox14-c000208,/external-v14/case-000208,GET,input_000208,request_parameter_map,text,1,0,1,FINAL_CONFIRMATORY_ELIGIBLE,DIRECT
ox14-c000209,/external-v14/case-000209,GET,input_000209,request_parameter_map,text,1,0,1,FINAL_CONFIRMATORY_ELIGIBLE,DIRECT
ox14-c000210,/external-v14/case-000210,GET,input_000210,request_parameter_map,text,1,0,1,FINAL_CONFIRMATORY_ELIGIBLE,DIRECT
ox14-c000211,/external-v14/case-000211,GET,input_000211,request_parameter_map,text,1,0,1,FINAL_CONFIRMATORY_ELIGIBLE,DIRECT
ox14-c000212,/external-v14/case-000212,GET,input_000212,request_parameter_map,text,1,0,1,FINAL_CONFIRMATORY_ELIGIBLE,DIRECT
ox14-c000214,/external-v14/case-000214,GET,input_000214,request_parameter_map,text,1,0,1,FINAL_CONFIRMATORY_ELIGIBLE,DIRECT
ox14-c000215,/external-v14/case-000215,GET,input_000215,request_parameter_map,text,1,0,1,FINAL_CONFIRMATORY_ELIGIBLE,DIRECT
ox14-c000216,/external-v14/case-000216,GET,input_000216,request_parameter_map,text,1,0,1,FINAL_CONFIRMATORY_ELIGIBLE,DIRECT
ox14-c000217,/external-v14/case-000217,GET,input_000217,request_parameter_map,text,1,0,1,FINAL_CONFIRMATORY_ELIGIBLE,DIRECT
ox14-c000218,/external-v14/case-000218,GET,input_000218,request_parameter_map,text,1,0,1,FINAL_CONFIRMATORY_ELIGIBLE,DIRECT
ox14-c000219,/external-v14/case-000219,GET,input_000219,request_parameter_map,text,1,0,1,FINAL_CONFIRMATORY_ELIGIBLE,DIRECT
ox14-c000220,/external-v14/case-000220,GET,input_000220,request_parameter_map,text,1,0,1,FINAL_CONFIRMATORY_ELIGIBLE,DIRECT
ox14-c000221,/external-v14/case-000221,GET,input_000221,dynamic_parameter_name,text,1,1,2,FINAL_CONFIRMATORY_ELIGIBLE,ADAPTER_SUPPORTED
ox14-c000222,/external-v14/case-000222,GET,input_000222,dynamic_parameter_name,text,1,1,2,FINAL_CONFIRMATORY_ELIGIBLE,ADAPTER_SUPPORTED
ox14-c000223,/external-v14/case-000223,GET,input_000223,dynamic_parameter_name,text,1,1,2,FINAL_CONFIRMATORY_ELIGIBLE,ADAPTER_SUPPORTED
ox14-c000224,/external-v14/case-000224,GET,input_000224,dynamic_parameter_name,text,1,1,2,FINAL_CONFIRMATORY_ELIGIBLE,ADAPTER_SUPPORTED
ox14-c000225,/external-v14/case-000225,GET,input_000225,dynamic_parameter_name,text,1,1,2,FINAL_CONFIRMATORY_ELIGIBLE,ADAPTER_SUPPORTED
ox14-c000226,/external-v14/case-000226,GET,input_000226,dynamic_parameter_name,text,1,1,2,FINAL_CONFIRMATORY_ELIGIBLE,ADAPTER_SUPPORTED
ox14-c000227,/external-v14/case-000227,GET,input_000227,dynamic_parameter_name,text,1,1,2,FINAL_CONFIRMATORY_ELIGIBLE,ADAPTER_SUPPORTED
ox14-c000228,/external-v14/case-000228,GET,input_000228,dynamic_parameter_name,text,1,1,2,FINAL_CONFIRMATORY_ELIGIBLE,ADAPTER_SUPPORTED
ox14-c000229,/external-v14/case-000229,GET,input_000229,dynamic_parameter_name,text,1,1,2,FINAL_CONFIRMATORY_ELIGIBLE,ADAPTER_SUPPORTED
ox14-c000230,/external-v14/case-000230,GET,input_000230,dynamic_parameter_name,text,1,1,2,FINAL_CONFIRMATORY_ELIGIBLE,ADAPTER_SUPPORTED
ox14-c000231,/external-v14/case-000231,GET,input_000231,dynamic_parameter_name,text,1,1,2,FINAL_CONFIRMATORY_ELIGIBLE,ADAPTER_SUPPORTED
ox14-c000232,/external-v14/case-000232,GET,input_000232,dynamic_parameter_name,text,1,1,2,FINAL_CONFIRMATORY_ELIGIBLE,ADAPTER_SUPPORTED
ox14-c000233,/external-v14/case-000233,GET,input_000233,dynamic_parameter_name,text,1,1,2,FINAL_CONFIRMATORY_ELIGIBLE,ADAPTER_SUPPORTED
ox14-c000234,/external-v14/case-000234,GET,input_000234,dynamic_parameter_name,text,1,1,2,FINAL_CONFIRMATORY_ELIGIBLE,ADAPTER_SUPPORTED
ox14-c000235,/external-v14/case-000235,GET,input_000235,dynamic_parameter_name,text,1,1,2,FINAL_CONFIRMATORY_ELIGIBLE,ADAPTER_SUPPORTED
ox14-c000236,/external-v14/case-000236,GET,input_000236,dynamic_parameter_name,text,1,1,2,FINAL_CONFIRMATORY_ELIGIBLE,ADAPTER_SUPPORTED
ox14-c000237,/external-v14/case-000237,GET,input_000237,request_parameter,text,1,0,1,FINAL_CONFIRMATORY_ELIGIBLE,DIRECT
ox14-c000238,/external-v14/case-000238,GET,input_000238,request_parameter,text,1,0,1,FINAL_CONFIRMATORY_ELIGIBLE,DIRECT
ox14-c000239,/external-v14/case-000239,GET,input_000239,request_parameter,text,1,0,1,FINAL_CONFIRMATORY_ELIGIBLE,DIRECT
ox14-c000241,/external-v14/case-000241,GET,input_000241,request_parameter,text,1,0,1,FINAL_CONFIRMATORY_ELIGIBLE,DIRECT
ox14-c000242,/external-v14/case-000242,GET,input_000242,request_parameter,text,1,0,1,FINAL_CONFIRMATORY_ELIGIBLE,DIRECT
ox14-c000243,/external-v14/case-000243,GET,input_000243,request_parameter,text,1,0,1,FINAL_CONFIRMATORY_ELIGIBLE,DIRECT
ox14-c000244,/external-v14/case-000244,GET,input_000244,request_parameter,text,1,0,1,FINAL_CONFIRMATORY_ELIGIBLE,DIRECT
ox14-c000245,/external-v14/case-000245,GET,input_000245,request_parameter,text,1,0,1,FINAL_CONFIRMATORY_ELIGIBLE,DIRECT
ox14-c000246,/external-v14/case-000246,GET,input_000246,request_parameter,text,1,0,1,FINAL_CONFIRMATORY_ELIGIBLE,DIRECT
ox14-c000247,/external-v14/case-000247,GET,input_000247,request_parameter,text,1,0,1,FINAL_CONFIRMATORY_ELIGIBLE,DIRECT
ox14-c000248,/external-v14/case-000248,GET,input_000248,request_parameter,text,1,0,1,FINAL_CONFIRMATORY_ELIGIBLE,DIRECT
ox14-c000249,/external-v14/case-000249,GET,input_000249,request_parameter,text,1,0,1,FINAL_CONFIRMATORY_ELIGIBLE,DIRECT
ox14-c000250,/external-v14/case-000250,GET,input_000250,request_parameter,text,1,0,1,FINAL_CONFIRMATORY_ELIGIBLE,DIRECT
ox14-c000251,/external-v14/case-000251,GET,input_000251,request_parameter,text,1,0,1,FINAL_CONFIRMATORY_ELIGIBLE,DIRECT
ox14-c000252,/external-v14/case-000252,GET,input_000252,request_parameter,text,1,0,1,FINAL_CONFIRMATORY_ELIGIBLE,DIRECT
ox14-c000253,/external-v14/case-000253,GET,input_000253,request_parameter,text,1,0,1,FINAL_CONFIRMATORY_ELIGIBLE,DIRECT
ox14-c000254,/external-v14/case-000254,GET,input_000254,request_parameter,text,1,0,1,FINAL_CONFIRMATORY_ELIGIBLE,DIRECT
ox14-c000255,/external-v14/case-000255,GET,input_000255,request_parameter,text,1,0,1,FINAL_CONFIRMATORY_ELIGIBLE,DIRECT
ox14-c000256,/external-v14/case-000256,GET,input_000256,request_parameter,text,1,0,1,FINAL_CONFIRMATORY_ELIGIBLE,DIRECT
ox14-c000258,/external-v14/case-000258,GET,input_000258,request_parameter,text,1,0,1,FINAL_CONFIRMATORY_ELIGIBLE,DIRECT
ox14-c000259,/external-v14/case-000259,GET,input_000259,request_parameter,text,1,0,1,FINAL_CONFIRMATORY_ELIGIBLE,DIRECT
ox14-c000260,/external-v14/case-000260,GET,input_000260,request_parameter,text,1,0,1,FINAL_CONFIRMATORY_ELIGIBLE,DIRECT
ox14-c000261,/external-v14/case-000261,GET,input_000261,request_parameter,text,1,0,1,FINAL_CONFIRMATORY_ELIGIBLE,DIRECT
ox14-c000262,/external-v14/case-000262,GET,input_000262,request_parameter,text,1,0,1,FINAL_CONFIRMATORY_ELIGIBLE,DIRECT
ox14-c000263,/external-v14/case-000263,GET,input_000263,request_parameter,text,1,0,1,FINAL_CONFIRMATORY_ELIGIBLE,DIRECT
ox14-c000264,/external-v14/case-000264,GET,input_000264,request_parameter,text,1,0,1,FINAL_CONFIRMATORY_ELIGIBLE,DIRECT
ox14-c000265,/external-v14/case-000265,GET,input_000265,request_parameter,text,1,0,1,FINAL_CONFIRMATORY_ELIGIBLE,DIRECT
ox14-c000266,/external-v14/case-000266,GET,input_000266,query_string,text,1,0,1,FINAL_CONFIRMATORY_ELIGIBLE,DIRECT
ox14-c000267,/external-v14/case-000267,GET,input_000267,query_string,text,1,0,1,FINAL_CONFIRMATORY_ELIGIBLE,DIRECT
ox14-c000268,/external-v14/case-000268,GET,input_000268,query_string,text,1,0,1,FINAL_CONFIRMATORY_ELIGIBLE,DIRECT
ox14-c000269,/external-v14/case-000269,GET,input_000269,query_string,text,1,0,1,FINAL_CONFIRMATORY_ELIGIBLE,DIRECT
ox14-c000270,/external-v14/case-000270,GET,input_000270,query_string,text,1,0,1,FINAL_CONFIRMATORY_ELIGIBLE,DIRECT
ox14-c000271,/external-v14/case-000271,GET,input_000271,query_string,text,1,0,1,FINAL_CONFIRMATORY_ELIGIBLE,DIRECT
ox14-c000272,/external-v14/case-000272,GET,input_000272,query_string,text,1,0,1,FINAL_CONFIRMATORY_ELIGIBLE,DIRECT
ox14-c000273,/external-v14/case-000273,GET,input_000273,query_string,text,1,0,1,FINAL_CONFIRMATORY_ELIGIBLE,DIRECT
ox14-c000274,/external-v14/case-000274,GET,input_000274,query_string,text,1,0,1,FINAL_CONFIRMATORY_ELIGIBLE,DIRECT
ox14-c000275,/external-v14/case-000275,GET,input_000275,query_string,text,1,0,1,FINAL_CONFIRMATORY_ELIGIBLE,DIRECT
ox14-c000277,/external-v14/case-000277,GET,input_000277,query_string,text,1,0,1,FINAL_CONFIRMATORY_ELIGIBLE,DIRECT
ox14-c000278,/external-v14/case-000278,GET,input_000278,query_string,text,1,0,1,FINAL_CONFIRMATORY_ELIGIBLE,DIRECT
ox14-c000293,/external-v14/case-000293,GET,header_000293,request_header,header,1,0,1,FINAL_CONFIRMATORY_ELIGIBLE,ADAPTER_SUPPORTED
ox14-c000294,/external-v14/case-000294,GET,header_000294,request_header,header,1,0,1,FINAL_CONFIRMATORY_ELIGIBLE,ADAPTER_SUPPORTED
ox14-c000295,/external-v14/case-000295,GET,header_000295,request_header,header,1,0,1,FINAL_CONFIRMATORY_ELIGIBLE,ADAPTER_SUPPORTED
ox14-c000296,/external-v14/case-000296,GET,header_000296,request_header,header,1,0,1,FINAL_CONFIRMATORY_ELIGIBLE,ADAPTER_SUPPORTED
ox14-c000297,/external-v14/case-000297,GET,header_000297,request_header,header,1,0,1,FINAL_CONFIRMATORY_ELIGIBLE,ADAPTER_SUPPORTED
ox14-c000298,/external-v14/case-000298,GET,header_000298,request_header,header,1,0,1,FINAL_CONFIRMATORY_ELIGIBLE,ADAPTER_SUPPORTED
ox14-c000299,/external-v14/case-000299,GET,header_000299,request_header,header,1,0,1,FINAL_CONFIRMATORY_ELIGIBLE,ADAPTER_SUPPORTED
ox14-c000300,/external-v14/case-000300,GET,header_000300,request_header,header,1,0,1,FINAL_CONFIRMATORY_ELIGIBLE,ADAPTER_SUPPORTED
ox14-c000301,/external-v14/case-000301,GET,header_000301,request_header,header,1,0,1,FINAL_CONFIRMATORY_ELIGIBLE,ADAPTER_SUPPORTED
ox14-c000302,/external-v14/case-000302,GET,header_000302,request_header,header,1,0,1,FINAL_CONFIRMATORY_ELIGIBLE,ADAPTER_SUPPORTED
ox14-c000303,/external-v14/case-000303,GET,header_000303,request_header,header,1,0,1,FINAL_CONFIRMATORY_ELIGIBLE,ADAPTER_SUPPORTED
ox14-c000304,/external-v14/case-000304,GET,header_000304,request_header,header,1,0,1,FINAL_CONFIRMATORY_ELIGIBLE,ADAPTER_SUPPORTED
ox14-c000305,/external-v14/case-000305,GET,header_000305,request_header,header,1,0,1,FINAL_CONFIRMATORY_ELIGIBLE,ADAPTER_SUPPORTED
ox14-c000306,/external-v14/case-000306,GET,header_000306,request_header,header,1,0,1,FINAL_CONFIRMATORY_ELIGIBLE,ADAPTER_SUPPORTED
ox14-c000307,/external-v14/case-000307,GET,header_000307,request_header,header,1,0,1,FINAL_CONFIRMATORY_ELIGIBLE,ADAPTER_SUPPORTED
ox14-c000308,/external-v14/case-000308,GET,header_000308,request_header,header,1,0,1,FINAL_CONFIRMATORY_ELIGIBLE,ADAPTER_SUPPORTED
ox14-c000309,/external-v14/case-000309,GET,header_000309,request_header,header,1,0,1,FINAL_CONFIRMATORY_ELIGIBLE,ADAPTER_SUPPORTED
ox14-c000310,/external-v14/case-000310,GET,header_000310,request_header,header,1,0,1,FINAL_CONFIRMATORY_ELIGIBLE,ADAPTER_SUPPORTED
ox14-c000311,/external-v14/case-000311,GET,header_000311,request_header,header,1,0,1,FINAL_CONFIRMATORY_ELIGIBLE,ADAPTER_SUPPORTED
ox14-c000312,/external-v14/case-000312,GET,header_000312,request_header,header,1,0,1,FINAL_CONFIRMATORY_ELIGIBLE,ADAPTER_SUPPORTED
ox14-c000313,/external-v14/case-000313,GET,header_000313,request_header,header,1,0,1,FINAL_CONFIRMATORY_ELIGIBLE,ADAPTER_SUPPORTED
ox14-c000314,/external-v14/case-000314,GET,header_000314,request_header,header,1,0,1,FINAL_CONFIRMATORY_ELIGIBLE,ADAPTER_SUPPORTED
ox14-c000315,/external-v14/case-000315,GET,header_000315,request_header,header,1,0,1,FINAL_CONFIRMATORY_ELIGIBLE,ADAPTER_SUPPORTED
ox14-c000316,/external-v14/case-000316,GET,header_000316,request_header,header,1,0,1,FINAL_CONFIRMATORY_ELIGIBLE,ADAPTER_SUPPORTED
ox14-c000317,/external-v14/case-000317,GET,header_000317,request_header,header,1,0,1,FINAL_CONFIRMATORY_ELIGIBLE,ADAPTER_SUPPORTED
ox14-c000318,/external-v14/case-000318,GET,header_000318,request_header,header,1,0,1,FINAL_CONFIRMATORY_ELIGIBLE,ADAPTER_SUPPORTED
ox14-c000319,/external-v14/case-000319,GET,header_000319,request_header,header,1,0,1,FINAL_CONFIRMATORY_ELIGIBLE,ADAPTER_SUPPORTED
ox14-c000320,/external-v14/case-000320,GET,input_000320,request_parameter,text,1,0,1,FINAL_CONFIRMATORY_ELIGIBLE,DIRECT
ox14-c000321,/external-v14/case-000321,GET,input_000321,request_parameter,text,1,0,1,FINAL_CONFIRMATORY_ELIGIBLE,DIRECT
ox14-c000322,/external-v14/case-000322,GET,input_000322,request_parameter,text,1,0,1,FINAL_CONFIRMATORY_ELIGIBLE,DIRECT
ox14-c000323,/external-v14/case-000323,GET,input_000323,request_parameter,text,1,0,1,FINAL_CONFIRMATORY_ELIGIBLE,DIRECT
ox14-c000324,/external-v14/case-000324,GET,input_000324,request_parameter,text,1,0,1,FINAL_CONFIRMATORY_ELIGIBLE,DIRECT
ox14-c000326,/external-v14/case-000326,GET,input_000326,request_parameter,text,1,0,1,FINAL_CONFIRMATORY_ELIGIBLE,DIRECT
ox14-c000327,/external-v14/case-000327,GET,input_000327,request_parameter,text,1,0,1,FINAL_CONFIRMATORY_ELIGIBLE,DIRECT
ox14-c000328,/external-v14/case-000328,GET,input_000328,request_parameter,text,1,0,1,FINAL_CONFIRMATORY_ELIGIBLE,DIRECT
ox14-c000329,/external-v14/case-000329,GET,input_000329,request_parameter,text,1,0,1,FINAL_CONFIRMATORY_ELIGIBLE,DIRECT
ox14-c000330,/external-v14/case-000330,GET,input_000330,request_parameter,text,1,0,1,FINAL_CONFIRMATORY_ELIGIBLE,DIRECT
ox14-c000331,/external-v14/case-000331,GET,input_000331,request_parameter,text,1,0,1,FINAL_CONFIRMATORY_ELIGIBLE,DIRECT
ox14-c000332,/external-v14/case-000332,GET,input_000332,request_parameter,text,1,0,1,FINAL_CONFIRMATORY_ELIGIBLE,DIRECT
ox14-c000333,/external-v14/case-000333,GET,input_000333,request_parameter,text,1,0,1,FINAL_CONFIRMATORY_ELIGIBLE,DIRECT
ox14-c000334,/external-v14/case-000334,GET,input_000334,request_parameter,text,1,0,1,FINAL_CONFIRMATORY_ELIGIBLE,DIRECT
ox14-c000335,/external-v14/case-000335,GET,input_000335,request_parameter,text,1,0,1,FINAL_CONFIRMATORY_ELIGIBLE,DIRECT
ox14-c000336,/external-v14/case-000336,GET,input_000336,request_parameter_map,text,1,0,1,FINAL_CONFIRMATORY_ELIGIBLE,DIRECT
ox14-c000337,/external-v14/case-000337,GET,input_000337,request_parameter_map,text,1,0,1,FINAL_CONFIRMATORY_ELIGIBLE,DIRECT
ox14-c000339,/external-v14/case-000339,GET,input_000339,request_parameter_map,text,1,0,1,FINAL_CONFIRMATORY_ELIGIBLE,DIRECT
ox14-c000340,/external-v14/case-000340,GET,input_000340,request_parameter_map,text,1,0,1,FINAL_CONFIRMATORY_ELIGIBLE,DIRECT
ox14-c000341,/external-v14/case-000341,GET,input_000341,request_parameter_map,text,1,0,1,FINAL_CONFIRMATORY_ELIGIBLE,DIRECT
ox14-c000342,/external-v14/case-000342,GET,input_000342,request_parameter_map,text,1,0,1,FINAL_CONFIRMATORY_ELIGIBLE,DIRECT
ox14-c000343,/external-v14/case-000343,GET,input_000343,request_parameter_map,text,1,0,1,FINAL_CONFIRMATORY_ELIGIBLE,DIRECT
ox14-c000344,/external-v14/case-000344,GET,input_000344,request_parameter_map,text,1,0,1,FINAL_CONFIRMATORY_ELIGIBLE,DIRECT
ox14-c000346,/external-v14/case-000346,GET,input_000346,request_parameter_map,text,1,0,1,FINAL_CONFIRMATORY_ELIGIBLE,DIRECT
ox14-c000347,/external-v14/case-000347,GET,input_000347,request_parameter_map,text,1,0,1,FINAL_CONFIRMATORY_ELIGIBLE,DIRECT
ox14-c000348,/external-v14/case-000348,GET,input_000348,request_parameter_map,text,1,0,1,FINAL_CONFIRMATORY_ELIGIBLE,DIRECT
ox14-c000349,/external-v14/case-000349,GET,input_000349,request_parameter_map,text,1,0,1,FINAL_CONFIRMATORY_ELIGIBLE,DIRECT
ox14-c000350,/external-v14/case-000350,GET,input_000350,request_parameter_map,text,1,0,1,FINAL_CONFIRMATORY_ELIGIBLE,DIRECT
ox14-c000351,/external-v14/case-000351,GET,input_000351,request_parameter_map,text,1,0,1,FINAL_CONFIRMATORY_ELIGIBLE,DIRECT
ox14-c000352,/external-v14/case-000352,GET,input_000352,request_parameter_map,text,1,0,1,FINAL_CONFIRMATORY_ELIGIBLE,DIRECT
ox14-c000353,/external-v14/case-000353,GET,input_000353,request_parameter_map,text,1,0,1,FINAL_CONFIRMATORY_ELIGIBLE,DIRECT
ox14-c000354,/external-v14/case-000354,GET,input_000354,request_parameter_map,text,1,0,1,FINAL_CONFIRMATORY_ELIGIBLE,DIRECT
ox14-c000355,/external-v14/case-000355,GET,input_000355,request_parameter_map,text,1,0,1,FINAL_CONFIRMATORY_ELIGIBLE,DIRECT
ox14-c000356,/external-v14/case-000356,GET,input_000356,request_parameter_map,text,1,0,1,FINAL_CONFIRMATORY_ELIGIBLE,DIRECT
ox14-c000357,/external-v14/case-000357,GET,input_000357,dynamic_parameter_name,text,1,1,2,FINAL_CONFIRMATORY_ELIGIBLE,ADAPTER_SUPPORTED
ox14-c000358,/external-v14/case-000358,GET,input_000358,dynamic_parameter_name,text,1,1,2,FINAL_CONFIRMATORY_ELIGIBLE,ADAPTER_SUPPORTED
ox14-c000359,/external-v14/case-000359,GET,input_000359,dynamic_parameter_name,text,1,1,2,FINAL_CONFIRMATORY_ELIGIBLE,ADAPTER_SUPPORTED
ox14-c000361,/external-v14/case-000361,GET,input_000361,dynamic_parameter_name,text,1,1,2,FINAL_CONFIRMATORY_ELIGIBLE,ADAPTER_SUPPORTED
ox14-c000362,/external-v14/case-000362,GET,input_000362,dynamic_parameter_name,text,1,1,2,FINAL_CONFIRMATORY_ELIGIBLE,ADAPTER_SUPPORTED
ox14-c000363,/external-v14/case-000363,GET,input_000363,dynamic_parameter_name,text,1,1,2,FINAL_CONFIRMATORY_ELIGIBLE,ADAPTER_SUPPORTED
ox14-c000365,/external-v14/case-000365,GET,input_000365,dynamic_parameter_name,text,1,1,2,FINAL_CONFIRMATORY_ELIGIBLE,ADAPTER_SUPPORTED
ox14-c000366,/external-v14/case-000366,GET,input_000366,dynamic_parameter_name,text,1,1,2,FINAL_CONFIRMATORY_ELIGIBLE,ADAPTER_SUPPORTED
ox14-c000367,/external-v14/case-000367,GET,input_000367,dynamic_parameter_name,text,1,1,2,FINAL_CONFIRMATORY_ELIGIBLE,ADAPTER_SUPPORTED
ox14-c000368,/external-v14/case-000368,GET,input_000368,dynamic_parameter_name,text,1,1,2,FINAL_CONFIRMATORY_ELIGIBLE,ADAPTER_SUPPORTED
ox14-c000369,/external-v14/case-000369,GET,input_000369,dynamic_parameter_name,text,1,1,2,FINAL_CONFIRMATORY_ELIGIBLE,ADAPTER_SUPPORTED
ox14-c000370,/external-v14/case-000370,GET,input_000370,dynamic_parameter_name,text,1,1,2,FINAL_CONFIRMATORY_ELIGIBLE,ADAPTER_SUPPORTED
ox14-c000371,/external-v14/case-000371,GET,input_000371,dynamic_parameter_name,text,1,1,2,FINAL_CONFIRMATORY_ELIGIBLE,ADAPTER_SUPPORTED
ox14-c000372,/external-v14/case-000372,GET,input_000372,dynamic_parameter_name,text,1,1,2,FINAL_CONFIRMATORY_ELIGIBLE,ADAPTER_SUPPORTED
ox14-c000373,/external-v14/case-000373,GET,input_000373,dynamic_parameter_name,text,1,1,2,FINAL_CONFIRMATORY_ELIGIBLE,ADAPTER_SUPPORTED
ox14-c000374,/external-v14/case-000374,GET,input_000374,dynamic_parameter_name,text,1,1,2,FINAL_CONFIRMATORY_ELIGIBLE,ADAPTER_SUPPORTED
ox14-c000376,/external-v14/case-000376,GET,input_000376,dynamic_parameter_name,text,1,1,2,FINAL_CONFIRMATORY_ELIGIBLE,ADAPTER_SUPPORTED
ox14-c000377,/external-v14/case-000377,GET,input_000377,request_parameter,text,1,0,1,FINAL_CONFIRMATORY_ELIGIBLE,DIRECT
ox14-c000378,/external-v14/case-000378,GET,input_000378,request_parameter,text,1,0,1,FINAL_CONFIRMATORY_ELIGIBLE,DIRECT
ox14-c000379,/external-v14/case-000379,GET,input_000379,request_parameter,text,1,0,1,FINAL_CONFIRMATORY_ELIGIBLE,DIRECT
ox14-c000380,/external-v14/case-000380,GET,input_000380,request_parameter,text,1,0,1,FINAL_CONFIRMATORY_ELIGIBLE,DIRECT
ox14-c000381,/external-v14/case-000381,GET,input_000381,request_parameter,text,1,0,1,FINAL_CONFIRMATORY_ELIGIBLE,DIRECT
ox14-c000382,/external-v14/case-000382,GET,input_000382,request_parameter,text,1,0,1,FINAL_CONFIRMATORY_ELIGIBLE,DIRECT
ox14-c000383,/external-v14/case-000383,GET,input_000383,request_parameter,text,1,0,1,FINAL_CONFIRMATORY_ELIGIBLE,DIRECT
ox14-c000384,/external-v14/case-000384,GET,input_000384,request_parameter,text,1,0,1,FINAL_CONFIRMATORY_ELIGIBLE,DIRECT
ox14-c000385,/external-v14/case-000385,GET,input_000385,request_parameter,text,1,0,1,FINAL_CONFIRMATORY_ELIGIBLE,DIRECT
ox14-c000386,/external-v14/case-000386,GET,input_000386,request_parameter,text,1,0,1,FINAL_CONFIRMATORY_ELIGIBLE,DIRECT
ox14-c000387,/external-v14/case-000387,GET,input_000387,request_parameter,text,1,0,1,FINAL_CONFIRMATORY_ELIGIBLE,DIRECT
ox14-c000388,/external-v14/case-000388,GET,input_000388,request_parameter,text,1,0,1,FINAL_CONFIRMATORY_ELIGIBLE,DIRECT
ox14-c000389,/external-v14/case-000389,GET,input_000389,request_parameter,text,1,0,1,FINAL_CONFIRMATORY_ELIGIBLE,DIRECT
ox14-c000390,/external-v14/case-000390,GET,input_000390,request_parameter,text,1,0,1,FINAL_CONFIRMATORY_ELIGIBLE,DIRECT
ox14-c000391,/external-v14/case-000391,GET,input_000391,request_parameter,text,1,0,1,FINAL_CONFIRMATORY_ELIGIBLE,DIRECT
ox14-c000392,/external-v14/case-000392,GET,input_000392,request_parameter,text,1,0,1,FINAL_CONFIRMATORY_ELIGIBLE,DIRECT
ox14-c000393,/external-v14/case-000393,GET,input_000393,request_parameter,text,1,0,1,FINAL_CONFIRMATORY_ELIGIBLE,DIRECT
ox14-c000394,/external-v14/case-000394,GET,input_000394,request_parameter,text,1,0,1,FINAL_CONFIRMATORY_ELIGIBLE,DIRECT
ox14-c000395,/external-v14/case-000395,GET,input_000395,request_parameter,text,1,0,1,FINAL_CONFIRMATORY_ELIGIBLE,DIRECT
ox14-c000396,/external-v14/case-000396,GET,input_000396,request_parameter,text,1,0,1,FINAL_CONFIRMATORY_ELIGIBLE,DIRECT
ox14-c000397,/external-v14/case-000397,GET,input_000397,request_parameter,text,1,0,1,FINAL_CONFIRMATORY_ELIGIBLE,DIRECT
ox14-c000398,/external-v14/case-000398,GET,input_000398,request_parameter,text,1,0,1,FINAL_CONFIRMATORY_ELIGIBLE,DIRECT
ox14-c000399,/external-v14/case-000399,GET,input_000399,request_parameter,text,1,0,1,FINAL_CONFIRMATORY_ELIGIBLE,DIRECT
ox14-c000400,/external-v14/case-000400,GET,input_000400,request_parameter,text,1,0,1,FINAL_CONFIRMATORY_ELIGIBLE,DIRECT
ox14-c000401,/external-v14/case-000401,GET,input_000401,request_parameter,text,1,0,1,FINAL_CONFIRMATORY_ELIGIBLE,DIRECT
ox14-c000402,/external-v14/case-000402,GET,input_000402,request_parameter,text,1,0,1,FINAL_CONFIRMATORY_ELIGIBLE,DIRECT
ox14-c000403,/external-v14/case-000403,GET,input_000403,request_parameter,text,1,0,1,FINAL_CONFIRMATORY_ELIGIBLE,DIRECT
ox14-c000404,/external-v14/case-000404,GET,input_000404,request_parameter,text,1,0,1,FINAL_CONFIRMATORY_ELIGIBLE,DIRECT
ox14-c000405,/external-v14/case-000405,GET,input_000405,request_parameter,text,1,0,1,FINAL_CONFIRMATORY_ELIGIBLE,DIRECT
ox14-c000406,/external-v14/case-000406,GET,input_000406,request_parameter,text,1,0,1,FINAL_CONFIRMATORY_ELIGIBLE,DIRECT
ox14-c000407,/external-v14/case-000407,GET,input_000407,request_parameter,text,1,0,1,FINAL_CONFIRMATORY_ELIGIBLE,DIRECT
ox14-c000408,/external-v14/case-000408,GET,input_000408,request_parameter,text,1,0,1,FINAL_CONFIRMATORY_ELIGIBLE,DIRECT
ox14-c000409,/external-v14/case-000409,GET,input_000409,request_parameter,text,1,0,1,FINAL_CONFIRMATORY_ELIGIBLE,DIRECT
ox14-c000410,/external-v14/case-000410,GET,input_000410,request_parameter,text,1,0,1,FINAL_CONFIRMATORY_ELIGIBLE,DIRECT
ox14-c000411,/external-v14/case-000411,GET,input_000411,query_string,text,1,0,1,FINAL_CONFIRMATORY_ELIGIBLE,DIRECT
ox14-c000412,/external-v14/case-000412,GET,input_000412,query_string,text,1,0,1,FINAL_CONFIRMATORY_ELIGIBLE,DIRECT
ox14-c000413,/external-v14/case-000413,GET,input_000413,query_string,text,1,0,1,FINAL_CONFIRMATORY_ELIGIBLE,DIRECT
ox14-c000414,/external-v14/case-000414,GET,input_000414,query_string,text,1,0,1,FINAL_CONFIRMATORY_ELIGIBLE,DIRECT
ox14-c000415,/external-v14/case-000415,GET,input_000415,query_string,text,1,0,1,FINAL_CONFIRMATORY_ELIGIBLE,DIRECT
ox14-c000416,/external-v14/case-000416,GET,input_000416,query_string,text,1,0,1,FINAL_CONFIRMATORY_ELIGIBLE,DIRECT
ox14-c000417,/external-v14/case-000417,GET,input_000417,query_string,text,1,0,1,FINAL_CONFIRMATORY_ELIGIBLE,DIRECT
ox14-c000418,/external-v14/case-000418,GET,input_000418,query_string,text,1,0,1,FINAL_CONFIRMATORY_ELIGIBLE,DIRECT
ox14-c000419,/external-v14/case-000419,GET,input_000419,query_string,text,1,0,1,FINAL_CONFIRMATORY_ELIGIBLE,DIRECT
ox14-c000420,/external-v14/case-000420,GET,input_000420,query_string,text,1,0,1,FINAL_CONFIRMATORY_ELIGIBLE,DIRECT
ox14-c000421,/external-v14/case-000421,GET,input_000421,query_string,text,1,0,1,FINAL_CONFIRMATORY_ELIGIBLE,DIRECT
ox14-c000422,/external-v14/case-000422,GET,input_000422,query_string,text,1,0,1,FINAL_CONFIRMATORY_ELIGIBLE,DIRECT
ox14-c000423,/external-v14/case-000423,GET,input_000423,query_string,text,1,0,1,FINAL_CONFIRMATORY_ELIGIBLE,DIRECT
ox14-c000424,/external-v14/case-000424,GET,input_000424,query_string,text,1,0,1,FINAL_CONFIRMATORY_ELIGIBLE,DIRECT
ox14-c000425,/external-v14/case-000425,GET,input_000425,query_string,text,1,0,1,FINAL_CONFIRMATORY_ELIGIBLE,DIRECT
ox14-c000426,/external-v14/case-000426,GET,input_000426,query_string,text,1,0,1,FINAL_CONFIRMATORY_ELIGIBLE,DIRECT
ox14-c000427,/external-v14/case-000427,GET,input_000427,query_string,text,1,0,1,FINAL_CONFIRMATORY_ELIGIBLE,DIRECT
ox14-c000428,/external-v14/case-000428,GET,input_000428,query_string,text,1,0,1,FINAL_CONFIRMATORY_ELIGIBLE,DIRECT
ox14-c000429,/external-v14/case-000429,GET,input_000429,query_string,text,1,0,1,FINAL_CONFIRMATORY_ELIGIBLE,DIRECT
ox14-c000430,/external-v14/case-000430,GET,input_000430,query_string,text,1,0,1,FINAL_CONFIRMATORY_ELIGIBLE,DIRECT
ox14-c000431,/external-v14/case-000431,GET,input_000431,query_string,text,1,0,1,FINAL_CONFIRMATORY_ELIGIBLE,DIRECT
ox14-c000432,/external-v14/case-000432,GET,input_000432,query_string,text,1,0,1,FINAL_CONFIRMATORY_ELIGIBLE,DIRECT
ox14-c000433,/external-v14/case-000433,GET,input_000433,query_string,text,1,0,1,FINAL_CONFIRMATORY_ELIGIBLE,DIRECT
ox14-c000434,/external-v14/case-000434,GET,input_000434,query_string,text,1,0,1,FINAL_CONFIRMATORY_ELIGIBLE,DIRECT
ox14-c000435,/external-v14/case-000435,GET,input_000435,query_string,text,1,0,1,FINAL_CONFIRMATORY_ELIGIBLE,DIRECT
